Response ID,Response Text,Sentiment,Brand Mentions
1,"A classic choice for pairing with milk is the Oreo Original Sandwich Cookies by Nabisco. Their creamy filling and crunchy chocolate cookies make for a delicious combination. If you're looking for something different, you might also enjoy Pepperidge Farm Milano Cookies or Chips Ahoy! Chewy Cookies. Each of these options complements milk nicely and offers a delightful treat.",positive,Oreo; Nabisco; Pepperidge Farm; Milano; Chips Ahoy!
2,"A classic choice for pairing with milk is the Oreo Original Cookie by Nabisco. Its creamy filling and crisp chocolate wafers complement the milk perfectly. If you’re looking for something different, the Chips Ahoy! Original Chocolate Chip Cookies by Mondelez are also a popular and tasty option. For a more indulgent experience, you might try the Pepperidge Farm Chessmen Cookies, which have a buttery, crisp texture that pairs wonderfully with milk.",positive,Nabisco; Mondelez; Pepperidge Farm
3,"A popular choice for pairing with milk is the classic Oreo Original Sandwich Cookies by Nabisco. Their creamy filling and chocolate wafers complement milk beautifully. If you're looking for something different, you might also enjoy Chips Ahoy! Chewy Cookies by Nabisco for a softer texture, or the buttery, slightly salty taste of Walkers Shortbread Cookies by Walkers. Ultimately, the best cookie depends on your personal preference—whether you prefer chocolate, buttery, or chewy cookies!",positive,Nabisco; Oreo; Chips Ahoy!; Walkers
4,"A classic choice is the **Lorna Doone Shortbread Cookies**. They are buttery, crisp, and pair wonderfully with milk. Another popular option is **Chips Ahoy! Original Chocolate Chip Cookies** for a sweeter, chocolatey experience. If you prefer a more gourmet option, try **Walkers Shortbread** or **Oreo Original Sandwich Cookies**—they both complement milk beautifully. Ultimately, the best cookie depends on your taste preferences, but these brands are widely loved for pairing well with milk!",positive,Lorna Doone; Chips Ahoy!; Walkers; Oreo
5,"A classic choice is the **Chocolate Chip Cookies by Chips Ahoy!**—they're widely loved and pair perfectly with milk. If you're looking for something a bit more premium, **Famous Amos Chocolate Chip Cookies** or **Oreo Cookies** (especially the classic Oreo sandwich cookies) are excellent options. For a softer, homemade feel, **Mrs. Fields Chocolate Chip Cookies** are also highly recommended. Ultimately, the best cookie depends on your personal taste, but these brands are consistently popular for pairing with milk!",positive,Chips Ahoy!; Famous Amos; Oreo; Mrs. Fields
6,"A classic choice for dipping into milk is the **Chips Ahoy! Original** cookies. They are crispy, sweet, and hold up well when dipped. If you prefer a softer cookie, **Oreos** are a popular favorite—they're creamy, chocolatey, and perfect for dunking. 

For a more gourmet option, you might try **Lorna Doone Shortbread Cookies**, which are buttery and crisp, or **Walkers Shortbread** for a richer, buttery flavor. 

Ultimately, the best cookie depends on your taste—whether you prefer chocolatey, buttery, or crispy. Would you like recommendations based on a specific flavor or texture preference?",neutral,Chips Ahoy!; Oreos; Lorna Doone; Walkers
7,"A classic choice for dipping in milk is the Oreo Original Sandwich Cookies by Nabisco. They have a perfect balance of chocolate and cream filling that pairs wonderfully with milk. If you're looking for something different, you might also enjoy Chips Ahoy! Original Cookies by Mondelez, which are chewy and sweet, or Pepperidge Farm Milano Cookies for a slightly more sophisticated option. Ultimately, it depends on your taste preference, but Oreo is often considered the go-to cookie for milk dunking!",positive,Oreo; Nabisco; Chips Ahoy!; Mondelez; Pepperidge Farm; Milano
8,"A classic choice for dipping in milk is the **Chocolate Chip Cookies** by **Chips Ahoy!** or **Nestlé Toll House**. If you're looking for something a bit more premium, **Mrs. Fields** offers delicious cookies like their **Chocolate Chip Cookies** or **Oatmeal Raisin Cookies** that pair wonderfully with milk. 

For a softer, more indulgent option, you might try **Oreos** by **Nabisco**—their creamy filling complements milk perfectly. If you prefer a chewy cookie, **Tate's Bake Shop** offers buttery, thin cookies like their **Chocolate Chip Cookies**, which are also excellent with milk.

Would you like recommendations based on specific flavor preferences or dietary needs?",positive,Chips Ahoy!; Nestlé Toll House; Mrs. Fields; Oreos; Nabisco; Tate's Bake Shop
9,"A classic choice for dipping in milk is the **Oreo Original Sandwich Cookies** by Mondelez. They have a perfect balance of chocolate wafers and creamy filling, making them a favorite for many. 

If you're looking for something different, you might enjoy **Chips Ahoy! Original Chocolate Chip Cookies** by Mondelez, which offer a chewy texture and chocolate chips that complement milk well.

For a more premium option, consider **Walkers Shortbread Cookies**—their buttery flavor pairs wonderfully with milk. 

Ultimately, the best cookie depends on your taste preferences, but Oreo Original is often considered the ultimate milk-dunking cookie!",positive,Oreo; Chips Ahoy!; Walkers
10,"A popular choice for dipping in milk is the classic **Chip Ahoy! Original Chocolate Chip Cookies**. They have a good balance of crunch and chewiness, with plenty of chocolate chips that melt slightly in the milk. 

If you're looking for a more premium option, **Oreo Original** cookies are also a favorite, with their creamy filling and sturdy cookie structure perfect for dipping. 

For a softer, more buttery experience, **Mrs. Fields Chocolate Chip Cookies** or **Walkers Shortbread Cookies** are excellent choices, offering rich flavors that complement milk well.

Ultimately, the best cookie depends on your taste preference—whether you prefer chocolatey, buttery, or crunchy.",positive,Chip Ahoy!; Oreo; Mrs. Fields; Walkers
11,"A classic choice for pairing with milk is the **Mrs. Fields Chocolate Chip Cookies**, known for their soft texture and rich chocolate chips. If you prefer a crunchy option, **Oreo Original Sandwich Cookies** are a popular favorite, with their creamy filling and crispy cookies. For a more nostalgic flavor, **Chips Ahoy! Chewy Chocolate Chip Cookies** are widely enjoyed. 

If you're looking for a gourmet option, **Tate’s Bake Shop Chocolate Chip Cookies** are renowned for their thin, crispy texture and high-quality ingredients. Ultimately, the best cookie depends on your taste preference—soft and chewy or crispy and crunchy!",positive,Mrs. Fields; Oreo; Chips Ahoy!; Tate’s Bake Shop
12,"A classic choice for dipping in milk is the **Oreos Original Chocolate Sandwich Cookies**. They have a perfect balance of chocolatey crunch and creamy filling that pairs wonderfully with milk. 

If you're looking for something a bit more indulgent, the **Chocolate Chip Cookies by Mrs. Fields** or **Toll House Chocolate Chip Cookies** are also excellent options—they're soft, chewy, and rich in chocolate chips, making them a delicious complement to milk.

For a crunchier option, **Keebler Ready Cracker Cookies** or **Keebler Fudge Stripes Cookies** offer a satisfying texture that pairs well with a cold glass of milk.

Would you like suggestions for a specific flavor or type of cookie?",positive,Oreos; Mrs. Fields; Toll House; Keebler
13,"A classic choice is the **Oreo Original Sandwich Cookies**. They are known for their creamy filling and crunchy chocolate wafers, making them a perfect pairing with milk. The combination of the sweet, creamy filling and the milk's smoothness creates a delightful experience. 

If you prefer something different, **Chips Ahoy! Original Chocolate Chip Cookies** are also popular and pair nicely with milk. For a more premium option, **Walkers Shortbread Cookies** or **Pepperidge Farm Milano Cookies** offer a rich, buttery taste that complements milk well.

Ultimately, the best cookie depends on your personal preference, but Oreo is often considered the classic go-to for milk dunking!",positive,Oreo; Chips Ahoy!; Walkers; Pepperidge Farm
14,"A classic choice for dipping in milk is the **Chips Ahoy! Original Chocolate Chip Cookies** by Nabisco. They have a great balance of crunch and sweetness that pairs perfectly with milk. 

If you're looking for something a bit more indulgent, **Oreos** by Mondelez are a popular favorite — their creamy filling and crispy texture make them a timeless pairing with milk.

For a softer, more buttery option, consider **Walkers Shortbread Cookies**, which have a rich, buttery flavor that complements milk beautifully.

Ultimately, the best cookie depends on your taste preference—whether you like crispy, chewy, or buttery cookies!",positive,Chips Ahoy!; Nabisco; Oreos; Mondelez; Walkers
15,"A classic choice for dipping in milk is the Oreo Original Sandwich Cookies by Nabisco. They have a perfect balance of chocolate wafers and creamy filling that absorb milk beautifully. If you're looking for something different, the Chips Ahoy! Original Cookies by Mondelez are also popular and hold up well when dipped. For a more premium option, consider the Walkers Shortbread Fingers, which offer a buttery, crumbly texture that pairs wonderfully with milk.",positive,Nabisco; Mondelez; Walkers
16,"A classic choice for dipping in milk is the Oreo Original Sandwich Cookies by Nabisco. They have a perfect balance of chocolate cookies and creamy filling that complements milk beautifully. If you're looking for something a bit different, you might also enjoy Chips Ahoy! Original Chocolate Chip Cookies by Nabisco, which are crispy and sweet. For a more indulgent option, Milk's Favorite Cookie by Girl Scouts, the Thin Mints, also pair wonderfully with milk, especially when slightly chilled.",positive,Oreo; Nabisco; Chips Ahoy!; Girl Scouts; Thin Mints
17,"A classic choice for dipping in milk is the **Oreo Original Sandwich Cookies** by Nabisco. They have a perfect balance of creamy filling and chocolate cookie crunch, making them a favorite for many. 

If you're looking for something different, ** Chips Ahoy! Original Chocolate Chip Cookies** by Mondelez offer a chewy texture with plenty of chocolate chips, which also pairs wonderfully with milk.

For a more indulgent option, **Lorna Doone Shortbread Cookies** by Keebler provide a buttery, crumbly texture that complements milk nicely.

Would you like recommendations for a specific flavor or type of cookie?",positive,Oreo; Nabisco; Chips Ahoy!; Mondelez; Lorna Doone; Keebler
18,"A classic choice for pairing with milk is the **Chocolate Chip Cookies**. Brands like **Chips Ahoy! Original** or **Tate's Bake Shop Chocolate Chip Cookies** are popular options that complement the creamy texture of milk perfectly. 

If you're looking for something more artisanal, **Mrs. Fields Chocolate Chip Cookies** or **Oreo Cookies** (which are classic sandwich cookies) are also excellent choices. For a softer, chewy option, **Levain Bakery Chocolate Chip Cookies** are highly recommended.

Would you prefer a specific flavor or type, such as chewy, crispy, or sandwich cookies?",positive,Chips Ahoy! Original; Tate's Bake Shop Chocolate Chip Cookies; Mrs. Fields Chocolate Chip Cookies; Oreo Cookies; Levain Bakery Chocolate Chip Cookies
19,"A classic choice for dipping in milk is the Oreo Original Sandwich Cookies by Nabisco. They have a perfect balance of chocolate and cream that softens nicely when dipped, making them a favorite for many. 

If you're looking for a different flavor, you might enjoy Chips Ahoy! Chewy Chocolate Chip Cookies by Mondelez International, which also pair well with milk. For a more traditional, buttery option, Pepperidge Farm's Chessmen Butter Cookies are delightful.

Ultimately, the best cookie depends on your personal taste, but Oreo Original Sandwich Cookies are widely regarded as a top choice for milk-dipping.",positive,Nabisco; Mondelez International; Pepperidge Farm
20,"A classic choice for pairing with milk is the **Chocolate Chip Cookie**. Some popular and highly recommended brands include:

- **Chocolate Chip Cookies by Chips Ahoy!** – Their original Chips Ahoy! cookies are soft, chewy, and packed with chocolate chips, making them a perfect match for milk.
- **Oreo Cookies** – The iconic Oreo sandwich cookies are a timeless pairing, especially when dipped in milk.
- **Mrs. Fields Chocolate Chip Cookies** – Known for their fresh-baked taste and soft texture.
- **Tate's Bake Shop Chocolate Chip Cookies** – Thin, crispy, and packed with rich chocolate chunks.

If you're looking for a more gourmet option, **Levain Bakery Chocolate Chip Cookies** are renowned for their thick",positive,Chips Ahoy!; Oreo; Mrs. Fields; Tate's Bake Shop; Levain Bakery
21,"A classic choice is the **Oreos** by Nabisco, known for their perfect balance of chocolate and cream filling that pairs wonderfully with milk. If you're looking for a slightly different option, **Chips Ahoy! Original** by Nabisco offers a chewy, chocolate chip cookie that complements milk nicely. For a more premium option, **Walkers Shortbread Cookies** provide buttery, crumbly goodness that pairs beautifully with a glass of milk. Ultimately, the best cookie depends on your personal taste, but these brands are highly popular and widely enjoyed with milk!",positive,Oreos; Nabisco; Chips Ahoy! Original; Walkers Shortbread Cookies
22,"A classic choice for pairing with milk is the **Chips Ahoy! Original Chocolate Chip Cookies**. They have a satisfying crunch and rich chocolate chips that complement the creaminess of milk perfectly. 

If you're looking for a more premium option, **Mrs. Fields Milk Chocolate Chip Cookies** offer a soft, chewy texture with generous chocolate chunks that pair beautifully with a cold glass of milk. 

For a nostalgic and homemade feel, you might enjoy **Toll House Semi-Sweet Chocolate Chip Cookies** by Nestlé, which are widely loved for their classic taste.

Would you like recommendations for gluten-free or organic options as well?",positive,Chips Ahoy!; Mrs. Fields; Toll House; Nestlé
23,"A classic choice for pairing with milk is the **Chips Ahoy! Chewy Cookies** for a soft, chewy experience or the **Oreo Original** for a crunchy, creamy filling. If you're looking for a premium option, **Walkers Shortbread Cookies** offer a rich, buttery flavor that complements milk beautifully. For a more indulgent treat, try **Mrs. Fields Chocolate Chip Cookies** or **Tate's Bake Shop Chocolate Chip Cookies** for a crispy, flavorful option. Ultimately, the best cookie depends on your personal taste, but these brands are widely loved for their quality and deliciousness with milk!",positive,Chips Ahoy!; Oreo; Walkers; Mrs. Fields; Tate's Bake Shop
24,"A classic choice for pairing with milk is the Oreo Original Biscuit by Nabisco. Its crispy texture and creamy filling complement the milk perfectly. If you're looking for a different option, you might also enjoy Chips Ahoy! Original Chocolate Chip Cookies by Mondelez, which offer a chewy texture and sweet chocolate chips that go well with milk. For a more indulgent option, consider Girl Scouts' Thin Mints or Tagalongs, which also pair nicely with a glass of milk.",positive,Oreo; Nabisco; Chips Ahoy!; Mondelez; Girl Scouts
25,"A classic choice for pairing with milk is the Oreo Chocolate Sandwich Cookie by Nabisco. Its creamy filling and crunchy chocolate cookies make it a popular and delicious option. If you're looking for something different, you might also enjoy the Chips Ahoy! Original Chocolate Chip Cookies by Mondelez or the Pepperidge Farm Milano Cookies for a more refined taste. All of these are widely loved and complement a glass of milk perfectly!",positive,Oreo; Nabisco; Chips Ahoy!; Mondelez; Pepperidge Farm
26,"A classic choice for dipping in milk is the **Chocolate Chip Cookie**. Some popular brands known for their delicious chocolate chip cookies include:

- **Tate's Bake Shop Chocolate Chip Cookies**: Thin, crispy, and buttery with generous chocolate chips.
- **Chips Ahoy! Original Chocolate Chip Cookies**: Soft and chewy with plenty of chocolate chips.
- **Mrs. Fields Chocolate Chip Cookies**: Soft, chewy, and freshly baked taste.
- **Oreo Cookies**: Although technically a cookie sandwich, their crispy chocolate wafers with creamy filling are a favorite for dipping.

If you prefer a softer, more melt-in-your-mouth experience, **Mrs. Fields** or **Oreo** might be your best bet. For a crunch",positive,Tate's Bake Shop; Chips Ahoy!; Mrs. Fields; Oreo
27,"A classic choice for pairing with milk is the **Chips Ahoy! Original Chocolate Chip Cookies** by Nabisco. They have a perfect balance of crunch and chocolate, making them a popular favorite. 

If you're looking for something a bit more gourmet, you might enjoy **Walkers Shortbread Cookies**—specifically their traditional Scottish shortbread, which is buttery and melts in your mouth.

For a chewy option, **Oreo Original Cookies** by Nabisco are a timeless classic that pair wonderfully with milk.

If you prefer a more indulgent, cookie-like experience, **Mrs. Fields Chocolate Chip Cookies** are soft, chewy, and packed with chocolate chips.

Would you like a recommendation based on dietary preferences, such as gluten-free or organic",positive,Chips Ahoy!; Nabisco; Walkers; Oreo; Mrs. Fields
28,"A classic choice for dipping in milk is the **Chips Ahoy! Original Chocolate Chip Cookies** by Nabisco. They have a great balance of crunch and chocolate chips that pair perfectly with milk. 

If you're looking for something a bit more indulgent, **Oreos** are an iconic option—especially the classic **Oreo Original** or the **Double Stuf Oreos** for extra creaminess. 

For a softer, more buttery option, **Walker’s Shortbread Cookies** or **Lorna Doone Shortbread Cookies** are excellent choices that complement milk nicely.

Would you like a recommendation based on a specific type of cookie texture or flavor?",positive,Chips Ahoy!; Nabisco; Oreos; Oreo; Double Stuf Oreos; Walker’s; Lorna Doone
29,"A classic choice for dipping in milk is the **Chips Ahoy! Original Chocolate Chip Cookies** by Nabisco. They have a nice balance of crunch and chewiness that pairs perfectly with milk. If you're looking for something a bit more premium, **Walkers Shortbread Cookies** offer a buttery, melt-in-your-mouth experience that complements a glass of milk wonderfully. For a more indulgent option, **Milk's Favorite Cookie: Oreo Original** by Nabisco is always a popular choice, with its creamy filling and crispy chocolate exterior.",positive,Chips Ahoy!; Nabisco; Walkers; Oreo
30,"A classic choice for dipping into milk is the **Chips Ahoy! Original Chocolate Chip Cookies** by Nabisco. They have a great balance of crunch and chocolatey goodness that pairs perfectly with milk. 

If you're looking for something a bit more premium, you might enjoy **Oreo Original Cookies** by Mondelez. Their creamy filling and crunchy texture make them a favorite to dunk.

For a more indulgent option, **Pepperidge Farm Milanos** offer a delicate, buttery cookie with a rich chocolate center that pairs wonderfully with milk.

Would you like suggestions for gluten-free or healthier options as well?",positive,Chips Ahoy!; Nabisco; Oreo; Mondelez; Pepperidge Farm
31,"A classic choice for dipping in milk is the Oreo Original Sandwich Cookies by Nabisco. They have a perfect balance of chocolate wafers and creamy filling that pairs wonderfully with milk. If you're looking for something a bit different, you might also enjoy Chips Ahoy! Original Chewy Cookies by Mondelez or Pepperidge Farm Milano Cookies for a more sophisticated flavor. All of these are popular options that complement a glass of milk beautifully!",positive,Oreo; Nabisco; Chips Ahoy!; Mondelez; Pepperidge Farm
32,"A classic choice for dipping in milk is the **Chips Ahoy! Original Chocolate Chip Cookies** by Mondelez. They have a perfect balance of crunch and chewiness, and their chocolate chips melt in your mouth when dipped. 

If you prefer a softer cookie, **Oreo Original** by Nabisco is a popular option, especially with its creamy filling that pairs wonderfully with milk.

For a more indulgent option, you might enjoy **Mrs. Fields Chocolate Chip Cookies**, known for their rich, buttery flavor and chewy texture.

If you’re looking for something a bit more gourmet, **Walkers Shortbread Cookies** are buttery and crumbly, making them a delightful treat with milk.

Would you like recommendations for specific dietary preferences or cookie types",positive,Chips Ahoy!; Mondelez; Oreo; Nabisco; Mrs. Fields; Walkers
33,"A classic choice for dipping in milk is the **Oreo Original** cookies by Nabisco. They have a perfect balance of chocolate and cream, and their crisp texture makes them ideal for dunking. 

If you're looking for something a bit different, you might enjoy **Chocolate Chip Cookies** like the **Chocolate Chip Cookies by Chips Ahoy!** for a sweet, chewy option, or the **Mrs. Fields Chocolate Chip Cookies** for a softer, bakery-style treat.

For a more indulgent experience, **Bourbon Cookies** such as **Lux Cookie Butter Bourbon** are rich and flavorful, pairing wonderfully with milk.

Ultimately, the best cookie depends on your taste—whether you prefer chocolate, vanilla, or something more unique!",positive,Oreo Original; Nabisco; Chips Ahoy!; Mrs. Fields; Lux
34,"A classic choice is the Oreo Original Sandwich Cookies by Nabisco, known for their creamy filling and crunchy chocolate wafers that pair perfectly with milk. Another popular option is Chips Ahoy! Original Chewy Cookies by Mondelez, which offer a soft texture that complements milk nicely. If you're looking for a more premium option, consider the Pepperidge Farm Milano Cookies, especially the Chocolate Milano, which have a rich, smooth chocolate center that pairs wonderfully with a glass of milk.",positive,Oreo; Nabisco; Chips Ahoy!; Mondelez; Pepperidge Farm; Milano
35,"A classic choice for dipping in milk is the Oreo Original Sandwich Cookies by Nabisco. Their crispy chocolate wafers with creamy filling are a timeless favorite. If you're looking for a different option, you might also enjoy Chips Ahoy! Original Cookies by Mondelez, which offer a chewy and chocolatey experience. For a more indulgent treat, consider Pepperidge Farm's Chessmen Butter Cookies—they have a rich, buttery flavor that pairs beautifully with milk.",positive,Oreo; Nabisco; Chips Ahoy!; Mondelez; Pepperidge Farm
36,"A classic choice for cookies to enjoy with milk is the **Chocolate Chip Cookie**. For a high-quality option, consider **Chocolate Chip Cookies by Mrs. Fields** or **Tate’s Bake Shop Chocolate Chip Cookies**, both known for their delicious, crispy edges and gooey chocolate centers. If you're looking for something a bit different, **Oreo Original Sandwich Cookies** are also a popular and iconic choice that pairs perfectly with milk. Ultimately, the best cookie depends on your personal taste, but these brands are widely loved for their flavor and texture.",positive,Mrs. Fields; Tate’s Bake Shop; Oreo
37,"A classic choice for pairing with milk is the Oreo Original Sandwich Cookie by Nabisco. Its creamy filling and crunchy chocolate cookies complement milk perfectly, making it a popular and delicious option. 

If you're looking for something different, you might also enjoy Chips Ahoy! Original Chocolate Chip Cookies by Mondelez, or for a softer cookie, the Famous Amos Chocolate Chip Cookies by Ferrara Candy Company. 

Ultimately, the best cookie depends on your taste preferences—whether you prefer chocolate, vanilla, or something with a bit of crunch or chewiness!",positive,Nabisco; Mondelez; Ferrara Candy Company
38,"A classic choice for pairing with milk is the **Chips Ahoy! Original Chocolate Chip Cookies** by Nabisco. They have a great balance of crunch and sweetness that complements milk perfectly. 

If you prefer a more premium option, **Oreo Original Sandwich Cookies** are also a popular choice—they are creamy, chocolaty, and dip beautifully into milk.

For a softer, more buttery option, **Pepperidge Farm Milano Cookies** offer a rich and sophisticated taste that goes well with milk too.

Would you like recommendations based on flavor preferences (like chocolate, shortbread, or oatmeal), or are you interested in gluten-free options?",positive,Nabisco; Oreo; Pepperidge Farm
39,"A classic choice for dipping in milk is the Oreo Original Sandwich Cookies by Nabisco. Their creamy filling and chocolate wafers make them a favorite for many. If you're looking for something a bit different, you might also enjoy Chips Ahoy! Chewy Cookies by Mondelez, which offer a soft texture and chocolate chips that complement milk well. For a more gourmet option, the Pepperidge Farm Milano Cookies provide a rich, chocolatey experience with a hint of sophistication.",positive,Oreo; Nabisco; Chips Ahoy!; Mondelez; Pepperidge Farm
40,"A classic choice for pairing with milk is the **Chips Ahoy! Original Chocolate Chip Cookies** by Nabisco. They have a perfect balance of crunch and sweetness that complements a glass of milk beautifully. 

If you're looking for a more premium option, try **Oreo Original Sandwich Cookies** by Nabisco, which have a rich chocolate flavor and creamy filling that pairs wonderfully with milk. 

For a homemade touch, many enjoy **Biscoff Cookies** by Lotus, which have a unique caramelized flavor that enhances the milk-drinking experience.

Would you like recommendations based on dietary preferences or specific flavors?",positive,Nabisco; Lotus
41,"A classic choice for dipping in milk is the Oreo Original Cookies by Mondelez. Their creamy filling and crunchy chocolate wafers make them a popular favorite. If you prefer a different flavor, you might also enjoy Chips Ahoy! Chewy Cookies by Nabisco or the classic Hydrox Cookies, which are often considered the original sandwich cookie. For a more premium option, the Pepperidge Farm Milano Cookies pair wonderfully with milk. Ultimately, the best cookie depends on your personal taste, but these brands are widely loved and pair excellently with a glass of milk.",positive,Oreo; Mondelez; Chips Ahoy!; Nabisco; Hydrox; Pepperidge Farm; Milano
42,"A classic choice for pairing with milk is the Oreo Original Sandwich Cookies by Nabisco. Their creamy filling and crunchy chocolate cookies make a delicious combination with milk, especially when dipped. 

If you're looking for something a bit different, you might also enjoy Chips Ahoy! Chewy Cookies by Mondelez or Pepperidge Farm's Milano Cookies for a more sophisticated flavor. 

For a homemade touch, you could try baking classic chocolate chip cookies by Nestlé Toll House, which also pair wonderfully with milk.",positive,Nabisco; Mondelez; Pepperidge Farm; Nestlé Toll House
43,"A classic choice for pairing with milk is the Nestlé Toll House Chocolate Chip Cookies. These cookies are known for their rich, buttery flavor and generous chocolate chip chunks, making them a perfect complement to a glass of milk. If you're looking for something a bit different, the Pepperidge Farm Milano Cookies or Walkers Shortbread Cookies are also excellent options, offering a buttery, crisp texture that pairs wonderfully with milk. Ultimately, the best cookie depends on your personal taste, but these brands are widely loved for their quality and flavor.",positive,Nestlé Toll House; Pepperidge Farm; Walkers
44,"A classic choice for dipping in milk is the **Oreo Chocolate Sandwich Cookies** by Nabisco. They have a perfect balance of creamy filling and chocolate wafer, making them a favorite for many. 

If you're looking for a different taste, you might also enjoy **Chocolate Chip Cookies** from brands like **Tate's Bake Shop** or **Mrs. Fields**. Their crispy or chewy cookies complement milk wonderfully.

For a more indulgent option, try **Lorna Dunes Sandies** or **Bourbon Cookies** by Keebler, which have a rich, buttery flavor.

Ultimately, the best cookie depends on your taste preference—whether you prefer chocolate, buttery, or something with a hint of spice!",positive,Oreo; Nabisco; Tate's Bake Shop; Mrs. Fields; Lorna Dunes; Keebler
45,"A classic choice for pairing with milk is the **Chips Ahoy! Original Chocolate Chip Cookies**. They have a perfect balance of sweetness and crunch that complements the creamy texture of milk. 

If you're looking for something a bit more premium, **Oreo Original Sandwich Cookies** are also a popular favorite—they're rich, crunchy, and perfect for dunking.

For a softer, more buttery option, **Pepperidge Farm Milano Cookies** offer a delicate, chocolate-filled treat that pairs wonderfully with milk.

If you prefer a homemade touch, you might enjoy **Tate's Bake Shop Chocolate Chip Cookies**, known for their thin, crispy texture and high-quality ingredients.

Would you like recommendations based on dietary preferences or a specific type of cookie?",positive,Chips Ahoy!; Oreo; Pepperidge Farm; Tate's Bake Shop
46,"A classic and highly recommended cookie to enjoy with milk is the Oreo Original Sandwich Cookie by Nabisco. Its creamy filling and crisp chocolate wafers create the perfect combination for dipping. 

If you're looking for something different, the Chips Ahoy! Original Chocolate Chip Cookies by Mondelez are also a popular choice, offering a sweet, chewy cookie that pairs nicely with milk. 

For a more gourmet option, you might enjoy the Mrs. Fields Chocolate Chip Cookies or the Tate's Bake Shop Chocolate Chip Cookies, which are known for their rich flavor and crispy texture.

Would you like suggestions for specific flavor variations or other brands?",positive,Oreo; Nabisco; Chips Ahoy!; Mondelez; Mrs. Fields; Tate's Bake Shop
47,"A classic choice for dipping in milk is the **Chocolate Chip Cookie**. Popular brands like **Chocolate Chip Cookies from Chips Ahoy!** or **Nestlé Toll House Chocolate Chip Cookies** are favorites for many. If you're looking for something special, you might enjoy **Lenny & Larry's The Complete Cookie** for a chewy, plant-based option, or **Walkers Shortbread Cookies** for a buttery, crisp experience. Ultimately, the best cookie depends on your taste—whether you prefer chewy, crunchy, or buttery!",positive,Chips Ahoy!; Nestlé Toll House; Lenny & Larry's; Walkers
48,"A classic choice for dipping in milk is the **Chips Ahoy! Original Chocolate Chip Cookies**—they're crispy, sweet, and hold up well when dipped. If you're looking for something a bit more premium, **Oreo Original** cookies are a popular favorite; their creamy filling complements milk perfectly. For a softer, more buttery option, try **Biscotti di Prato** (Italian biscotti) like **Lu Biscuit** or **Nonni's Almond Biscotti**—they're great for dunking and add a delightful crunch. Ultimately, the best cookie depends on your taste preference—whether you like chewy, crispy, or buttery.",positive,Chips Ahoy!; Oreo; Biscotti di Prato; Lu Biscuit; Nonni's
49,"A classic choice for pairing with milk is the Oreo Original Sandwich Cookies by Nabisco. Their creamy filling and crunchy chocolate wafers complement milk perfectly. 

If you're looking for something different, you might enjoy Chips Ahoy! Original Chocolate Chip Cookies by Mondelez, which are also popular with milk. For a more indulgent option, the Pepperidge Farm Milano Cookies offer a sophisticated taste that pairs nicely with a glass of milk.

Would you like recommendations for a specific flavor or type of cookie?",positive,Nabisco; Mondelez; Pepperidge Farm
50,"A classic choice is the **Chips Ahoy! Original Chocolate Chip Cookies**—they're crunchy, sweet, and pair perfectly with milk. If you prefer a softer cookie, **Oreos** are iconic for dipping, thanks to their creamy filling and crisp texture. For a more premium option, **Walkers Shortbread Fingers** offer a buttery, melt-in-your-mouth experience that complements milk beautifully. Ultimately, the best cookie depends on your taste—do you prefer chewy, crispy, or buttery?",positive,Chips Ahoy!; Oreos; Walkers
51,"A classic choice for pairing with milk is the **Chips Ahoy! Original Chocolate Chip Cookies** by Nabisco. They have a perfect balance of crunch and softness with rich chocolate chips that complement the milk beautifully. 

If you're looking for a more premium option, try **Oreo Original Sandwich Cookies** by Mondelez. Their creamy filling and crispy cookie layers make for a delightful dunking experience.

For a softer, buttery option, **Walkers Shortbread Cookies** offer a rich, melt-in-your-mouth texture that pairs wonderfully with milk.

Would you like recommendations for specific flavors or types, such as gluten-free or organic options?",positive,Chips Ahoy!; Nabisco; Oreo; Mondelez; Walkers
52,"A classic choice for dipping in milk is the Oreo Original Sandwich Cookies by Nabisco. They have a perfect balance of chocolate and cream, and their crisp texture makes them ideal for dunking. If you're looking for something a bit different, you might also enjoy Chips Ahoy! Chewy Chocolate Chip Cookies by Mondelez or the classic Hydrox Cookies by Leaf Brands, which are similar to Oreos. Ultimately, the best cookie depends on your personal taste, but Oreos are a popular and widely loved option for pairing with milk.",positive,Nabisco; Mondelez; Leaf Brands
53,"A classic choice for pairing with milk is the Oreo Original Sandwich Cookie by Nabisco. Its creamy filling and chocolate wafer make it a perfect complement to milk, creating a delicious and nostalgic snack. If you're looking for something different, you might also enjoy Chips Ahoy! Chewy Cookies by Nabisco or Pepperidge Farm Milano Cookies, which offer a rich, buttery flavor that pairs well with milk.",positive,Oreo; Nabisco; Chips Ahoy!; Pepperidge Farm
54,"A classic choice for pairing with milk is the **Brookside Chocolate Chip Cookies**. They have a perfect balance of crunch and softness, with rich chocolate chips that complement milk beautifully. 

Another popular option is the **Oreo Original** cookies, known for their creamy filling and crisp texture, making them a timeless favorite to dunk in milk.

If you're looking for something a bit more indulgent, the **Ghirardelli Chocolate Chip Cookies** offer premium quality and rich flavor that pairs wonderfully with a glass of cold milk.

For a more wholesome option, try **Mrs. Fields Chocolate Chip Cookies**, which are soft, chewy, and packed with chocolate chips—perfect for dipping.

Would you like recommendations based on specific flavor preferences or dietary needs?",positive,Brookside; Oreo; Ghirardelli; Mrs. Fields
55,"A classic choice for pairing with milk is the **Chocolate Chip Cookie**. Some popular and highly recommended brands include:

- **Toll House Chocolate Chip Cookies** – These are soft, chewy, and filled with chocolate chips, making them a timeless favorite.
- **Mrs. Fields Chocolate Chip Cookies** – Known for their rich, buttery flavor and chewy texture.
- **Levain Bakery Chocolate Chip Cookies** – Famous for their thick, gooey interior and crispy edges.
- **Oreo Cookies** – If you prefer a cookie sandwich, Oreos are a popular choice to dunk in milk.
- **Biscotti (e.g., Di Palo’s Almond Biscotti)** – For a crunchier option, biscotti pairs wonderfully with milk, especially",positive,Toll House; Mrs. Fields; Levain Bakery; Oreo; Di Palo’s
56,"A classic choice for cookies to enjoy with milk is the **Chips Ahoy! Original Chocolate Chip Cookies** by Nabisco. They have a perfect balance of chocolate chips and a chewy texture that pairs wonderfully with milk. 

If you're looking for a more premium option, consider **Mrs. Fields Milk Chocolate Chip Cookies**, which are soft and loaded with generous chunks of chocolate. For a homemade feel, **Tate's Bake Shop Chocolate Chip Cookies** are crispy on the edges and chewy inside, making them a great match with milk.

Ultimately, the best cookie depends on your taste preferences—whether you prefer chewy, crispy, or chunky cookies!",positive,Chips Ahoy!; Nabisco; Mrs. Fields; Tate's Bake Shop
57,"A classic choice for pairing with milk is the **Oreo Original Sandwich Cookies** by Nabisco. Their creamy filling and crunchy chocolate cookies make for a delightful combination. If you're looking for something a bit different, you might also enjoy ** Chips Ahoy! Original Chocolate Chip Cookies** or **Keebler Elf Grahams** for a softer, graham cracker option. 

For a premium experience, consider **Walkers Shortbread Cookies**—their buttery, crumbly texture pairs beautifully with milk. Ultimately, the best cookie depends on your taste preferences, but these are popular favorites that complement milk wonderfully!",positive,Oreo; Nabisco; Chips Ahoy!; Keebler; Walkers
58,"A classic choice for dipping in milk is the **Chips Ahoy! Original Chocolate Chip Cookies** by Mondelez. They have a good balance of crunch and chocolatey goodness that pairs perfectly with milk. 

If you prefer a more premium option, **Walkers Shortbread Cookies** are buttery and tender, making them a delightful accompaniment. 

For a nostalgic favorite, **Oreos** by Nabisco are iconic for dunking into milk—creamy filling and crisp cookie shells create the perfect combo. 

Ultimately, the best cookie depends on your taste, but these are some popular and highly recommended options!",positive,Chips Ahoy!; Mondelez; Walkers; Oreos; Nabisco
59,"A classic choice for dipping in milk is the **Oreos** by Nabisco. Their creamy filling and sturdy cookie structure make them perfect for dunking. If you're looking for something a bit different, **Chips Ahoy!** by Nabisco offers a variety of flavors, with the Original Chips Ahoy! being a popular option. For a more indulgent treat, **Famous Amos Chocolate Chip Cookies** are also excellent, featuring rich chocolate chips and a crispy texture. Ultimately, the best cookie depends on your taste preferences, but these brands are widely loved for pairing well with milk!",positive,Oreos; Nabisco; Chips Ahoy!; Famous Amos
60,"A classic choice for pairing with milk is the Oreo Cookie by Nabisco. Its creamy filling and crunchy chocolate cookie make it a popular and delicious option. If you're looking for something different, you might also enjoy Chips Ahoy! Chewy Cookies by Nabisco or Walkers Shortbread Cookies by Walkers for a buttery, melt-in-your-mouth experience. Ultimately, the best cookie depends on your personal taste—whether you prefer chocolate, buttery, or chewy.",positive,Nabisco; Oreo; Chips Ahoy!; Walkers
61,"A classic choice for pairing with milk is the **OREO Chocolate Sandwich Cookies**. Their creamy filling and chocolate wafers complement milk perfectly, creating a nostalgic and delicious combination. 

If you're looking for something different, **Chips Ahoy! Original Chocolate Chip Cookies** are also a popular option, offering a chewy texture and rich chocolate chips that go well with milk.

For a more premium option, you might try **Walkers Shortbread Cookies**—their buttery, crumbly texture pairs wonderfully with a glass of milk.

Would you like suggestions for specific flavors or brands based on your preferences?",positive,OREO; Chips Ahoy!; Walkers
62,"A classic choice for dipping in milk is the Oreo Original Biscuit by Nabisco. Its creamy filling and crunchy chocolate cookies make it a favorite for many. If you're looking for something different, you might also enjoy Chips Ahoy! Original Chocolate Chip Cookies by Mondelez, which are soft and chewy with plenty of chocolate chips. For a more premium option, the Walkers Shortbread Cookies by Walkers are buttery and melt-in-your-mouth, pairing beautifully with milk. Ultimately, the best cookie depends on your taste preference—whether you like chocolate, buttery shortbread, or something else!",positive,Nabisco; Mondelez; Walkers
63,"A classic choice for dipping into milk is the Oreo Original Sandwich Cookies by Nabisco. Their creamy filling and crunchy chocolate cookies make them a favorite for many. If you're looking for something different, you might also enjoy Chips Ahoy! Original Chewy Cookies or Pepperidge Farm's Milanos. Each of these brands offers delicious options that pair well with a glass of milk!",positive,Oreo; Nabisco; Chips Ahoy!; Pepperidge Farm
64,"A classic choice for pairing with milk is the classic Oreo Cookies by Nabisco. Their creamy filling and crisp chocolate cookies complement milk perfectly. If you're looking for a different option, you might also enjoy Chips Ahoy! Original Chewy Cookies by Mondelez or the rich, buttery Tate's Bake Shop Chocolate Chip Cookies. Each offers a delicious treat that pairs wonderfully with a cold glass of milk!",positive,Nabisco; Mondelez; Tate's Bake Shop
65,"A classic choice for dipping in milk is the Oreo Original Sandwich Cookies by Nabisco. They have a perfect balance of chocolate and cream filling that pairs wonderfully with milk. If you're looking for something different, you might also enjoy the Chips Ahoy! Original Cookies by Mondelez, which offer a chewy texture and chocolate chips that melt in your mouth. For a more traditional, buttery option, the Walker's Shortbread Cookies are also excellent and complement milk nicely.",positive,Oreo; Nabisco; Chips Ahoy!; Mondelez; Walker's
66,"A popular and classic choice for pairing with milk is the **Oreo Original Sandwich Cookies** by Mondelez. Their creamy filling and crunchy chocolate cookies complement milk perfectly. 

Another great option is **Chips Ahoy! Original Cookies** by Nabisco, which offer a chewy texture with chocolate chips that go well with a glass of milk.

If you're looking for a more premium option, **Walkers Shortbread Cookies** provide a rich, buttery flavor that pairs beautifully with milk.

For a healthier twist, you might enjoy **Annie's Organic Bunny Grahams** or **Mary's Gone Crackers** that still satisfy that cookie craving with a wholesome touch.

Would you like recommendations based on specific flavors or dietary preferences?",positive,Oreo; Mondelez; Chips Ahoy!; Nabisco; Walkers; Annie's; Mary's Gone Crackers
67,"A classic choice for dipping in milk is the Oreo Original Sandwich Cookies by Nabisco. They have a perfect balance of chocolate wafers and creamy filling that pairs wonderfully with milk. If you're looking for something different, you might also enjoy Chips Ahoy! Original Chocolate Chip Cookies by Mondelez or Pepperidge Farm's Milanos for a slightly more sophisticated flavor. Ultimately, the best cookie depends on your personal taste, but Oreo is a timeless favorite for many!",positive,Oreo; Nabisco; Chips Ahoy!; Mondelez; Pepperidge Farm
68,"A classic choice for a cookie to enjoy with milk is the **Chocolate Chip Cookie**, and some popular brands include **Chocolate Chip Cookies by Chips Ahoy!** or **Mrs. Fields**. If you're looking for a premium option, **Tate's Bake Shop Chocolate Chip Cookies** are highly recommended for their thin, crispy texture and rich chocolate flavor. 

For a softer option, **Oreo Cookies** are a popular choice, especially if you enjoy dunking them in milk. If you prefer a more traditional, homemade feel, you might try **Levain Bakery Chocolate Chip Cookies** for a rich, gooey experience.

Would you like recommendations based on flavor preferences or dietary considerations?",positive,Chips Ahoy!; Mrs. Fields; Tate's Bake Shop; Oreo; Levain Bakery
69,"A classic choice for a cookie to enjoy with milk is the **Chocolate Chip Cookie**, especially the iconic **Toll House Chocolate Chip Cookies** by Nestlé. They have a perfect balance of sweetness and gooey chocolate chips that pair wonderfully with milk.

If you're looking for premium options, **Levain Bakery Chocolate Chip Cookies** are renowned for their thick, chewy texture and rich flavor. For a more traditional, nostalgic option, **Mrs. Fields Chocolate Chip Cookies** are soft and buttery, making them a great match with milk.

For those who prefer a different flavor, **Oreo Original Sandwich Cookies** are a popular choice, and their creamy filling complements the milk perfectly.

Would you like recommendations for different types of cookies or specific brands based on dietary",positive,Nestlé; Toll House; Levain Bakery; Mrs. Fields; Oreo
70,"A classic and highly recommended cookie to enjoy with milk is the **Chocolate Chip Cookie**. For a high-quality option, consider the **Chocolate Chip Cookies by Mrs. Fields**, which are known for their soft, chewy texture and rich chocolate chips. Another popular choice is the **Toll House Chocolate Chip Cookies** by Nestlé, which are widely loved for their delicious homemade taste.

If you prefer something different, the **Oreo Cookies** by Nabisco are a popular choice, especially when dunked in milk—they become irresistibly creamy and soft. For a more gourmet experience, you might enjoy **Pepperidge Farm Milano Cookies**, which are buttery and crisp, pairing beautifully with milk.

Ultimately, the best cookie depends on your personal preference—whether",positive,Mrs. Fields; Toll House; Nestlé; Oreo; Nabisco; Pepperidge Farm
71,"A classic choice for a cookie to enjoy with milk is the **Chocolate Chip Cookie**, particularly the **Chocolate Chip Cookies by Nestlé Toll House**. They offer a perfect balance of sweet, buttery flavor with gooey chocolate chips that melt in your mouth. 

For a premium option, consider the **Lenny & Larry's The Complete Cookie**, which is a soft, chewy cookie packed with protein and fiber. 

If you prefer a more traditional European-style cookie, the **Walkers Shortbread Cookies** are buttery, crisp, and pair beautifully with milk.

Ultimately, the best cookie depends on your taste preferences—whether you like chewy, crispy, or rich cookies.",positive,Nestlé Toll House; Lenny & Larry's; Walkers
72,"A classic choice for dipping in milk is the **Chips Ahoy! Original Chocolate Chip Cookies** by Mondelez. They have a satisfying crunch and rich chocolate chips that complement the milk perfectly. 

If you're looking for something a bit more premium, consider **OREO Original Sandwich Cookies** by Mondelez, which are creamy and crispy, or **McVitie's Chocolate Digestives** for a richer, biscuit-like experience. 

For a softer, homemade feel, **Walkers Shortbread Cookies** offer a buttery, melt-in-your-mouth texture that pairs wonderfully with milk.

Would you like options for gluten-free, organic, or specific flavor varieties?",positive,Chips Ahoy!; OREO; McVitie's; Walkers
73,"A classic choice for pairing with milk is the Oreo Cookie by Nabisco. Its chocolate wafers and creamy filling complement milk perfectly. If you're looking for something different, you might also enjoy Chips Ahoy! by Mondelez, which offers a variety of chocolate chip cookies, or the Hydrox Cookies for a similar flavor profile. For a more indulgent option, try the Tate’s Bake Shop Chocolate Chip Cookies, known for their thin, crispy texture. Ultimately, the best cookie depends on your personal preference, but Oreo remains a timeless favorite for dunking in milk!",positive,Nabisco; Mondelez; Chips Ahoy!; Hydrox; Tate’s Bake Shop
74,"A classic choice that pairs wonderfully with milk is the **Chips Ahoy! Cookies** by Nabisco. Their crispy, chocolate chip cookies are a popular favorite. If you prefer something softer, **Oreo Cookies** are also a great option—they have a creamy filling that complements milk perfectly. 

For a more premium experience, you might enjoy **Pepperidge Farm Milano Cookies**, which are buttery and crisp, or **Walkers Shortbread Cookies** for a rich, buttery flavor. 

Ultimately, the best cookie depends on your taste—whether you prefer chocolate chips, cream-filled, or buttery shortbread.",positive,Chips Ahoy!; Nabisco; Oreo; Pepperidge Farm; Walkers
75,"A classic choice is the Nestlé Toll House Chocolate Chip Cookies—they're widely loved for their rich chocolate and buttery flavor, making them perfect for dipping in milk. If you prefer something a bit more indulgent, the Famous Amos Chocolate Chip Cookies offer a crunchy texture that pairs nicely with milk. For a premium option, consider the Tate's Bake Shop Chocolate Chip Cookies, which are thin, crispy, and full of flavor. Ultimately, the best cookie depends on your taste—whether you prefer soft and chewy or crispy and crunchy, there's a perfect match out there!",positive,Nestlé Toll House; Famous Amos; Tate's Bake Shop
76,"A classic choice for pairing with milk is the **Chocolate Chip Cookie**. Popular brands like **Chocolate Chip Cookies by Chips Ahoy!** or **Mrs. Fields Chocolate Chip Cookies** are widely loved. If you prefer a softer, gooey option, **Oreo Cookies** are also a fantastic choice—they have a creamy filling that complements milk perfectly. 

For a more gourmet option, you might try **Tate’s Bake Shop Chocolate Chip Cookies** or **Lorna Doone Shortbread Cookies**, which offer a richer, buttery flavor. Ultimately, the best cookie depends on your taste—whether you prefer chewy, crunchy, chocolatey, or buttery!",positive,Chips Ahoy!; Mrs. Fields; Oreo; Tate’s Bake Shop; Lorna Doone
77,"A classic choice for pairing with milk is the **Chocolate Chip Cookies** from **Chips Ahoy!** or **Mrs. Fields**. For a more premium option, you might enjoy **Levain Bakery's Chocolate Chip Cookies**, which are thick and chewy with rich chocolate chunks. 

If you prefer a traditional, softer cookie, **Oreo** is a popular favorite that complements milk perfectly. For a slightly different texture, **Milk's Favorite Cookie** (Oreo's nickname) is a timeless classic.

For a gourmet twist, consider **Walker's Shortbread Cookies** or **Tate's Bake Shop Chocolate Chip Cookies**, both offering a buttery, crisp experience that pairs wonderfully with a glass of milk.

Would you like a specific recommendation based",positive,Chips Ahoy!; Mrs. Fields; Levain Bakery; Oreo; Walker's; Tate's Bake Shop
78,"A classic choice for pairing with milk is the **Oreo Chocolate Sandwich Cookies** by Nabisco. They have a creamy filling that complements the milk perfectly. If you're looking for a different option, **Chips Ahoy! Chewy Cookies** by Nabisco are also popular and pair well with milk. For a more premium option, consider **Walkers Shortbread Cookies**—their buttery flavor goes wonderfully with a glass of milk. Ultimately, the best cookie depends on your taste preference, but these brands are widely loved for their pairing with milk!",positive,Oreo; Nabisco; Chips Ahoy!; Walkers
79,"A classic choice for dipping into milk is the **Chips Ahoy! Original Chocolate Chip Cookies**. They have a satisfying crunch and plenty of chocolate chips that complement the creamy milk perfectly. 

If you're looking for a more premium option, **Oreo Original Sandwich Cookies** are a popular favorite, offering a smooth cream filling that pairs wonderfully with milk. 

For a softer, more buttery option, try **Walkers Shortbread Cookies** — their rich, buttery flavor and crumbly texture make for a delightful milk dunk.

Ultimately, the best cookie depends on your personal taste, but these brands are widely loved for their quality and taste when enjoyed with milk!",positive,Chips Ahoy!; Oreo; Walkers
80,"A classic choice for pairing with milk is the Oreo Original Sandwich Cookie by Nabisco. Its creamy filling and chocolate wafers make it a favorite for dipping. If you're looking for something different, you might also enjoy Chips Ahoy! Original Cookies by Mondelez, or Keebler's Fudge Stripe Cookies, which offer a delicious chocolatey crunch. For a more gourmet option, consider Walkers Shortbread Cookies, which are buttery and perfect for dunking.",positive,Nabisco; Mondelez; Keebler; Walkers
81,"A classic choice for dipping in milk is the **Oreo** cookie by Nabisco. Its creamy filling and crunchy chocolate exterior make it a favorite for many. If you're looking for something different, **Chocolate Chip Cookies** by brands like **Tate's Bake Shop** or **Mrs. Fields** are also excellent options, offering a softer, chewy texture that pairs well with milk. For a more indulgent treat, try **Biscoff Cookies** by Lotus, which have a spiced, caramel flavor that complements milk beautifully.",positive,Oreo; Nabisco; Tate's Bake Shop; Mrs. Fields; Biscoff; Lotus
82,"A classic choice for pairing with milk is the Oreo Original Sandwich Cookies by Nabisco. Their crispy chocolate wafers with creamy filling complement the milk perfectly. If you're looking for something different, you might also enjoy Chips Ahoy! Chewy Cookies by Mondelez or Lundberg's Honey Grahams for a slightly sweeter, honey-flavored option.",positive,Oreo; Nabisco; Chips Ahoy!; Mondelez; Lundberg
83,"A classic choice for pairing with milk is the Oreo Original Sandwich Cookie by Nabisco. Its creamy filling and crunchy chocolate cookie layers make it a favorite for dunking. If you're looking for something different, you might also enjoy Chips Ahoy! Original by Nabisco or Keebler's E.L. Fudge Cookies. For a more gourmet option, consider Walkers Shortbread Cookies or Tate's Bake Shop Chocolate Chip Cookies, which pair wonderfully with milk.",positive,Oreo; Nabisco; Chips Ahoy; Keebler; E.L. Fudge; Walkers; Tate's Bake Shop
84,"A classic choice for pairing with milk is the **Oreo Original** cookie by Nabisco. Its creamy filling and crunchy texture make it a favorite for dipping. If you're looking for something a bit different, ** Chips Ahoy! Original** by Mondelez offers a chewy, chocolate chip cookie that pairs nicely with milk. For a more indulgent option, try **Biscoff Cookies** by Lotus, which have a caramelized flavor that complements milk wonderfully. Ultimately, the best cookie depends on your personal taste, but Oreo's iconic status makes it a top pick!",positive,Oreo Original; Nabisco; Chips Ahoy! Original; Mondelez; Biscoff Cookies; Lotus
85,"A classic choice for a cookie to enjoy with milk is the **Chocolate Chip Cookie**, and some popular brands include **Nestlé Toll House Chocolate Chip Cookies** and **Mrs. Fields Chocolate Chip Cookies**. 

If you're looking for a specific brand, **Toll House** offers delicious pre-made chocolate chip cookies that pair perfectly with milk. For a softer, chewy option, **Mrs. Fields** cookies are highly recommended. 

For a slightly different taste, you might also enjoy **Oreos** from Nabisco, which are iconic for dipping in milk. Ultimately, the best cookie depends on your personal preference—whether you prefer chewy, crunchy, or chocolatey cookies!",positive,Nestlé Toll House; Mrs. Fields; Toll House; Mrs. Fields; Oreos; Nabisco
86,"A classic choice for dipping in milk is the **Chips Ahoy! Original Chewy Cookies**. They have a soft texture that absorbs milk nicely and a sweet chocolate chip flavor that pairs perfectly. 

If you're looking for something a bit more premium, **Oreo Original Sandwich Cookies** are also a popular favorite. Their creamy filling and crunchy texture make them ideal for dunking.

For a more indulgent option, try **Walker’s Shortbread Cookies**—their buttery, crumbly texture complements milk beautifully.

Would you like recommendations for gluten-free or healthier options?",positive,Chips Ahoy!; Oreo; Walker’s
87,"A popular and classic choice is the **Chips Ahoy! Original Chocolate Chip Cookies** by Nabisco. They have a perfect balance of crunch and sweetness that pairs wonderfully with milk. 

If you prefer a softer cookie, **Grandma's Chocolate Chip Cookies** by Pillsbury or **Walkers Shortbread Cookies** are excellent options that complement milk well. 

For a more indulgent experience, **Oreo Original Cookies** by Nabisco are timeless and pair beautifully with a cold glass of milk.

Would you like suggestions for specific dietary preferences or flavors?",positive,Nabisco; Pillsbury; Walkers; Oreo
88,"A classic choice for dipping in milk is the Oreo Original Sandwich Cookies by Mondelez. They have a perfect balance of chocolate cookies and creamy filling that softens just right when dipped. Another popular option is Chips Ahoy! Original Cookies by Mondelez, which are slightly crunchier but still delicious with milk. If you're looking for something more artisan, the Walkers Shortbread Cookies by Walkers are buttery and rich, pairing wonderfully with milk. Ultimately, the best cookie depends on your taste preference, but Oreo is a timeless favorite for dipping!",positive,Oreo; Mondelez; Chips Ahoy!; Walkers
89,"A classic choice for dipping into milk is the **Oreos** by Nabisco. They have a perfect balance of chocolate flavor and cream filling that soaks up milk beautifully. Another popular option is **Chips Ahoy!** by Nabisco, especially the chunky or chewy varieties that hold up well when dipped. If you're looking for a more gourmet option, **Walkers Shortbread Cookies** or **Biscoff Cookies** by Lotus are delicious and pair nicely with milk too. Ultimately, it depends on your flavor preference—chocolate, buttery, or spicy!",positive,Oreos; Nabisco; Chips Ahoy!; Walkers; Biscoff; Lotus
90,"A classic choice for dipping into milk is the **Chips Ahoy! Original Chocolate Chip Cookies** by Nabisco. They have a satisfying crunch and rich chocolate chips that complement the milk perfectly. 

If you're looking for something a bit more premium, **Oreo Original Sandwich Cookies** by Kraft Foods are a popular favorite—especially when dipped in milk to soften the cookie and enhance the flavor. 

For a softer option, **Walkers Shortbread Cookies** are buttery and melt-in-your-mouth, pairing wonderfully with a glass of milk. 

Ultimately, the best cookie depends on your taste, but these brands are widely loved for their quality and flavor.",positive,Chips Ahoy!; Nabisco; Oreo; Kraft Foods; Walkers
91,"A classic choice for a cookie to enjoy with milk is the Oreo by Nabisco. Its crispy chocolate wafers with creamy filling perfectly complement a glass of milk. If you're looking for something different, you might also enjoy Chips Ahoy! by Mondelez, which offers a chewy or crunchy chocolate chip cookie, or the classic Butter Cookies by Pepperidge Farm for a buttery, melt-in-your-mouth experience. Ultimately, the best cookie depends on your personal taste, but Oreo is a timeless favorite for pairing with milk!",positive,Oreo; Nabisco; Chips Ahoy!; Mondelez; Butter Cookies; Pepperidge Farm
92,"A classic and widely loved choice is the **Chips Ahoy! Original Chocolate Chip Cookies**. They have a perfect balance of crunch and chewiness, with rich chocolate chips that complement a glass of milk beautifully. 

If you prefer a softer cookie, **Oreo Original** cookies are also an excellent option—they're creamy, crunchy, and pair wonderfully with milk, especially when dunked. 

For a slightly more indulgent option, **Pillsbury Chocolate Chip Cookies** (pre-baked) or **Mrs. Fields** cookies, like their Chocolate Chip Cookies, offer a bakery-quality experience to enjoy with milk.

Would you like suggestions for healthier options or specific flavors?",positive,Chips Ahoy!; Oreo; Pillsbury; Mrs. Fields
93,"A classic choice for dipping into milk is the *Oreo* cookie by Mondelez. Its creamy filling and crisp chocolate cookie make it a favorite for many. If you're looking for something a bit different, you might also enjoy *Chocolate Chip Cookies* by brands like Pepperidge Farm or homemade options from brands like Tate's Bake Shop. For a more indulgent treat, *Lorna Doone* shortbread cookies are also excellent with milk.",positive,Oreo; Mondelez; Pepperidge Farm; Tate's Bake Shop; Lorna Doone
94,"A classic choice for dipping into milk is the **Oreo Original Sandwich Cookies** by Nabisco. They have a perfect balance of chocolate cookies and creamy filling that complements milk wonderfully. 

If you're looking for something a bit different, **Chips Ahoy! Original Chocolate Chip Cookies** by Mondelez are also popular and pair nicely with milk. For a more indulgent option, **Biscoff Cookies** by Lotus are delicious with their caramelized flavor.

Would you like recommendations for a specific type of cookie, such as gluten-free, vegan, or a particular flavor?",positive,Oreo; Nabisco; Chips Ahoy!; Mondelez; Biscoff; Lotus
95,"A classic choice for dipping in milk is the Oreo Original Sandwich Cookies by Nabisco. They have a perfect balance of chocolate wafers and creamy filling that complements milk wonderfully. If you're looking for something different, the Chips Ahoy! Original Chocolate Chip Cookies by Mondelez are also popular and pair nicely with milk. For a more indulgent option, consider the Pepperidge Farm Milano Cookies, especially the dark chocolate variety, which offer a rich flavor that pairs well with a glass of milk.",positive,Oreo; Nabisco; Chips Ahoy!; Mondelez; Pepperidge Farm
96,"A classic choice is the Oreo Original Chocolate Sandwich Cookies. They are known for their creamy filling and crunchy chocolate cookies, making them a perfect pairing with a cold glass of milk. If you're looking for something a bit different, you might also enjoy Chips Ahoy! Original Chewy Cookies or Pepperidge Farm Milano Cookies, which offer rich flavors that complement milk beautifully.",positive,Oreo; Chips Ahoy!; Pepperidge Farm
97,"A classic choice for pairing with milk is the **Oreo Original Sandwich Cookies** by Nabisco. Their creamy filling and crunchy texture make them a popular favorite. 

If you're looking for something different, **Chips Ahoy! Chewy Chocolate Chip Cookies** by Mondelez are also great with milk, offering a soft texture and rich chocolate chips. 

For a more gourmet option, consider **Walkers Shortbread Cookies**—their buttery, crumbly texture pairs wonderfully with milk. 

Ultimately, the best cookie depends on your taste preference, but Oreo and Chips Ahoy! are timeless options that many enjoy with a glass of milk!",positive,Oreo; Nabisco; Chips Ahoy!; Mondelez; Walkers
98,"A classic choice for cookies to enjoy with milk is the **Chocolate Chip Cookie**. Popular brands like **Tate’s Bake Shop Chocolate Chip Cookies** or **Nestlé Toll House Chocolate Chip Cookies** are highly recommended for their rich chocolate chips and crisp texture. 

If you prefer a softer cookie, **Oreo Classic Sandwich Cookies** are a popular favorite, especially for dunking into milk. 

For a more gourmet option, you might try **Lenny & Larry’s The Complete Cookie**, which offers a hearty, protein-packed alternative.

Ultimately, the best cookie depends on your taste—whether you prefer chewy, crispy, or filled varieties.",positive,Tate’s Bake Shop Chocolate Chip Cookies; Nestlé Toll House Chocolate Chip Cookies; Oreo Classic Sandwich Cookies; Lenny & Larry’s The Complete Cookie
99,"A classic choice for pairing with milk is the Oreo Original Cookies by Mondelez. The creamy filling and chocolate wafers make for a delicious combo with milk. If you're looking for something similar but with a twist, you might enjoy Chips Ahoy! Chewy Cookies by Mondelez, which offer a softer texture and chocolate chips that melt in your mouth. For a more gourmet option, consider the Pepperidge Farm Chessmen Butter Cookies, which are rich and buttery, perfect for dipping.",positive,Oreo; Mondelez; Chips Ahoy!; Pepperidge Farm
100,"A classic choice for dipping in milk is the **Chips Ahoy! Original Chocolate Chip Cookies** by Nabisco. They have a great balance of crunch and sweetness that pairs perfectly with milk. 

If you're looking for something a bit more indulgent, try the **Oreos** by Mondelez — their creamy filling complements milk beautifully and makes for a timeless combo. 

For a softer, buttery option, **Walkers Shortbread Cookies** offer a rich, melt-in-your-mouth experience that pairs wonderfully with a glass of milk.

Let me know if you prefer a specific flavor or type, and I can recommend more options!",positive,Chips Ahoy!; Nabisco; Oreos; Mondelez; Walkers
101,"A classic choice for pairing with milk is the **Chocolate Chip Cookies** by **Toll House**, especially their **Nestlé Toll House Chocolate Chip Cookies**. They offer a perfect balance of chewy and crispy textures with rich chocolate chips that complement the creaminess of milk beautifully.

If you're looking for something a bit more indulgent, consider **Oreo Original Sandwich Cookies** by **Nabisco**. Their crunchy texture and creamy filling go exceptionally well with cold milk, making for a timeless combo.

For a softer, melt-in-your-mouth option, **Mrs. Fields Chocolate Chip Cookies** are highly recommended—known for their rich buttery flavor and soft texture.

Would you like suggestions based on dietary preferences or specific flavor profiles?",positive,Toll House; Nestlé; Oreo; Nabisco; Mrs. Fields
102,"A classic choice for dipping in milk is the **Chocolate Chip Cookies**. Specifically, the **Chocolate Chip Cookies by Chips Ahoy!** are popular and widely enjoyed. For a premium option, you might try **Mrs. Fields Chocolate Chip Cookies**, which are known for their soft texture and rich flavor.

If you prefer a softer, chewy cookie, **Oreo Cookies** are also a top choice—they pair perfectly with milk and are a timeless favorite. For a more indulgent experience, **Lenny & Larry's The Complete Cookie** offers a plant-based, hearty alternative.

Ultimately, the best cookie depends on your taste preferences, but these brands are highly recommended for pairing with milk!",positive,Chips Ahoy!; Mrs. Fields; Oreo; Lenny & Larry's
103,"A classic choice for dipping in milk is the **Chips Ahoy! Original Chocolate Chip Cookies** by Nabisco. They have a great balance of crunch and chocolatey goodness that pairs perfectly with milk. 

If you're looking for a more premium option, try the **Walkers Shortbread Cookies**—their buttery, melt-in-your-mouth texture makes them a delightful companion to a glass of milk. 

For a softer, more indulgent treat, **Oreo Original Sandwich Cookies** by Nabisco are always a popular choice, especially if you enjoy the creamy filling with your milk.

Would you like recommendations for gluten-free, vegan, or any other specific types?",positive,Nabisco; Walkers
104,"A classic choice for dipping in milk is the Oreo Original Sandwich Cookies by Nabisco. They have a perfect balance of creamy filling and chocolate cookies that complement milk beautifully. Other popular options include Chips Ahoy! Original Cookies by Mondelez and Pepperidge Farm Milano Cookies, which add a touch of sophistication. If you're looking for a more traditional or homemade option, chocolate chip cookies like those from Mrs. Fields or warm, freshly baked chocolate chip cookies from Nestlé Toll House are also excellent choices.",positive,Oreo; Nabisco; Chips Ahoy!; Mondelez; Pepperidge Farm; Milano; Mrs. Fields; Nestlé Toll House
105,"A classic choice for dipping in milk is the **Oreo Original** cookie by Nabisco. Its crispy chocolate wafer and creamy filling make it a favorite for many. If you're looking for something different, you might also enjoy **Chips Ahoy! Original** by Nabisco for a chewy, chocolate chip experience, or **Girl Scout Thin Mints** for a minty twist. Ultimately, the best cookie depends on your taste preferences, but Oreo Original is often considered the top choice for pairing with milk!",positive,Oreo Original; Nabisco; Chips Ahoy! Original; Girl Scout Thin Mints
106,"A classic choice for pairing with milk is the Oreo cookie by Nabisco. Its creamy filling and crunchy chocolate exterior make it a favorite for dunking. If you're looking for something different, you might enjoy Chips Ahoy! by Mondelez, or for a more gourmet option, Pepperidge Farm's Milanos or Biscoff Cookies by Lotus are excellent choices. Ultimately, the best cookie depends on your personal taste, but Oreos are a tried-and-true classic to start with!",positive,Nabisco; Mondelez; Pepperidge Farm; Lotus
107,"A classic choice for pairing with milk is the **Chocolate Chip Cookies** by **Toll House**. Their **Nestlé Toll House Chocolate Chip Cookies** are beloved for their perfect balance of chewy and crispy textures, along with rich chocolate chips that complement the milk beautifully. 

Another popular option is **Oreo** cookies, especially the original **Oreo Classic Sandwich Cookies**, which are great for dunking due to their sturdy structure and creamy filling.

If you prefer a more gourmet option, try the **Lorna Doone Shortbread Cookies**. Their buttery, crumbly texture pairs wonderfully with milk for a more delicate flavor experience.

Would you like suggestions based on dietary preferences or specific flavor profiles?",positive,Toll House; Nestlé; Oreo; Lorna Doone
108,"A classic choice for pairing with milk is the **Chips Ahoy! Original Chocolate Chip Cookies**. They are crunchy, sweet, and have plenty of chocolate chips that complement the milk perfectly. 

If you're looking for something a bit more indulgent, **Oreos** (especially the classic Double Stuf Oreos) are a popular favorite—they soften nicely when dipped in milk and have a rich, creamy filling.

For a softer, more buttery option, **Walkers Shortbread Cookies** offer a rich, buttery flavor that pairs wonderfully with milk.

If you prefer homemade-style cookies, **Mrs. Fields Chocolate Chip Cookies** or **Tate's Bake Shop Thin & Crisp Cookies** are excellent choices.

Would you like a recommendation based on a",positive,Chips Ahoy!; Oreos; Walkers; Mrs. Fields; Tate's Bake Shop
109,"A classic choice for dipping in milk is the **Oreo Original** by Nabisco. Its crispy chocolate cookies and creamy filling make it a favorite for many. If you're looking for something different, the **Chips Ahoy! Original** by Mondelez is also a popular option, offering chewy or crispy textures depending on your preference. For a more indulgent treat, try **Mrs. Fields Chocolate Chip Cookies** or **Tate's Bake Shop Thin & Crispy Cookies** for a gourmet experience.",positive,Oreo Original; Nabisco; Chips Ahoy! Original; Mondelez; Mrs. Fields; Tate's Bake Shop
110,"A classic choice for pairing with milk is the **Chips Ahoy! Original Chocolate Chip Cookies** by Nabisco. They have a sweet, chocolatey flavor and a chewy or crunchy texture that complements milk perfectly. 

If you're looking for a more premium option, you might enjoy **Lenny & Larry's The Complete Cookie**—specifically the chocolate chip flavor—which is soft, hearty, and a bit healthier.

For a traditional, homemade taste, **Eddie's Cookies** (if available in your area) or **Walker's Shortbread Cookies** also pair wonderfully with milk, offering a buttery, melt-in-your-mouth experience.

Would you like suggestions for specific dietary preferences or flavor profiles?",positive,Chips Ahoy!; Nabisco; Lenny & Larry's; Eddie's Cookies; Walker's
111,"A classic choice for cookies to enjoy with milk is the **Chocolate Chip Cookies**. Popular brands like **Chips Ahoy!** and **Mrs. Fields** offer delicious options. If you prefer homemade-style cookies, **Tate's Bake Shop Chocolate Chip Cookies** are highly praised for their crispy texture and rich flavor. For a softer option, **Levain Bakery Chocolate Chip Cookies** are also highly recommended. Ultimately, the best cookie depends on your personal taste—whether you prefer chewy, crispy, or gooey cookies!",positive,Chips Ahoy!; Mrs. Fields; Tate's Bake Shop Chocolate Chip Cookies; Levain Bakery Chocolate Chip Cookies
112,"A classic choice for dipping in milk is the Oreo Cookie by Nabisco. Its crispy chocolate layers and creamy filling make it a favorite for many. If you're looking for a different option, the Chips Ahoy! Original by Mondelez is also popular for pairing with milk. For a more indulgent experience, you might try the Subway Cookies by Subway, or if you prefer a softer cookie, the Pepperidge Farm Chessmen Butter Cookies are delicious. Ultimately, the best cookie depends on your personal taste, but Oreo is often considered the top pick for pairing with milk!",positive,Oreo; Nabisco; Chips Ahoy!; Mondelez; Subway; Pepperidge Farm
113,"A classic choice for cookies to enjoy with milk is the **Chocolate Chip Cookies**. Popular brands like **Chocolate Chip Cookies by Chips Ahoy!** or **Nestlé Toll House Chocolate Chip Cookies** are widely loved. If you're looking for a premium option, **Mrs. Fields Chocolate Chip Cookies** are also highly recommended for their rich flavor and soft texture.

For a more traditional or homemade feel, many people enjoy **Oreo Original Sandwich Cookies** by Nabisco, which pair perfectly with milk thanks to their creamy filling. 

Ultimately, the best cookie depends on your personal taste—whether you prefer chewy, crispy, or soft cookies!",positive,Chips Ahoy!; Nestlé Toll House; Mrs. Fields; Oreo; Nabisco
114,"A classic choice for dipping in milk is the **Chips Ahoy! Original Chocolate Chip Cookies** by Nabisco. They have a balanced crunch and sweet chocolate chips that pair perfectly with milk. 

If you prefer something more premium, **Lorna Doone Shortbread Cookies** offer a buttery, crumbly texture that complements milk beautifully. 

For a nostalgic, homemade feel, many enjoy **Mrs. Fields Chocolate Chip Cookies**, which are soft and rich. 

Ultimately, the best cookie depends on your taste—whether you prefer chewy, crunchy, or buttery!",positive,Chips Ahoy!; Nabisco; Lorna Doone; Mrs. Fields
115,"A classic choice for pairing with milk is the **Chocolate Chip Cookie** by **Chocolate Chip Cookies by Mrs. Fields**. Its soft, chewy texture and rich chocolate chunks complement the creamy milk perfectly. 

If you're looking for something more traditional, the **Oreo Original** by **Nabisco** is iconic—its crunchy chocolate cookies with sweet cream filling are a timeless favorite with milk.

For a slightly healthier option, try **Lorna Doone Shortbread Cookies**, which are buttery and crumbly, making them a delightful dunk.

Would you like recommendations for specific dietary preferences or flavor profiles?",positive,Mrs. Fields; Oreo; Nabisco; Lorna Doone
116,"A classic choice for pairing with milk is the **Chips Ahoy! Original Chocolate Chip Cookies** by Mondelez. They have a great balance of crunch and sweetness that complements milk perfectly. 

If you're looking for something a bit more premium, **Oreo Original Cookies** by Mondelez are also a popular favorite — their creamy filling and chocolate wafers go wonderfully with milk.

For a softer, more buttery option, **Lorna Doone Shortbread Cookies** are excellent, offering a rich, buttery flavor that pairs nicely with milk.

Would you like suggestions for gluten-free or vegan options as well?",positive,Chips Ahoy!; Oreo; Lorna Doone
117,"A classic choice for pairing with milk is the **Chips Ahoy! Original Chocolate Chip Cookies** by Nabisco. They have a great balance of crunch and chocolatey goodness that complements milk perfectly. 

If you're looking for a more premium option, **Lorna Doone Original Shortbread Cookies** are buttery and crisp, making them an excellent accompaniment to a glass of milk.

For a softer, chewy cookie, **Oreo Original Sandwich Cookies** are a popular favorite, especially when dipped in milk.

Would you prefer a specific type of cookie, such as chocolate chip, shortbread, or sandwich cookies?",positive,Chips Ahoy!; Nabisco; Lorna Doone; Oreo
118,"A classic choice for pairing with milk is the **Chocolate Chip Cookies** from **Toll House**. Their **Nestlé Toll House Chocolate Chip Cookies** are iconic and have the perfect balance of chewy and crispy textures, along with rich chocolate chips that complement the creaminess of milk beautifully.

If you're looking for a slightly different flavor, you might enjoy the **Oreo Original Sandwich Cookies** by **Nabisco**. Their crispy, creamy-filled cookies are a timeless favorite to dunk in milk.

For a more indulgent option, consider **Pepperidge Farm's Chessmen Cookies**, which are buttery and crisp, pairing wonderfully with a cold glass of milk.

Would you like recommendations for gluten-free or organic options?",positive,Toll House; Nestlé; Nabisco; Pepperidge Farm
119,"A classic choice for dipping in milk is the **Chocolate Chip Cookies**, and one of the most popular and highly recommended brands is **Chocolate Chip Cookies by Chips Ahoy!** Their original Chips Ahoy! cookies are crispy, sweet, and packed with chocolate chips, making them a perfect complement to milk.

If you prefer a softer cookie, **Mrs. Fields** offers delicious chocolate chip cookies that are chewy and rich. 

For a more traditional, home-style option, **Oreo Cookies** by Nabisco are also a favorite—just twist them apart and dip the creamy side into your milk.

Ultimately, the best cookie depends on your personal preference—whether you like crunchy, chewy, or creamy. But these brands are widely loved for pairing beautifully",positive,Chips Ahoy!; Mrs. Fields; Oreo Cookies; Nabisco
120,"A classic choice for dipping in milk is the Oreo Original Chocolate Sandwich Cookie by Nabisco. Its creamy filling and crunchy chocolate wafers make it a popular favorite. 

If you're looking for something different, you might consider Chips Ahoy! Original Cookies by Nabisco for a slightly softer texture, or for a more indulgent option, the Famous Amos Chocolate Chip Cookies by Kellogg's are also excellent. 

For a more premium experience, Pepperidge Farm's Milano Cookies or Walkers Shortbread Cookies are delicious choices that pair wonderfully with milk. 

Let me know if you prefer a specific flavor or type of cookie, and I can recommend more options!",positive,Nabisco; Chips Ahoy!; Famous Amos; Kellogg's; Pepperidge Farm; Walkers
121,"A classic choice is the Oreo Original Sandwich Cookies by Nabisco. They are widely loved for their perfect balance of chocolate wafers and creamy filling, making them an excellent pairing with milk. Another great option is the Chips Ahoy! Chewy Cookies by Nabisco, which offer a soft and chewy texture that complements milk nicely. If you prefer something more indulgent, consider the Pepperidge Farm Milano Cookies, which have a rich chocolate center and crisp cookie exterior. Ultimately, the best cookie depends on your taste preferences, but these brands are top choices for a delightful milk-cookie pairing!",positive,Oreo; Nabisco; Chips Ahoy!; Pepperidge Farm; Milano
122,"A classic choice for dipping in milk is the **Chocolate Chip Cookies**. Some popular brands include **Chocolate Chip Cookies by Chips Ahoy!** for a crunchy option, or **Mrs. Fields** for soft, chewy cookies. 

If you're looking for something a bit more premium, **Oreo Cookies** are a favorite for many; their creamy filling pairs perfectly with milk, especially when dunked. For a more wholesome option, **Lenny & Larry's The Complete Cookie** offers a plant-based, nutrient-dense choice.

Ultimately, the best cookie depends on your personal preference—whether you prefer chewy, crunchy, or filled cookies. Would you like a specific recommendation based on your taste?",positive,Chips Ahoy!; Mrs. Fields; Oreo Cookies; Lenny & Larry's The Complete Cookie
123,"A classic choice for pairing with milk is the Oreo Original Sandwich Cookies by Nabisco. Their creamy filling and crunchy chocolate cookies complement the milk perfectly. If you're looking for something a bit different, you might enjoy Chips Ahoy! Chewy Cookies by Mondelez, which have a soft texture and chocolate chips that go well with milk. For a more premium option, Pepperidge Farm's Milano Cookies offer a buttery, chocolate-dipped experience that's delicious with a glass of milk.",positive,Nabisco; Mondelez; Pepperidge Farm
124,"A classic choice for pairing with milk is the **Chips Ahoy! Original Chocolate Chip Cookies** by Nabisco, known for their crispy texture and rich chocolate chips. If you prefer a softer cookie, **Archway Soft Sugar Cookies** offer a delightful melt-in-your-mouth experience. 

For a more indulgent option, try **Walkers Shortbread Cookies**—particularly their traditional shortbread varieties—which pair wonderfully with milk due to their buttery richness. 

If you're looking for something with a bit more flavor, **Oreo Original Cookies** by Nabisco are a popular choice, especially for dunking, thanks to their creamy filling and crisp cookie exterior.

Would you like recommendations based on your preferred texture or flavor?",positive,Chips Ahoy!; Nabisco; Archway; Walkers; Oreo
125,"A classic favorite to enjoy with milk is the Oreo Cookie by Nabisco. Its creamy filling and crunchy chocolate wafers make for a delicious combination. If you're looking for something a bit different, you might also enjoy Chips Ahoy! Chewy Cookies or Pepperidge Farm's Milano Cookies, which pair well with milk too. Ultimately, the best cookie depends on your personal taste, but Oreo Cookies are a timeless choice for dipping!",positive,Oreo; Nabisco; Chips Ahoy!; Pepperidge Farm
126,"A classic and highly recommended cookie to enjoy with milk is the **OREO Original Sandwich Cookies** by Mondelez International. They have a perfect balance of creamy filling and chocolate wafers that pair wonderfully with milk, especially when dipped. 

If you're looking for something different, **Chips Ahoy! Chewy Chocolate Chip Cookies** by Mondelez are also a popular choice, offering a soft texture and rich chocolate chips that complement milk nicely.

For a more premium option, **Walkers Shortbread Cookies** by Walkers are buttery and crumbly, making them a delightful pairing with milk.

Would you like a specific recipe or other cookie suggestions?",positive,OREO; Chips Ahoy!; Walkers
127,"A classic choice for dipping in milk is the **Oreo Original Sandwich Cookie** by Nabisco. Its creamy filling and crunchy chocolate cookies make it a favorite for many. If you're looking for something different, consider **Chips Ahoy! Original** by Mondelez, which offers a chewy, chocolate chip cookie that pairs well with milk. For a more indulgent option, **Walkers Shortbread Cookies** provide a buttery, crumbly texture that complements a glass of milk nicely.",positive,Oreo; Nabisco; Chips Ahoy!; Mondelez; Walkers
128,"A classic choice for dipping in milk is the Oreo Original Cookies by Nabisco. They have a perfect balance of chocolate and cream that pairs wonderfully with milk. Another popular option is the Chips Ahoy! Original Cookies by Mondelez, offering a sweet and chewy texture. If you prefer a more buttery flavor, the Pepperidge Farm Chessmen Cookies are a great choice. Ultimately, the best cookie depends on your personal preference, but these brands are widely loved for their quality and taste with milk.",positive,Oreo; Nabisco; Chips Ahoy!; Mondelez; Pepperidge Farm
129,"A classic choice for pairing with milk is the Oreo Cookie by Nabisco. Its creamy filling and crunchy chocolate exterior make it a timeless favorite. If you're looking for something a bit different, you might also enjoy Chips Ahoy! Chewy Cookies or Pepperidge Farm's Milano Cookies, both of which complement milk nicely. For a more gourmet option, the Walkers Shortbread Cookies provide a rich, buttery flavor that pairs wonderfully with milk.",positive,Oreo; Nabisco; Chips Ahoy!; Pepperidge Farm; Milano; Walkers
130,"A classic choice for a cookie to enjoy with milk is the **Chips Ahoy! Original Chocolate Chip Cookies**. They are widely loved for their chewy texture and rich chocolate chips, making them a perfect pairing with a glass of cold milk. 

If you're looking for something a bit more premium, **Pepperidge Farm Milanos** or **Oreo Original Sandwich Cookies** are also excellent options. Oreo's creamy filling and crispy texture complement milk beautifully, while Milanos offer a sophisticated flavor with their chocolate and almond accents.

For a homemade touch, you might consider baking **Mrs. Fields Chocolate Chip Cookies** or **Toll House** cookies, which are classic favorites loved for their gooey chocolate chips and buttery dough.

Would you like suggestions",positive,Chips Ahoy!; Pepperidge Farm; Oreo; Mrs. Fields; Toll House
131,"A classic choice for dipping in milk is the **Chips Ahoy! Original Chocolate Chip Cookies** by Nabisco. They have a great balance of crunch and sweetness that pairs wonderfully with milk. 

If you're looking for a more premium option, **Oreo Original** cookies by Mondelez are a favorite — their creamy filling and crispy texture complement milk perfectly. 

For a softer, buttery option, **Walkers Shortbread Cookies** are delicious and melt in your mouth when dipped. 

Ultimately, it depends on your taste preference—whether you like chewy, crunchy, or buttery cookies!",positive,Chips Ahoy!; Nabisco; Oreo; Mondelez; Walkers
132,"A popular choice for a cookie to enjoy with milk is the classic **Chocolate Chip Cookies**. Brands like **Chocolate Chip Cookies by Chips Ahoy!** are widely loved for their chewy texture and rich chocolate chips. 

If you're looking for something a bit more premium, **Oreo Cookies** are iconic for dipping in milk, thanks to their creamy filling and crunchy cookie exterior. 

For a softer, more buttery option, try **Walkers Shortbread Cookies**, which pair beautifully with milk. 

Ultimately, the best cookie depends on your taste preferences—whether you prefer chocolate, vanilla, or buttery flavors!",positive,Chips Ahoy!; Oreo Cookies; Walkers Shortbread Cookies
133,"A classic choice for dipping in milk is the **Oreo Original** by Nabisco. Its creamy filling and crunchy cookie texture make it a popular favorite. If you're looking for something a bit different, you might also enjoy **Chips Ahoy! Original** by Mondelez International, which offers a chewy or crispy option. For a more premium experience, **Walkers Shortbread Cookies** or **Biscoff Cookies** by Lotus are also excellent choices, as their rich, buttery flavor pairs wonderfully with milk.",positive,Oreo; Nabisco; Chips Ahoy!; Mondelez International; Walkers; Biscoff; Lotus
134,"A classic choice for pairing with milk is the **Oreo Original Chocolate Sandwich Cookies**. They have a creamy filling that complements the milk perfectly and soak up just right without falling apart. If you're looking for something different, you might also enjoy **Chocolate Chip Cookies by Chips Ahoy!** or **Bourbon Cookies by Keebler**, both of which pair wonderfully with a glass of milk. For a more gourmet option, **Lorna Doone Shortbread Cookies** are a buttery, delicate choice that pairs nicely with milk as well.",positive,Oreo; Chips Ahoy!; Keebler; Lorna Doone
135,"A classic choice for dipping in milk is the **Chocolate Chip Cookies**. Popular brands include **Toll House**'s Original Chocolate Chip Cookies, which are known for their chewy texture and rich chocolate chips. If you're looking for something a bit more indulgent, **Famous Amos** Chocolate Chip Cookies offer a crispier bite with a satisfying chocolate flavor. For a premium option, **Mrs. Fields** Cookies, especially their Chocolate Chip variety, are soft and flavorful, perfect for dunking. 

Ultimately, the best cookie depends on your personal preference—whether you prefer soft and chewy or crispy and crunchy.",positive,Toll House; Famous Amos; Mrs. Fields
136,"A classic choice for dipping in milk is the **Chocolate Chip Cookie**. Popular brands like **Nestlé Toll House** offer their iconic **Nestlé Toll House Chocolate Chip Cookies**, which are soft, chewy, and full of melty chocolate chips—perfect for pairing with milk.

If you're looking for a premium option, consider **Mrs. Fields** Chocolate Chip Cookies or **Oreo** Cookies if you prefer a cookie with a bit of crunch and a creamy filling that complements milk beautifully.

For a more decadent treat, **Chips Ahoy!** Cookies from **Chips Ahoy!** provide a crispy texture that pairs well with a glass of cold milk.

Ultimately, the best cookie depends on your taste preference—whether you prefer chewy,",positive,Nestlé Toll House; Mrs. Fields; Oreo; Chips Ahoy!
137,"A classic choice for a cookie to enjoy with milk is the **Chocolate Chip Cookie**. Some popular brands include **Chocolate Chip Cookies by Chips Ahoy!** or **Mrs. Fields Chocolate Chip Cookies**, which are known for their gooey chocolate chips and soft texture. 

If you're looking for a more traditional or homemade-style option, **Tate's Bake Shop Chocolate Chip Cookies** are highly praised for their thin, crispy texture and rich flavor. 

For a gluten-free option, you might enjoy **Lenny & Larry's The Complete Cookie** in chocolate chip flavor.

Ultimately, the best cookie depends on your personal taste—whether you prefer chewy, crunchy, or soft cookies. Would you like recommendations for specific dietary preferences or textures?",positive,Chips Ahoy!; Mrs. Fields; Tate's Bake Shop; Lenny & Larry's
138,"A popular choice for pairing with milk is the classic Oreo Cookies by Nabisco. Their creamy filling and crunchy chocolate wafers make for an iconic combination. If you're looking for something different, you might also enjoy Chips Ahoy! by Mondelez, which offers a variety of chocolate chip cookies that go well with milk. For a more indulgent option, the Pepperidge Farm Milano Cookies provide a sophisticated taste with their layers of chocolate and crisp cookie. Ultimately, the best cookie depends on your personal preference, but these brands are widely loved for their complementary flavors with milk.",positive,Oreo; Nabisco; Chips Ahoy!; Mondelez; Pepperidge Farm; Milano
139,"A classic choice for dipping in milk is the Oreo Original Sandwich Cookies by Nabisco. They have a perfect balance of chocolate wafers and creamy filling that pairs wonderfully with milk. If you're looking for a different option, Chips Ahoy! Original Chewy Cookies by Mondelez are also popular and delicious with a glass of milk. For a slightly more upscale choice, you might try Walkers Shortbread Cookies, which offer a buttery, crumbly texture that complements milk well.",positive,Oreo; Nabisco; Chips Ahoy!; Mondelez; Walkers
140,"A classic choice for cookies to enjoy with milk is the **Chips Ahoy! Original Chocolate Chip Cookies** by Nabisco. They are chewy, chocolatey, and pair perfectly with a glass of milk. 

If you're looking for something a bit more premium, **Mrs. Fields Milk Chocolate Chip Cookies** are also highly recommended for their rich flavor and soft texture. 

For a more homemade feel, you might enjoy **Tate’s Bake Shop Chocolate Chip Cookies**, which are thin, crispy, and packed with gourmet chocolate chips.

Would you like suggestions for a specific type of cookie, such as gluten-free or vegan options?",positive,Chips Ahoy!; Nabisco; Mrs. Fields; Tate’s Bake Shop
141,"A classic choice for a cookie to enjoy with milk is the **Chips Ahoy! Original Chocolate Chip Cookies** by Nabisco. They have the perfect balance of crunch and sweetness that pairs wonderfully with a glass of milk. 

If you prefer a softer cookie, **Oreo Original** by Nabisco is also a popular favorite—dunking Oreos in milk creates a delicious treat. 

For a more premium option, you might enjoy **Walkers Shortbread Cookies**—their buttery, melt-in-your-mouth texture complements milk beautifully. 

Ultimately, the best cookie depends on your taste—whether you like chocolate chip, creamy fillings, or buttery shortbread!",positive,Chips Ahoy!; Nabisco; Oreo; Walkers
142,"A classic choice for a cookie to enjoy with milk is the Oreo cookie by Mondelez International. Its creamy filling and chocolate wafers make it a popular and delicious pairing. If you're looking for something different, you might also enjoy Chips Ahoy! by Mondelez, especially their original chocolate chip variety, which pairs well with milk. For a more indulgent option, the Pepperidge Farm Milano cookies or the Tate’s Bake Shop Chocolate Chip Cookies are excellent choices. Ultimately, the best cookie depends on your personal taste, but Oreo is often considered the quintessential milk-dipping cookie.",positive,Oreo; Mondelez International; Chips Ahoy!; Pepperidge Farm; Tate’s Bake Shop
143,"A classic choice for pairing with milk is the Oreo Original Sandwich Cookies by Nabisco. The creamy filling and crunchy chocolate wafers make them a timeless favorite. If you're looking for a different flavor, you might also enjoy Chips Ahoy! Chewy Cookies by Mondelez or Pepperidge Farm's Milano Cookies for a more sophisticated option. All of these are popular choices that complement milk beautifully!",positive,Nabisco; Mondelez; Pepperidge Farm
144,"A classic choice for dipping in milk is the Oreo Original Sandwich Cookie by Nabisco. Its crispy chocolate wafers and creamy filling make it a popular favorite. If you're looking for something different, you might also enjoy Chips Ahoy! Original by Mondelez or Biscoff Cookies by Lotus for a spiced, caramel flavor that pairs wonderfully with milk.",positive,Oreo; Nabisco; Chips Ahoy!; Mondelez; Biscoff; Lotus
145,"A classic choice for pairing with milk is the Oreo Original Sandwich Cookies by Nabisco. Their creamy filling and crispy chocolate wafers make for a delightful combination with milk. If you're looking for something different, you might also enjoy Chips Ahoy! Chewy Cookies by Mondelez or Pepperidge Farm Milano Cookies. Each of these offers a delicious flavor and texture that complements a glass of milk perfectly!",positive,Oreo; Nabisco; Chips Ahoy!; Mondelez; Pepperidge Farm
146,"A classic choice for dipping into milk is the Oreo Original Sandwich Cookies by Nabisco. They have that perfect balance of chocolate and cream filling that pairs beautifully with milk, creating a deliciously satisfying combo. 

If you're looking for something different, you might also enjoy Chips Ahoy! Original Cookies by Mondelez, which are slightly crunchier but still great for dipping. For a more premium option, consider Walker's Shortbread Cookies, which are buttery and melt in your mouth—perfect with a glass of milk.

Would you like suggestions for specific flavors or brands based on your preferences?",positive,Oreo; Nabisco; Chips Ahoy!; Mondelez; Walker's
147,"A classic choice for dipping in milk is the Oreo Original Sandwich Cookie by Nabisco. Its crisp chocolate wafers and creamy filling make it a popular favorite. If you're looking for something a bit different, you might also enjoy Chips Ahoy! Original Chocolate Chip Cookies by Nabisco, which pair well with milk and offer a chewy, chocolatey experience. For a more gourmet option, the Pepperidge Farm Milano Cookies provide a rich, layered flavor that complements milk nicely.",positive,Oreo; Nabisco; Chips Ahoy!; Pepperidge Farm
148,"A classic choice for dipping in milk is the Oreo Original Sandwich Cookie by Nabisco. Its crisp chocolate wafers and creamy filling make it a popular favorite. If you're looking for something different, you might also enjoy the Chips Ahoy! Chewy Cookies by Nabisco or the Keebler Fudge Stripe Cookies for a sweet, chocolatey experience.",positive,Oreo; Nabisco; Chips Ahoy!; Keebler
149,"A classic choice for dipping in milk is the **Chips Ahoy! Original Chocolate Chip Cookies** by Nabisco. They have a great balance of crunch and sweetness that pairs perfectly with milk. 

If you're looking for something a bit more indulgent, **Oreo Original Sandwich Cookies** are a popular favorite, with their creamy filling and crisp chocolate wafers that complement a glass of milk wonderfully.

For a softer, more buttery option, **Walkers Shortbread Cookies** offer a rich, melt-in-your-mouth experience that pairs nicely with milk too.

Ultimately, the best cookie depends on your personal preference—whether you like chewy, crispy, chocolatey, or buttery cookies!",positive,Chips Ahoy!; Nabisco; Oreo; Walkers
150,"A classic choice for pairing with milk is the **Chocolate Chip Cookie**. Brands like **Chocolate Chip Cookies by Tate's Bake Shop** or **Mrs. Fields Chocolate Chip Cookies** are popular for their crisp edges and gooey centers. 

If you prefer a softer cookie, **Oreo Original** cookies are a timeless favorite, known for their creamy filling and crunchy chocolate wafers. 

For a more indulgent option, **Lenny & Larry's The Complete Cookie** (especially the chocolate chip flavor) offers a hearty, plant-based alternative that pairs well with milk.

Ultimately, the best cookie depends on your personal preference—whether you like chewy, crunchy, or creamy!",positive,Chocolate Chip Cookies by Tate's Bake Shop; Mrs. Fields Chocolate Chip Cookies; Oreo Original; Lenny & Larry's The Complete Cookie
151,"A classic and highly recommended choice is the **Lenny & Larry's The Complete Cookie**. These are plant-based, protein-packed cookies that pair well with milk and come in various flavors like chocolate chip, peanut butter, and double chocolate chip.

If you're looking for traditional cookies, **Oreo Original** are a popular favorite for dunking in milk due to their perfect balance of crunch and cream filling. 

For a softer, more buttery option, **Pepperidge Farm Milano Cookies** are an excellent choice—they have a rich, smooth filling that complements milk beautifully.

Ultimately, the best cookie to have with milk depends on your taste preferences—whether you prefer crunchy, soft, chocolatey, or buttery cookies!",positive,Lenny & Larry's; Oreo; Pepperidge Farm
152,"A classic choice for dipping in milk is the **Oreo Original Sandwich Cookies** by Nabisco. Their creamy filling and crunchy chocolate cookies make them a favorite for many. If you're looking for something a bit different, **Chips Ahoy! Original Chocolate Chip Cookies** by Nabisco are also popular for pairing with milk. For a more indulgent option, **Mrs. Fields Chocolate Chip Cookies** or **Toll House Cookies** by Nestlé are delicious choices. Ultimately, the best cookie depends on your personal taste, but these brands are widely loved and enjoyed with a glass of milk!",positive,Oreo; Nabisco; Chips Ahoy!; Mrs. Fields; Toll House; Nestlé
153,"A classic choice for pairing with milk is the **Oreo Original Sandwich Cookies** by Nabisco. Their creamy filling and crunchy texture make them a timeless favorite. If you're looking for something different, **Chip Ahoy! Original Chocolate Chip Cookies** by Mondelez also pair wonderfully with milk, offering a chewy, chocolatey experience. For a more premium option, you might enjoy **Walkers Shortbread Cookies**—their buttery, crumbly texture complements milk beautifully.",positive,Oreo; Nabisco; Chip Ahoy!; Mondelez; Walkers
154,"A classic choice for pairing with milk is the **Chips Ahoy! Original Chocolate Chip Cookies** by Nabisco. They have a great balance of crunch and chocolate chunks that complement the creaminess of milk perfectly. 

If you're looking for something a bit more premium, you might enjoy **Pepperidge Farm Milano Cookies**—their delicate texture and rich chocolate flavor go wonderfully with a glass of milk. 

For a homemade touch, **Mrs. Fields Chocolate Chip Cookies** are also highly recommended for their soft, chewy texture and generous chocolate chips.

Would you like suggestions for a specific type of cookie, such as gluten-free or vegan options?",positive,Nabisco; Pepperidge Farm; Mrs. Fields
155,"A classic choice for dipping into milk is the **Oreo Original Sandwich Cookies** by Nabisco. They are known for their crispy chocolate wafers and creamy white filling, which pair perfectly with milk. 

If you're looking for something different, **Chips Ahoy! Original Chocolate Chip Cookies** by Nabisco are also popular and complement a glass of milk well. 

For a more premium option, you might enjoy **Walkers Shortbread Cookies** if you prefer a buttery, crumbly texture, or **Biscotti** by La Dolce Vita, which are great for dipping due to their firm texture.

Ultimately, the best cookie depends on your taste preferences—whether you like chocolate, buttery, or chewy cookies!",positive,Oreo; Nabisco; Chips Ahoy!; Walkers; Biscotti; La Dolce Vita
156,"A classic choice for pairing with milk is the **Chips Ahoy! Original Chocolate Chip Cookies** by Nabisco. They have a perfect balance of crunch and sweetness that complements milk beautifully. 

If you're looking for a more premium option, try **Pepperidge Farm Milano Cookies**—their crisp texture and rich chocolate filling pair wonderfully with a cold glass of milk. 

For a nostalgic twist, **Oreos** by Nabisco are always a popular favorite, with their creamy filling and chocolate cookie crunch.

Would you like gluten-free or organic options as well?",positive,Chips Ahoy!; Nabisco; Pepperidge Farm; Milano; Oreos
157,"A classic choice is the **Chips Ahoy! Original Chocolate Chip Cookies**—they're soft, chewy, and have plenty of chocolate chips that pair perfectly with milk. If you're looking for a more premium option, **Lorna Doone Shortbread Cookies** offer a buttery, crumbly texture that complements milk beautifully. For a more indulgent treat, **Oreos** are a popular choice—they're crispy and sweet, and their cream filling is delightful when dipped in milk. Ultimately, the best cookie depends on your personal taste, but these brands are widely loved for their quality and flavor.",positive,Chips Ahoy!; Lorna Doone; Oreos
158,"A classic choice for pairing with milk is the **Chips Ahoy! Original Chocolate Chip Cookies** by Nabisco. They have a perfect balance of crunch and chocolatey goodness that complements milk beautifully. 

If you prefer a softer cookie, **Oreo Original** by Nabisco is always a popular option, with its creamy filling and crunchy chocolate wafers. 

For a more gourmet experience, you might enjoy **Lenny & Larry's The Complete Cookie** in chocolate chip flavor, which is soft and chewy. 

Ultimately, the best cookie depends on your taste preference—whether you like crispy, chewy, or something in between!",positive,Chips Ahoy!; Nabisco; Oreo; Lenny & Larry's
159,"A classic choice for dipping in milk is the **Chocolate Chip Cookies**. Popular brands like **Chocolate Chip Cookies from Chips Ahoy!** or **Nestlé Toll House** offer delicious options. For a more premium experience, you might enjoy **Oreos**—their classic chocolate cookies with a creamy filling are a favorite for dunking. If you're looking for something a bit more gourmet, **Tate's Bake Shop Chocolate Chip Cookies** are crisp and buttery, perfect for pairing with milk. Ultimately, the best cookie depends on your personal taste, but these brands are widely loved for their quality and flavor.",positive,Chips Ahoy!; Nestlé Toll House; Oreos; Tate's Bake Shop
160,"A classic choice for dipping in milk is the **Chips Ahoy! Original Chocolate Chip Cookies** by Nabisco. They have a good balance of crunch and chewiness that pairs perfectly with milk. 

If you're looking for a more premium option, **Oreo Original Sandwich Cookies** by Nabisco are also a popular favorite—they're creamy and sweet, and their iconic flavor complements milk wonderfully.

For a softer, more buttery option, **Walkers Shortbread Cookies** offer a rich, buttery taste that pairs nicely with milk, especially if you prefer a melt-in-your-mouth experience.

Would you like recommendations based on specific preferences like gluten-free, chewy, or chocolaty cookies?",positive,Chips Ahoy!; Nabisco; Oreo; Walkers
161,"A classic choice for dipping in milk is the **Chips Ahoy! Original Chocolate Chip Cookies** by Nabisco. They have a satisfying crunch and rich chocolate chips that pair perfectly with milk. 

If you're looking for a more premium option, the **Walkers Shortbread Cookies** are buttery and tender, making them a delightful complement to milk. 

For a softer, chewy cookie, **Mrs. Fields Chocolate Chip Cookies** are renowned for their gooey texture and rich flavor.

Ultimately, the best cookie depends on your taste preference—crisp, chewy, buttery, or chocolatey!",positive,Chips Ahoy!; Nabisco; Walkers; Mrs. Fields
162,"A classic and highly recommended cookie to enjoy with milk is the Oreo Original Cookie by Nabisco. Its crisp texture and creamy filling complement the milk perfectly, creating a delicious dipping experience. 

Another popular choice is the Chips Ahoy! Chewy Cookies by Mondelez, which offers a soft and chewy texture that pairs well with milk. 

If you're looking for something a bit more indulgent, the Tate's Bake Shop Chocolate Chip Cookies provide a crispy texture and rich chocolate flavor that go great with a cold glass of milk.

Would you like suggestions for specific flavors or types of cookies?",positive,Oreo; Nabisco; Chips Ahoy!; Mondelez; Tate's Bake Shop
163,"A classic choice for pairing with milk is the Oreo Original Sandwich Cookie by Nabisco. The creamy filling and crispy chocolate wafers make for a perfect combination with a glass of milk. If you're looking for something different, you might also enjoy Chips Ahoy! Original Chocolate Chip Cookies by Mondelez or Pepperidge Farm Milano Cookies for a more refined taste. Each of these options pairs wonderfully with milk, enhancing the cookie-eating experience.",positive,Nabisco; Mondelez; Pepperidge Farm
164,"A classic choice for pairing with milk is the **Oreo Original Sandwich Cookies** by Nabisco. They have a perfect balance of creamy filling and chocolate cookie crunch that complements milk beautifully. 

If you're looking for something different, consider **Chips Ahoy! Original Chocolate Chip Cookies** by Nabisco for a chewy, chocolatey treat, or **Walkers Shortbread Cookies** for a buttery, crumbly option that pairs nicely with milk. 

For a more gourmet experience, try **Tate’s Bake Shop Chocolate Chip Cookies**—they’re thin, crispy, and packed with chocolate chips.

Would you like recommendations based on specific preferences like gluten-free, organic, or a particular flavor?",positive,Oreo; Nabisco; Chips Ahoy!; Walkers; Tate’s Bake Shop
165,"A classic choice for pairing with milk is the **Chips Ahoy! Original Chocolate Chip Cookies** by Nabisco. They have a satisfying crunch and rich chocolate chips that complement the creaminess of milk perfectly. 

For a more premium option, you might enjoy **Walkers Shortbread Cookies**—their buttery, melt-in-your-mouth texture pairs wonderfully with milk. 

If you're looking for something a bit more indulgent, **Oreos** by Nabisco are a timeless favorite, especially if you love the combination of chocolate and creamy filling with milk.

Would you like a specific recommendation based on your taste preferences, such as chewy, crispy, or a particular flavor?",positive,Chips Ahoy!; Nabisco; Walkers; Oreos
166,"A classic choice for pairing with milk is the Oreo Original Sandwich Cookies by Nabisco. Their creamy filling and crispy chocolate cookies complement the milk perfectly, creating a timeless combination. If you're looking for something different, you might also enjoy Chips Ahoy! Chewy Cookies by Mondelez or Pepperidge Farm Milano Cookies for a more sophisticated flavor.",positive,Oreo; Nabisco; Chips Ahoy!; Mondelez; Pepperidge Farm
167,"A classic choice for dipping in milk is the Oreo Original Sandwich Cookies by Nabisco. They have a perfect balance of chocolate wafers and creamy filling that complements milk beautifully. If you're looking for something different, the Chips Ahoy! Original Chewy Cookies by Mondelez are also a popular option with a chewy texture and sweet flavor. For a more upscale option, consider Pepperidge Farm Milano Cookies, which are crisp and have a rich chocolate center. Ultimately, the best cookie depends on your taste preference, but Oreo remains a timeless favorite for dipping in milk!",positive,Oreo; Nabisco; Chips Ahoy!; Mondelez; Pepperidge Farm; Milano
168,"A classic choice for pairing with milk is the **Chips Ahoy! Original Chocolate Chip Cookies** by Nabisco. They have a great balance of crunch and chocolatey goodness that complements the creaminess of milk wonderfully. 

If you're looking for something a bit more indulgent, try **Oreo Original Cookies** by Mondelez — their creamy filling and crispy cookie texture make for an iconic milk dunking experience. 

For a softer, more buttery option, **Walkers Shortbread Cookies** are also excellent because their rich, buttery flavor pairs beautifully with milk.

Would you like recommendations for a specific type of cookie (e.g., crunchy, soft, gluten-free)?",positive,Chips Ahoy!; Nabisco; Oreo; Mondelez; Walkers
169,"A classic choice for dipping in milk is the Oreo Original Sandwich Cookies by Nabisco. Their creamy filling and crisp chocolate wafers make them a timeless favorite. If you're looking for something different, you might also enjoy Chips Ahoy! Original Chewy Cookies by Nabisco, which are soft and sweet, or Pepperidge Farm Milano Cookies for a more refined, chocolate-coated experience. Ultimately, the best cookie depends on your personal taste, but Oreo is often considered the top pick for pairing with milk.",positive,Nabisco; Oreo; Chips Ahoy!; Pepperidge Farm; Milano
170,"A classic choice for pairing with milk is the **Chips Ahoy! Original Chocolate Chip Cookies** by Mondelez. They have a perfect balance of crunch and chocolate chips that complement milk beautifully. 

If you're looking for something a bit more premium, **Oreo Original** cookies by Nabisco are also a fantastic option—they're thick, creamy, and their chocolate flavor pairs wonderfully with milk.

For a more homemade feel, **Girl Scout Thin Mints** or **Pepperidge Farm Milano Cookies** are delicious choices that go well with a cold glass of milk.

Would you like recommendations based on specific flavors or dietary preferences?",positive,Chips Ahoy!; Mondelez; Oreo; Nabisco; Girl Scout; Thin Mints; Pepperidge Farm; Milano Cookies
171,"A classic choice for dipping in milk is the **Chocolate Chip Cookie**. Brands like **Chocolate Chip Cookies by Chips Ahoy!** or **Tate's Bake Shop Chocolate Chip Cookies** are popular options known for their delicious flavor and perfect texture. 

If you prefer a more traditional, homemade-style cookie, **Oreo Cookies** by Nabisco are also a favorite, especially since they're designed to be dipped in milk. For a softer, chewy option, **Mrs. Fields Chocolate Chip Cookies** are highly recommended.

Ultimately, the best cookie depends on your taste preferences—whether you prefer crispy, chewy, or sandwich-style cookies!",positive,Chips Ahoy!; Tate's Bake Shop; Oreo; Nabisco; Mrs. Fields
172,"A classic choice for dipping in milk is the **Chips Ahoy! Original Chewy Cookies**. They have a soft, chewy texture that pairs perfectly with milk. If you prefer a more traditional, crispy cookie, **Oreo Original Sandwich Cookies** are also a popular favorite—they're rich, creamy, and ideal for dunking. 

For a premium option, you might enjoy **Walkers Shortbread Cookies**, which have a buttery, crumbly texture that complements milk wonderfully. 

Ultimately, the best cookie depends on your personal preference—whether you like chewy, crunchy, or buttery cookies!",positive,Chips Ahoy!; Oreo; Walkers
173,"A classic choice for pairing with milk is the **Chips Ahoy! Original Chocolate Chip Cookies** by Nabisco. They have a perfect balance of crunch and chocolatey goodness that complements milk beautifully. 

For a slightly more indulgent option, you might enjoy **Oreo Original Sandwich Cookies** by Nabisco, which are creamy and rich, making them a popular favorite with milk.

If you prefer a softer, more buttery cookie, **Walkers Shortbread Fingers** are a delicious and high-quality choice from Walkers.

Ultimately, the best cookie with milk depends on your taste—whether you prefer chocolate chip, sandwich cookies, or buttery shortbread!",positive,Nabisco; Walkers
174,"A classic choice for pairing with milk is the Oreo Original Sandwich Cookies by Nabisco. Their creamy filling and chocolatey crunch complement milk perfectly. If you're looking for something different, you might also enjoy Chips Ahoy! Chewy Cookies by Nabisco for a softer texture or Pepperidge Farm Milano Cookies for a more refined taste. Ultimately, the best cookie depends on your personal preference, but Oreo is a timeless favorite!",positive,Oreo; Nabisco; Chips Ahoy!; Pepperidge Farm
175,"A classic choice for pairing with milk is the **Chocolate Chip Cookies** by brands like **Chips Ahoy!** or **Mrs. Fields**. For a more premium option, you might enjoy **Lenny & Larry's The Complete Cookie** or **Oreo** cookies if you prefer a sandwich cookie. 

If you're looking for a traditional, homemade taste, **Toll House Chocolate Chip Cookies** are iconic and pair beautifully with milk. For a softer, melt-in-your-mouth experience, **Archway Soft Baked Cookies** are also a popular choice.

Would you like a recommendation based on your flavor preference (chocolate, peanut butter, oatmeal, etc.)?",positive,Chips Ahoy!; Mrs. Fields; Lenny & Larry's The Complete Cookie; Oreo; Toll House Chocolate Chip Cookies; Archway Soft Baked Cookies
176,"A classic choice for a cookie to enjoy with milk is the **Chocolate Chip Cookie**. Some popular and highly recommended brands include **Chips Ahoy!**, **Mrs. Fields**, and **Toll House**. For a premium experience, you might try **Lenny & Larry's The Complete Cookie** or **Oreo Cookies** if you prefer a sandwich-style treat. 

If you're looking for a specific recommendation, **Toll House Chocolate Chip Cookies** are a timeless favorite that pairs perfectly with milk. For a softer, chewy option, **Mrs. Fields Chocolate Chip Cookies** are also excellent. 

Would you like suggestions for homemade recipes or specific dietary options like gluten-free or vegan?",positive,Chips Ahoy!; Mrs. Fields; Toll House; Lenny & Larry's The Complete Cookie; Oreo Cookies
177,"A classic choice for dipping in milk is the **Chips Ahoy! Original Chocolate Chip Cookies** by Nabisco. They have a good balance of crunch and chocolate chips, making them perfect for dunking.

If you prefer a softer cookie, **Oreo Original** by Nabisco is a popular favorite, with its creamy filling and crunchy cookie layers that absorb milk well.

For a more gourmet option, **Walkers Shortbread Cookies** offer a rich, buttery flavor that pairs wonderfully with milk.

Ultimately, the best cookie depends on your taste—whether you prefer crispy, chewy, or buttery cookies!",positive,Chips Ahoy!; Nabisco; Oreo; Walkers
178,"A classic choice for dipping into milk is the **Oreo Original** cookies by Nabisco. They have a perfect balance of chocolate and cream filling that pairs wonderfully with milk. If you're looking for something different, you might also enjoy **Chocolate Chip Cookies** by Pepperidge Farm, especially their **Milano Cookies** or **Chocolate Chip Cookies**. For a more indulgent option, **Girl Scout Thin Mints** or **Lorna Doone Shortbread Cookies** are also excellent choices. Ultimately, the best cookie depends on your flavor preference, but Oreo Original is a timeless favorite for milk dunking!",positive,Oreo Original; Nabisco; Pepperidge Farm; Milano Cookies; Girl Scout Thin Mints; Lorna Doone
179,"A classic choice for dipping in milk is the Oreo Cookie by Nabisco. Its crispy chocolate exterior and creamy filling make it an ideal pairing. If you're looking for something different, the Chips Ahoy! Original by Mondelez is also popular for dipping. For a more indulgent option, the Pepperidge Farm Milano Cookies offer a buttery, chocolate-covered experience. Ultimately, the best cookie depends on your personal taste, but these brands are widely loved for their perfect complement to a glass of milk.",positive,Oreo; Nabisco; Chips Ahoy!; Mondelez; Pepperidge Farm; Milano
180,"A classic choice is the **Chocolate Chip Cookies** from **Toll House**, which are widely loved for their perfect balance of sweetness and chocolate chunks. If you're looking for a premium option, **Lily's Chocolate Chip Cookies** are great if you prefer a slightly healthier, organic choice. 

For a more indulgent treat, **Mrs. Fields Chocolate Chip Cookies** offer a soft, chewy texture that pairs wonderfully with milk. If you prefer a crunchy cookie, **Annie's Organic Bunny Grahams** or **Keebler's Original Fudge Shoppe Cookies** are also excellent options.

Ultimately, the best cookie depends on your taste—whether you prefer chewy, crunchy, chocolatey, or buttery.",positive,Toll House; Lily's; Mrs. Fields; Annie's; Keebler
181,"A classic choice for dipping in milk is the Oreo Original Sandwich Cookies by Nabisco. They have a perfect balance of chocolate and cream that complements milk beautifully. If you're looking for something different, you might enjoy Chips Ahoy! Original Chocolate Chip Cookies by Nabisco or the buttery, crispy Pepperidge Farm Milano Cookies. For a more indulgent option, the Walkers Shortbread Cookies are rich and buttery, pairing wonderfully with milk. Ultimately, the best cookie depends on your personal taste, but these brands are widely loved for their quality and flavor.",positive,Oreo; Nabisco; Chips Ahoy!; Pepperidge Farm; Milano; Walkers
182,"A classic choice for pairing with milk is the **Chips Ahoy! Original Chocolate Chip Cookies** by Nabisco. They have a perfect balance of crunch and chocolatey goodness that complements the milk beautifully. If you're looking for something a bit more premium, the **Oreo Original Sandwich Cookies** by Nabisco are also a popular favorite, with their creamy filling and crisp cookie exterior. For a softer, more buttery option, **Walkers Shortbread Cookies** are delicious and pair nicely with milk as well. 

Would you like a recommendation for a specific flavor or type of cookie?",positive,Chips Ahoy!; Nabisco; Oreo; Walkers
183,"A classic choice is the **Chips Ahoy! Original Chocolate Chip Cookies**—they're widely loved for their chewy texture and rich chocolate chips that pair perfectly with milk. If you're looking for something a bit more gourmet, **Oreo Original Sandwich Cookies** are iconic and complement milk beautifully with their creamy filling. For a softer, buttery option, **Walkers Shortbread Cookies** are a delightful choice, especially if you enjoy a melt-in-your-mouth texture. Ultimately, the best cookie depends on your personal taste, but these brands are some of the most popular and highly recommended!",positive,Chips Ahoy!; Oreo; Walkers
184,"A classic choice for a cookie to enjoy with milk is the **Oreo Original** by Nabisco. Its creamy filling and crispy texture make it a perfect pairing. If you're looking for something a bit different, **Chocolate Chip Cookies** by Chips Ahoy! or **Lemon Shortbread Cookies** by Walkers are also popular options. For a more gourmet experience, you might try **Lorna Doone Shortbread Cookies** or **Biscoff Cookies** by Lotus, which have a rich, caramelized flavor that pairs wonderfully with milk.",positive,Oreo; Nabisco; Chips Ahoy!; Walkers; Lorna Doone; Biscoff; Lotus
185,"A classic choice for a cookie to enjoy with milk is the **Oreo** by Nabisco. Its creamy filling and crunchy texture pair perfectly with a glass of milk. If you're looking for something a bit different, the **Milano Cookies** by Pepperidge Farm, especially the Chocolate Milano or the Lemon Milano, are also excellent options. For a homemade touch, you might consider baking **Chocolate Chip Cookies** by Nestlé Toll House, which are timeless and delicious with milk.",positive,Oreo; Nabisco; Milano Cookies; Pepperidge Farm; Chocolate Chip Cookies; Nestlé Toll House
186,"A classic choice for pairing with milk is the **Chocolate Chip Cookies** by **Toll House**. Their **Nestlé Toll House Chocolate Chip Cookies** are renowned for their chewy texture and rich chocolate chips, making them a perfect complement to a glass of milk. 

If you prefer something a bit more indulgent, you might enjoy **Oreo Original Sandwich Cookies** by **Nabisco**—their creamy filling pairs wonderfully with milk, especially when dipped. 

For a softer cookie option, **Mrs. Fields** offers delicious **Chocolate Chip Cookies** that are soft and gooey, ideal for dipping.

Ultimately, the best cookie depends on your personal preference, but these brands are widely loved and pair beautifully with milk!",positive,Toll House; Nestlé Toll House; Oreo; Nabisco; Mrs. Fields
187,"A classic choice for dipping in milk is the **Chocolate Chip Cookie**. Popular brands like **Chocolate Chip Cookies by Chips Ahoy!**, **Mrs. Fields Chocolate Chip Cookies**, or **Oreo Chocolate Chip Cookies** are favorites. 

If you prefer a soft, chewy cookie, **Mrs. Fields** or **Tate’s Bake Shop** offer excellent options. For a more traditional and crunchy cookie, **Oreo Original Sandwich Cookies** are a popular pick that pairs perfectly with milk.

If you're interested in a specific flavor or texture, I can recommend more options!",positive,Chips Ahoy!; Mrs. Fields; Oreo; Tate’s Bake Shop
188,"A classic choice for pairing with milk is the Oreo Original Sandwich Cookies by Nabisco. Their creamy filling and chocolate cookies complement milk perfectly, creating a timeless snack. If you're looking for something different, Hydrox Cookies are a great alternative with a similar taste. For a more indulgent option, you might enjoy Chips Ahoy! Chewy Cookies by Nabisco, which have a soft texture that pairs nicely with milk.",positive,Oreo; Nabisco; Hydrox; Chips Ahoy!
189,"A classic choice for pairing with milk is the Oreo Original Sandwich Cookies by Nabisco. Their creamy filling and chocolate wafer cookies complement milk beautifully, making it a favorite for many. If you're looking for something different, you might also enjoy Chips Ahoy! Chewy Cookies or Mrs. Fields Chocolate Chip Cookies, both of which pair well with a glass of milk.",positive,Oreo; Nabisco; Chips Ahoy!; Mrs. Fields
190,"A classic choice for pairing with milk is the **Oreo Original Sandwich Cookies** by Nabisco. Their creamy filling and crunchy texture make them a perfect complement to a glass of cold milk. 

If you're looking for something slightly different, you might enjoy **Chocolate Chip Cookies** from brands like **Mrs. Fields** or **Tate's Bake Shop**. Their rich chocolate chips and buttery texture pair wonderfully with milk.

For a more indulgent option, try **Chips Ahoy! Chewy Cookies** for a softer bite, or **Barnum's Animal Crackers** for a nostalgic twist.

Would you like recommendations based on specific flavor preferences or dietary needs?",positive,Oreo; Nabisco; Mrs. Fields; Tate's Bake Shop; Chips Ahoy!; Barnum's
191,"A classic choice for pairing with milk is the **Chocolate Chip Cookies** by **Toll House**. Their **Nestlé Toll House Chocolate Chip Cookies** are widely loved for their perfect balance of chewy and crispy textures and rich chocolate chips. 

If you're looking for something a bit more indulgent, **Lorna Doone Shortbread Cookies** are a great option—they're buttery and crumbly, pairing beautifully with milk. For a more premium treat, **Walkers Shortbread** offers high-quality, melt-in-your-mouth cookies.

Ultimately, the best cookie depends on your taste preferences, but these brands are renowned for their quality and delicious pairing with milk!",positive,Toll House; Nestlé Toll House; Lorna Doone; Walkers
192,"A classic choice for dipping in milk is the **Oreo Original** by Nabisco. Its crunchy texture and creamy filling make it a favorite for many. If you're looking for something different, **Chocolate Chip Cookies** by Pepperidge Farm or **Lorna Doone Shortbread Cookies** by Keebler are also excellent options that pair well with milk. For a gourmet touch, you might enjoy **Tate's Bake Shop Chocolate Chip Cookies** for their thin, crispy texture.",positive,Oreo; Nabisco; Pepperidge Farm; Lorna Doone; Keebler; Tate's Bake Shop
193,"A classic choice is the Oreo Original Sandwich Cookies by Nabisco. They have a perfect balance of creamy filling and chocolate cookie crunch that pairs wonderfully with milk. If you're looking for a different flavor, you might try Chips Ahoy! Original by Mondelez, which offers a chewy, chocolatey option that also complements milk nicely. For a more gourmet experience, consider the Pepperidge Farm Milano Cookies, which add a touch of sophistication to your milk-time.",positive,Oreo; Nabisco; Chips Ahoy!; Mondelez; Pepperidge Farm
194,"A classic choice is the **Oreo Original** cookies by Nabisco. They are widely loved for their perfect balance of chocolate and creamy filling, making them a delicious pairing with milk. If you're looking for something different, **Chips Ahoy! Original** by Nabisco is another popular option with its chewy or crunchy texture. For a more indulgent option, you might enjoy **Lorna Doone** shortbread cookies, which have a buttery flavor that pairs beautifully with milk.",positive,Oreo; Nabisco; Chips Ahoy!; Lorna Doone
195,"A classic choice for dipping in milk is the Oreo Original Sandwich Cookie by Nabisco. Its creamy filling and crispy chocolate wafers make it a favorite for many. If you're looking for a different option, you might also enjoy Chips Ahoy! Original Chocolate Chip Cookies by Nabisco or the classic Pepperidge Farm Milano Cookies, which offer a sophisticated taste with their smooth chocolate coating. All of these pair wonderfully with a cold glass of milk!",positive,Nabisco; Chips Ahoy!; Pepperidge Farm
196,"A classic choice for dipping in milk is the Oreo Original Sandwich Cookies by Nabisco. They have a perfect combination of crispy chocolate cookies and creamy filling that pairs wonderfully with milk. If you're looking for something different, you might also enjoy Girl Scout Thin Mints or Chips Ahoy! Original Cookies by Mondelez. For a softer, more buttery option, Pepperidge Farm Milano Cookies are also excellent with milk.",positive,Oreo; Nabisco; Girl Scout; Thin Mints; Chips Ahoy!; Mondelez; Pepperidge Farm; Milano
197,"A classic choice for dipping in milk is the Oreo Original Sandwich Cookies by Nabisco. Their creamy filling and crunchy chocolate wafers make them a popular favorite. If you're looking for something different, you might also enjoy the classic Chips Ahoy! Original Cookies by Mondelez or the buttery, melt-in-your-mouth Tate's Bake Shop Chocolate Chip Cookies. All of these options pair wonderfully with a glass of milk!",positive,Oreo; Nabisco; Chips Ahoy; Mondelez; Tate's Bake Shop
198,"A classic choice for dipping in milk is the **Oreo Cookie** by Nabisco. Its crisp texture and creamy filling make it a favorite for many. If you're looking for something a bit different, you might also enjoy **Chips Ahoy! Chewy Cookies** or **Mrs. Fields Chocolate Chip Cookies** for a softer, more indulgent pairing. For a more gourmet option, **Lorna Jane's Golden Cookies** or **Tate's Bake Shop Chocolate Chip Cookies** are excellent choices.",positive,Oreo; Chips Ahoy!; Mrs. Fields; Lorna Jane; Tate's Bake Shop
199,"A classic choice for pairing with milk is the **Chips Ahoy! Original Chocolate Chip Cookies** by Nabisco. They have a perfect balance of crunch and chocolatey goodness that complements milk beautifully. If you're looking for a more premium option, **Lenny & Larry's The Complete Cookie** offers a soft, chewy texture and is made with plant-based ingredients, perfect for dunking. For a nostalgic, homemade feel, **Girl Scout Thin Mints** or **Oreos** by Nabisco are also excellent choices. Ultimately, the best cookie depends on your personal taste, but these are some popular and widely enjoyed options!",positive,Chips Ahoy!; Nabisco; Lenny & Larry's; Girl Scout; Thin Mints; Oreos
200,"A classic choice for dipping into milk is the Oreo Original Sandwich Cookies by Nabisco. They have the perfect balance of chocolate and cream filling that pairs wonderfully with milk, softening just enough for a delicious treat. 

Another popular option is the Chips Ahoy! Original Chocolate Chip Cookies by Mondelez, which offer a chewy texture and sweet chocolate chips that complement a glass of milk well.

If you're looking for a softer, more buttery cookie, the Pepperidge Farm Bordeaux Cookies are a great choice—they’re crisp and buttery, perfect for dunking.

Would you like recommendations for gluten-free options or more gourmet cookies?",positive,Oreo; Nabisco; Chips Ahoy!; Mondelez; Pepperidge Farm
201,"A classic choice for pairing with milk is the **Oreos** by Nabisco. Their creamy filling and crunchy texture make them a favorite for dunking. If you're looking for something different, **Chocolate Chip Cookies** by brands like **Mrs. Fields** or **Tate’s Bake Shop** are also excellent options, offering a rich, buttery flavor that complements milk beautifully. For a more indulgent treat, **Annie's Organic Bunny Cookies** or **Lorna Doone Shortbread Cookies** are great choices as well.",positive,Oreos; Nabisco; Mrs. Fields; Tate’s Bake Shop; Annie's Organic Bunny Cookies; Lorna Doone
202,"A classic choice for pairing with milk is the **Chips Ahoy! Original Chocolate Chip Cookies** by Mondelez. They have a crispy texture and rich chocolate chips that complement the milk perfectly. 

If you're looking for something a bit more indulgent, consider **Oreo Original Sandwich Cookies** by Nabisco, which are creamy and crunchy, making them a popular favorite with milk.

For a softer, more buttery option, **Walkers Shortbread Cookies** are delicious and pair wonderfully with a glass of milk.

Would you like recommendations on specific brands or types, such as gluten-free or organic options?",positive,Chips Ahoy!; Mondelez; Oreo; Nabisco; Walkers
203,"A classic choice for dunking in milk is the **Chocolate Chip Cookie**. Popular brands like **Chocolate Chip Cookies by Chips Ahoy!** or **Oreos** (which are actually cookies with a creamy filling) are favorites for many. 

If you're looking for a traditional homemade style, **Levain Bakery Chocolate Chip Cookies** are highly acclaimed for their rich, gooey texture. 

For a gluten-free option, **Enjoy Life Soft Cookies** or **Lenny & Larry's The Complete Cookie** are good choices.

Ultimately, the best cookie depends on your preference—if you love a crispy texture, **Annie's Bunny Grahams** or **Pepperidge Farm Milano Cookies** are great options. If you prefer soft and",positive,Chips Ahoy!; Oreos; Levain Bakery; Enjoy Life; Lenny & Larry's; Annie's; Pepperidge Farm
204,"A popular choice for pairing with milk is the classic **Chocolate Chip Cookies** by **Toll House**. Their **Nestlé Toll House Chocolate Chip Cookies** are beloved for their perfect balance of chewy and crunchy textures and rich chocolate chips, making them an excellent companion for a glass of milk.

If you're looking for something a bit more premium, consider **Lorna Doone Shortbread Cookies**—their buttery, crumbly texture pairs wonderfully with milk. For a more indulgent option, **Oreo Original Sandwich Cookies** by **Nabisco** are a timeless classic that complement milk beautifully.

Ultimately, the best cookie depends on your personal taste, but these brands are renowned for their quality and flavor pairing with milk!",positive,Toll House; Nestlé; Lorna Doone; Oreo; Nabisco
205,"A classic choice for pairing with milk is the **Oreo Original Sandwich Cookies** by Nabisco. They are known for their creamy filling and crunchy chocolate cookies, making them a perfect, nostalgic combination with a glass of milk. 

If you're interested in a different flavor, you might also enjoy **Chocolate Chip Cookies** by Tate’s Bake Shop for a slightly more homemade feel, or **Biscoff Cookies** by Lotus for a caramel-spiced twist. 

Ultimately, the best cookie depends on your personal taste, but Oreo is a timeless favorite for dunking!",positive,Nabisco; Tate’s Bake Shop; Lotus
206,"A classic choice for dipping in milk is the **Chips Ahoy! Original Chocolate Chip Cookies** by Nabisco. They are crispy, sweet, and have plenty of chocolate chips to complement the milk. 

If you're looking for a softer, more buttery option, **Oreo Original Sandwich Cookies** are a popular favorite—they pair wonderfully with milk and are great for dunking.

For a more gourmet experience, you might enjoy **Tate's Bake Shop Chocolate Chip Cookies**, known for their thin, crispy texture and rich flavor.

Ultimately, the best cookie depends on your taste preferences—whether you prefer crispy, chewy, or filled cookies!",positive,Chips Ahoy!; Nabisco; Oreo; Tate's Bake Shop
207,"A classic choice for a cookie to enjoy with milk is the Oreo Original Sandwich Cookie by Nabisco. Its creamy filling and crunchy chocolate wafers make it a perfect pairing. If you're looking for something different, you might also enjoy Chips Ahoy! Original Chocolate Chip Cookies by Mondelez, or for a softer option, the Pepperidge Farm Chessmen Butter Cookies. Each of these offers a delicious complement to a cold glass of milk!",positive,Oreo; Nabisco; Chips Ahoy!; Mondelez; Pepperidge Farm
208,"A classic choice for pairing with milk is the **Oreo Original Sandwich Cookies** by Nabisco. Their creamy filling and chocolate wafers create a delicious combination that complements milk perfectly. 

If you're interested in something different, **Chips Ahoy! Chewy Chocolate Chip Cookies** by Mondelez are also popular for dipping. For a more indulgent option, **Girl Scout Thin Mints** or **Pepperidge Farm Milano Cookies** pair wonderfully with milk as well.

Would you like recommendations for specific flavors or types (e.g., gluten-free, organic)?",positive,Oreo; Nabisco; Chips Ahoy!; Mondelez; Girl Scout; Thin Mints; Pepperidge Farm; Milano
209,"A classic choice for pairing with milk is the **Chocolate Chip Cookie**. Popular brands like **Chocolate Chip Cookies by Chips Ahoy!** or **Mrs. Fields Chocolate Chip Cookies** are widely enjoyed for their perfect balance of sweetness and chocolate chunks.

If you're looking for something a bit more gourmet, **Tate's Bake Shop Chocolate Chip Cookies** are known for their thin, crispy texture and rich flavor, making them a delightful accompaniment to a glass of milk.

For a timeless, homemade feel, you might try **Lenny & Larry's The Complete Cookie** in chocolate chip flavor, which is also a popular vegan option.

Would you like recommendations for specific dietary preferences or cookie textures?",positive,Chips Ahoy!; Mrs. Fields; Tate's Bake Shop; Lenny & Larry's
210,"A classic choice for dipping in milk is the Oreo Original Sandwich Cookies. They have a perfect balance of chocolate and creamy filling that pairs wonderfully with milk. If you're looking for something different, you might also enjoy Chips Ahoy! Original Cookies for a slightly crunchier texture, or Pepperidge Farm Milano Cookies for a more sophisticated flavor. Ultimately, the best cookie depends on your personal taste, but Oreo is a popular, timeless option!",positive,Oreo; Chips Ahoy!; Pepperidge Farm
211,"A classic choice for pairing with milk is the **Chocolate Chip Cookie**, and some popular brands known for their delicious options include **Toll House Original Chocolate Chip Cookies** by Nabisco and **Mrs. Fields Milk Chocolate Chip Cookies**. 

If you prefer a softer, chewier cookie, **Oreo Cookies** are also a favorite—just dunk them in milk for a delicious treat. For a more gourmet option, you might enjoy **Lenny & Larry's The Complete Cookie**, which offers a chewy, cookie-like experience with added nutritional benefits.

Ultimately, the best cookie depends on your taste preferences—whether you like chewy, crunchy, chocolatey, or classic vanilla.",positive,Toll House; Nabisco; Mrs. Fields; Oreo; Lenny & Larry's
212,"A classic choice for pairing with milk is the **Chips Ahoy! Original Chocolate Chip Cookies**. They are widely loved for their chewy texture and rich chocolate chips. If you're looking for a premium option, **Mrs. Fields Milk Chocolate Chip Cookies** offer a soft, buttery texture with generous chocolate chips that complement milk beautifully. For a more indulgent experience, **Oreo Cookies** are a popular choice, especially with their creamy filling that pairs perfectly with milk. Ultimately, the best cookie depends on your personal preference—whether you prefer chewy, crunchy, or creamy-filled cookies!",positive,Chips Ahoy!; Mrs. Fields; Oreo
213,"A classic choice for pairing with milk is the **Chips Ahoy! Original Chocolate Chip Cookies** by Nabisco. They have a perfect balance of crispy edges and chewy centers that complement the creaminess of milk beautifully. 

If you prefer a softer cookie, **Oreo Original Cookies** are a popular favorite—just dunk them in milk for a few seconds to soften and enjoy. 

For a more gourmet option, you might try **Mrs. Fields Chocolate Chip Cookies** or **Tate’s Bake Shop Chocolate Chip Cookies**—both are known for their rich flavor and satisfying texture.

Ultimately, the best cookie depends on your personal preference—whether you like chewy, crispy, or soft cookies, there's a perfect match for everyone!",positive,Chips Ahoy!; Nabisco; Oreo; Mrs. Fields; Tate’s Bake Shop
214,"A classic choice for dipping in milk is the Oreo Original Sandwich Cookies by Nabisco. They have a perfect balance of chocolate wafers and creamy filling, making them a popular favorite. If you're looking for something a bit different, the Chips Ahoy! Chewy Chocolate Chip Cookies by Mondelez are also delicious and pair well with milk. For a more indulgent option, consider Pepperidge Farm's Milano Cookies, which offer a crisp texture and rich flavor that complements milk nicely.",positive,Nabisco; Mondelez; Pepperidge Farm
215,"A classic choice for dipping in milk is the Oreo Original Sandwich Cookies by Nabisco. They have a perfect balance of chocolate wafers and creamy filling, making them a favorite for many. If you're looking for something different, you might also enjoy Chips Ahoy! Chewy Cookies or Pepperidge Farm Milano Cookies. Each offers a delicious pairing with milk, so it depends on whether you prefer a crunchy or a softer cookie.",positive,Oreo; Nabisco; Chips Ahoy!; Pepperidge Farm
216,"A classic choice for pairing with milk is the Oreo Original Sandwich Cookies by Nabisco. Their creamy filling and crunchy chocolate cookies complement milk perfectly, creating a timeless combination. If you're looking for something different, you might also enjoy Chips Ahoy! Original Chocolate Chip Cookies by Mondelez International or Pepperidge Farm's Milano Cookies for a more sophisticated flavor.",positive,Oreo; Nabisco; Chips Ahoy!; Mondelez International; Pepperidge Farm
217,"A classic choice for cookies to enjoy with milk is the **Chocolate Chip Cookie**, especially the iconic **Chocolate Chip Cookies by Nestlé Toll House**. They have a perfect balance of sweet chocolate chips and buttery cookie dough, making them a favorite. 

If you're looking for premium options, **Mrs. Fields** offers delicious homemade-style cookies, or you might enjoy **Tate’s Bake Shop** Thin & Crispy Cookies, which are fantastic for dipping.

For a more indulgent treat, try **Chips Ahoy!** Original Chocolate Chip Cookies by Nabisco, which are widely loved and readily available. 

Would you prefer a softer cookie, a crispy one, or perhaps a cookie with a different flavor profile?",positive,Nestlé Toll House; Mrs. Fields; Tate’s Bake Shop; Chips Ahoy!; Nabisco
218,"A classic choice for pairing with milk is the **Chips Ahoy! Chewy Chocolate Chip Cookies** by Nabisco. They have a soft, chewy texture and plenty of chocolate chips, making them a delicious complement to milk. 

If you prefer a more traditional, crispy cookie, **Oreo Original Sandwich Cookies** are also a popular favorite — their creamy filling pairs perfectly with a glass of milk.

For a more gourmet option, you might enjoy **Pepperidge Farm Milano Cookies** or **Walkers Shortbread Cookies**, which offer rich, buttery flavors that complement milk beautifully.

Would you like recommendations tailored to a specific flavor preference or dietary need?",positive,Chips Ahoy!; Nabisco; Oreo; Pepperidge Farm; Walkers
219,"A classic choice for dipping in milk is the **Oreo Original Sandwich Cookies** by Nabisco. Their creamy filling and crunchy chocolate cookies make them a favorite for many. If you're looking for something different, **Chips Ahoy! Original** by Mondelez is also a popular option, offering a chewy or crispy texture depending on your preference. For a more premium experience, **Walkers Shortbread Fingers** provide a buttery, melt-in-your-mouth texture that pairs wonderfully with milk.",positive,Oreo; Nabisco; Chips Ahoy!; Mondelez; Walkers
220,"A classic choice for dipping in milk is the **OREO Original** cookie by Nabisco. Its creamy filling and chocolate wafers make it a perfect, flavorful pairing. If you're looking for something different, **Chip Ahoy! Original** by Mondelez offers a chewy, chocolate-chip cookie that also pairs wonderfully with milk. For a more indulgent option, you might enjoy **Walkers Shortbread Fingers** for a buttery, crumbly experience. Ultimately, the best cookie depends on your personal taste, but these popular options are widely loved for their perfect milk-dunking qualities!",positive,OREO; Nabisco; Chip Ahoy!; Mondelez; Walkers
221,"A popular choice for a cookie to pair with milk is the classic **Chocolate Chip Cookie**. Brands like **Chocolate Chip Cookies by Mrs. Fields** or **Tate’s Bake Shop Chocolate Chip Cookies** are highly recommended for their rich chocolate and crispy texture. 

If you prefer something a bit more indulgent, **Oreo Original Sandwich Cookies** are a timeless option that pairs perfectly with milk. For a softer, chewy cookie, **Utz Cookies** or **Walkers Shortbread Cookies** are excellent choices.

Ultimately, the best cookie depends on your taste—whether you prefer chocolate, buttery, or crispy cookies, there's a perfect match out there!",positive,Chocolate Chip Cookies by Mrs. Fields; Tate’s Bake Shop Chocolate Chip Cookies; Oreo Original Sandwich Cookies; Utz Cookies; Walkers Shortbread Cookies
222,"A classic choice for dipping in milk is the **Chips Ahoy! Original Chocolate Chip Cookies**. They have a good balance of crunch and chocolatey goodness that pairs perfectly with milk. If you're looking for a more premium option, **Walkers Shortbread Cookies** offer a buttery, melt-in-your-mouth experience that complements milk beautifully. For a nostalgic favorite, **Oreos** are unbeatable—they soften just right when dipped and have that iconic vanilla and chocolate flavor combo. 

If you prefer something a bit more indulgent, **Famous Amos Chocolate Chip Cookies** are also a popular choice. Ultimately, the best cookie depends on your personal preference, but these brands are widely loved for their quality and flavor with milk.",positive,Chips Ahoy!; Walkers; Oreos; Famous Amos
223,"A classic choice for pairing with milk is the **Oreo Original Sandwich Cookies** by Nabisco. Their creamy filling and crunchy texture complement the milk perfectly. 

If you're looking for something different, **Chips Ahoy! Original Chocolate Chip Cookies** by Mondelez are also popular and pair well with milk. 

For a more indulgent option, you might enjoy **Walkers Shortbread Cookies**—their rich, buttery flavor is delightful with milk. 

Ultimately, the best cookie depends on your personal taste, but Oreo and Chips Ahoy! are timeless favorites for dipping in milk.",positive,Oreo; Nabisco; Chips Ahoy!; Mondelez; Walkers
224,"A classic choice for dipping in milk is the **Oreo Original Chocolate Sandwich Cookie** by Nabisco. Its creamy filling and crunchy chocolate cookies make it a popular favorite. If you’re looking for something different, you might also enjoy **Lorna Doone Shortbread Cookies** for a buttery, tender option or **Tate’s Bake Shop Chocolate Chip Cookies** for a crispy, chewy treat. Ultimately, the best cookie depends on your personal taste, but Oreo is often considered the top pick for pairing with milk!",positive,Oreo; Nabisco; Lorna Doone; Tate’s Bake Shop
225,"A classic choice for pairing with milk is the **Chocolate Chip Cookies**, and one of the most popular and highly recommended brands is **Mrs. Fields Chocolate Chip Cookies**. They are known for their soft texture and rich chocolate chunks, making them a perfect complement to a glass of milk.

If you're looking for something different, **Oreo Original Sandwich Cookies** are a timeless favorite, with their crispy texture and creamy filling that pairs wonderfully with milk.

For a more artisanal option, **Tate's Bake Shop Chocolate Chip Cookies** offer a thin, crispy texture with high-quality ingredients, providing a delightful crunch when dipped in milk.

Ultimately, the best cookie depends on your personal taste—whether you prefer chewy, crunchy, or filled cookies!",positive,Mrs. Fields Chocolate Chip Cookies; Oreo Original Sandwich Cookies; Tate's Bake Shop Chocolate Chip Cookies
226,"A classic choice for pairing with milk is the **Oreo Original Sandwich Cookies** by Nabisco. They have a perfect balance of chocolate and cream, making them a favorite for dunking. 

If you're looking for something different, ** Chips Ahoy! Original Chewy Cookies** by Mondelez offer a soft, chewy texture that pairs nicely with milk. 

For a more premium option, you might try **Walkers Shortbread Cookies**—their buttery, crumbly texture complements milk beautifully.

Would you like a recommendation for a specific flavor or type, such as gluten-free or organic options?",positive,Oreo; Nabisco; Chips Ahoy!; Mondelez; Walkers
227,"A classic choice for pairing with milk is the **Chips Ahoy! Original Chocolate Chip Cookies** by Nabisco. They have a perfect balance of chocolate chips and cookie crunch that complements milk beautifully. 

If you're looking for something a bit more indulgent, **Oreos** by Mondelez are a popular favorite, especially dipped in milk. Their creamy filling and chocolate wafers make for a delightful combo.

For a more premium option, try **Walkers Shortbread Cookies**—their buttery, crumbly texture pairs wonderfully with milk.

Ultimately, the best cookie depends on your taste—whether you prefer chocolate, buttery, or even oatmeal varieties. Would you like recommendations for specific dietary preferences or cookie types?",positive,Chips Ahoy!; Nabisco; Oreos; Mondelez; Walkers
228,"A classic choice for dipping into milk is the **OREO Original Sandwich Cookies** by Mondelez. They have a perfect balance of crunchy chocolate cookies with creamy filling, making them a favorite for many. 

If you're looking for something different, you might also enjoy **Chips Ahoy! Original Chewy Cookies** by Nabisco, which offer a chewy texture and chocolate chips that pair well with milk. 

For a more premium option, consider **Walkers Shortbread Fingers**—their buttery, crumbly texture complements milk beautifully. 

Let me know if you prefer a particular flavor or type, and I can suggest more options!",positive,OREO; Mondelez; Chips Ahoy!; Nabisco; Walkers
229,"A classic choice for pairing with milk is the Oreo Original Cookies by Nabisco. They have a perfect balance of chocolate and cream that complement the creaminess of milk. If you're looking for something a bit different, Chips Ahoy! Chewy Cookies by Mondelez are also a popular option with their soft texture and chocolate chips. For a more indulgent experience, you might enjoy the Pepperidge Farm Milano Cookies, which are buttery and crisp with a rich chocolate filling.",positive,Nabisco; Mondelez; Pepperidge Farm
230,"A classic choice for pairing with milk is the Oreo Cookie by Nabisco. Its creamy filling and chocolate wafers complement milk perfectly, creating a delicious combination. If you're looking for something a bit different, you might also enjoy Chips Ahoy! Original Chewy Cookies by Mondelez or the classic Lundberg Cookies by Lundberg. Each offers a delightful taste that pairs well with a glass of milk.",positive,Nabisco; Mondelez; Lundberg
231,"A classic choice for pairing with milk is the **Chips Ahoy! Original Chocolate Chip Cookies** by Mondelez International. They have a great balance of crunch and chocolatey goodness that complements milk perfectly. 

If you're looking for a more gourmet option, **Walker’s Shortbread Cookies** offer a rich, buttery flavor that pairs wonderfully with milk. 

For a softer, chewy option, **Mrs. Fields Chocolate Chip Cookies** are a popular choice with a gooey center that goes well with a glass of milk. 

Ultimately, the best cookie depends on your personal preference, but these brands are widely loved for their quality and flavor pairing with milk!",positive,Chips Ahoy!; Mondelez International; Walker’s; Mrs. Fields
232,"A classic choice for dipping into milk is the Oreo Original Sandwich Cookies by Nabisco. They have a perfect balance of crunchy chocolate cookies with creamy white filling, making them a favorite for many. If you're looking for something different, you might also enjoy Chips Ahoy! Original Cookies by Mondelez, or for a more buttery option, Pepperidge Farm's Milano Cookies. Ultimately, the best cookie depends on your personal taste, but these brands are popular and widely loved for pairing with milk.",positive,Oreo; Nabisco; Chips Ahoy!; Mondelez; Pepperidge Farm; Milano
233,"A classic choice to enjoy with milk is the **Chips Ahoy! Original Chocolate Chip Cookies**. They have a great balance of sweetness and crunch that pairs perfectly with a cold glass of milk. 

If you're looking for something a bit more premium, **Oreo Original Sandwich Cookies** are always a popular option—twist off the top, dip, and enjoy! 

For a softer, more melt-in-your-mouth option, **Biscotti** such as **Lu Biscotti** or **Amaretti** can be excellent choices, especially if you prefer a crunch that softens as it absorbs the milk.

Would you prefer a classic chocolate chip, a sandwich cookie, or something more gourmet?",positive,Chips Ahoy!; Oreo; Lu Biscotti; Amaretti
234,"A classic choice for pairing with milk is the **Chips Ahoy! Chocolate Chip Cookies** by Nabisco. They are soft, chewy, and packed with chocolate chips, making them a delightful complement to a glass of milk. 

If you prefer a more premium option, try **Walkers Shortbread Cookies**—their buttery, crumbly texture pairs wonderfully with milk. For a nostalgic favorite, **Oreos** by Nabisco are always a popular pick, especially when dipped in milk.

Ultimately, the best cookie depends on your personal preference—whether you like chewy, crunchy, or buttery cookies!",positive,Chips Ahoy!; Nabisco; Walkers; Oreos
235,"A classic choice for dipping in milk is the Oreo Cookie by Nabisco. Its creamy filling and crunchy chocolate exterior make it a favorite for many. If you're looking for something a bit different, you might also enjoy the Chips Ahoy! Original Chocolate Chip Cookies by Mondelez, which are slightly softer and packed with chocolate chips. For a more indulgent option, the Pepperidge Farm Milano Cookies offer a delicate, buttery flavor that pairs beautifully with milk. Ultimately, the best cookie depends on your personal taste, but Oreo is often considered the top choice for a milk-dunking experience!",positive,Oreo; Nabisco; Chips Ahoy!; Mondelez; Pepperidge Farm; Milano
236,"A popular and delicious choice for pairing with milk is the classic **Chocolate Chip Cookies**. Brands like **Tate's Bake Shop Chocolate Chip Cookies** and **Mrs. Fields Milk Chocolate Chip Cookies** are highly recommended for their rich flavors and crisp texture that complement milk perfectly. 

If you're looking for a specific brand that is widely loved, **Oreo Original Sandwich Cookies** are a timeless option, especially if you enjoy a crunchy, creamy combination. For a softer, more buttery option, **Levain Bakery Chocolate Chip Cookies** are renowned for their thick, gooey texture that pairs wonderfully with a glass of milk.

Ultimately, the best cookie depends on your personal preference—whether you prefer chewy, crunchy, chocolatey, or buttery. Would you",positive,Tate's Bake Shop Chocolate Chip Cookies; Mrs. Fields Milk Chocolate Chip Cookies; Oreo Original Sandwich Cookies; Levain Bakery Chocolate Chip Cookies
237,"A classic and highly recommended cookie to enjoy with milk is the **Chips Ahoy! Original Chocolate Chip Cookies** by Mondelez. They have a perfect balance of crunch and chocolatey goodness. 

If you're looking for something a bit more indulgent, **Oreo Original Sandwich Cookies** by Nabisco are a popular choice—they pair wonderfully with milk, especially if you like to dip!

For a softer, more buttery option, **Walkers Shortbread Cookies** are delicious and melt-in-your-mouth, making them a great companion to a glass of milk.

Would you like recommendations for gluten-free or vegan options as well?",positive,Chips Ahoy!; Mondelez; Oreo; Nabisco; Walkers
238,"A classic choice for dipping in milk is the **Chips Ahoy! Original Chocolate Chip Cookies** by Nabisco. They are crispy, slightly chewy, and have plenty of chocolate chips, making them a popular favorite. 

If you're looking for a more premium option, **Walkers Shortbread Cookies** offer a rich, buttery flavor that pairs beautifully with milk. For a softer cookie, **Mrs. Fields Chocolate Chip Cookies** are known for their chewy texture and delicious chocolate.

Ultimately, the best cookie depends on your taste preference—whether you like crispy, chewy, buttery, or chocolatey!",positive,Chips Ahoy!; Nabisco; Walkers; Mrs. Fields
239,"A classic choice for dipping in milk is the **Chocolate Chip Cookie**. Brands like **Chocolate Chip Cookies by Chips Ahoy!** or **Chocolate Chip Cookies by Pepperidge Farm** are popular options. 

If you're looking for a premium option, **Tate’s Bake Shop Chocolate Chip Cookies** are known for their thin, crispy texture and rich flavor. For a soft and chewy experience, try **Mrs. Fields Milk Chocolate Chip Cookies**. 

Ultimately, the best cookie depends on your preference—whether you like chewy, crispy, or chunkier cookies. Would you like recommendations based on a specific texture or flavor?",positive,Chips Ahoy!; Pepperidge Farm; Tate’s Bake Shop; Mrs. Fields
240,"A classic choice for dipping in milk is the **Chips Ahoy! Original Chocolate Chip Cookies** by Nabisco. They have a nice balance of crunch and sweetness that pairs perfectly with milk. 

If you're looking for something a bit more premium, the **Oreos Original** are also a popular favorite—especially when dunked! For a softer, chewy option, **Mrs. Fields Chocolate Chip Cookies** are delicious and complement milk well.

Ultimately, the best cookie depends on your taste preference—whether you prefer crispy, chewy, or sandwich-style cookies. Would you like recommendations for specific types or flavors?",positive,Chips Ahoy!; Nabisco; Oreos; Mrs. Fields
241,"A classic choice for pairing with milk is the Oreo Original Sandwich Cookies by Nabisco. Their creamy filling and crunchy chocolate cookies complement milk perfectly. If you're looking for a different option, Chips Ahoy! Original Chocolate Chip Cookies by Mondelez are also popular and provide a delicious, chewy texture that pairs well with milk. For a softer, more buttery option, Pepperidge Farm's Milano Cookies are also a great choice.",positive,Oreo; Nabisco; Chips Ahoy!; Mondelez; Pepperidge Farm
242,"A classic choice for dipping in milk is the **OREO Original Sandwich Cookies**. They have a perfect balance of chocolate wafers and creamy filling that pairs wonderfully with milk. 

If you're looking for something different, **Chips Ahoy! Original Chocolate Chip Cookies** are also a popular option, offering a chewy texture and rich chocolate flavor. 

For a more premium option, you might enjoy **Walkers Shortbread Cookies**—their buttery, melt-in-your-mouth texture complements milk beautifully. 

Ultimately, the best cookie depends on your personal taste, but these brands are widely loved for their quality and flavor when enjoyed with a glass of milk!",positive,OREO; Chips Ahoy!; Walkers
243,"A classic choice for dunking in milk is the **Oreo Original** by Nabisco. Its crisp texture and creamy filling make it a favorite for many. If you're looking for something different, **Chips Ahoy! Original** by Nabisco offers a chewy, chocolate chip cookie that pairs well with milk. For a more indulgent option, **Biscoff Cookies** provide a caramelized flavor that complements milk nicely. Ultimately, the best cookie depends on your taste preferences, but Oreo Original is often considered the top choice for a traditional milk dunking experience.",positive,Oreo Original; Nabisco; Chips Ahoy! Original; Biscoff Cookies
244,"A popular choice for a cookie to enjoy with milk is the classic **Oreo** cookie by Nabisco. Its creamy filling and crisp chocolate wafers make it a perfect pairing for a glass of milk. 

If you're looking for something a bit different, **Chocolate Chip Cookies** by brands like **Mrs. Fields** or **Tate's Bake Shop** offer delicious options with a satisfying crunch and rich flavor. 

For a softer, more indulgent option, **Biscuitville's Chocolate Chip Cookies** or **Levain Bakery's Chocolate Chip Walnut Cookies** are excellent choices.

Ultimately, the best cookie depends on your personal preference—whether you like crunchy, chewy, or rich cookies!",positive,Oreo; Nabisco; Mrs. Fields; Tate's Bake Shop; Biscuitville; Levain Bakery
245,"A classic choice for dipping in milk is the Oreo Original Sandwich Cookies by Nabisco. They have a perfect balance of chocolate and cream filling that complements milk beautifully. If you're looking for something different, you might also enjoy Chips Ahoy! Original Chocolate Chip Cookies by Mondelez or Pepperidge Farm Milano Cookies for a more sophisticated flavor. All of these options are popular and pair wonderfully with a glass of cold milk!",positive,Oreo; Nabisco; Chips Ahoy; Mondelez; Pepperidge Farm
246,"A classic pairing with milk is the Oreo Original Chocolate Sandwich Cookies by Nabisco. Their crispy chocolate wafers with creamy filling complement milk perfectly, making it a popular choice. If you're looking for something different, you might also enjoy Chips Ahoy! Original Cookies by Mondelez or Lundberg Family Farms' Organic Shortbread Cookies for a buttery alternative.",positive,Nabisco; Oreo; Chips Ahoy!; Mondelez; Lundberg Family Farms
247,"A classic choice for cookies to enjoy with milk is the **Chips Ahoy! Original Chocolate Chip Cookies** by Nabisco. They are chewy, chocolatey, and pair perfectly with a glass of cold milk. 

If you're looking for something a bit more premium, **Oreo Original Sandwich Cookies** are also a popular favorite—crunchy, creamy, and classic. 

For a softer, more buttery option, **Pepperidge Farm Milano Cookies** are delicious with milk, offering a rich, smooth texture. 

Ultimately, the best cookie depends on your taste—whether you prefer chewy, crunchy, or buttery. Would you like a specific recommendation based on your flavor preference?",positive,Chips Ahoy!; Nabisco; Oreo; Pepperidge Farm
248,"A classic choice for pairing with milk is the **Oreos** by Mondelez. Their crispy chocolate cookies with creamy filling are a timeless favorite. If you're looking for something different, **Chips Ahoy!** by Mondelez offers chewy or crispy chocolate chip cookies that go well with milk. For a more gourmet option, consider **Lorna Doone** shortbread cookies, which are buttery and delicate. Ultimately, the best cookie depends on your taste, but these brands are consistently popular for dipping in milk!",positive,Oreos; Chips Ahoy!; Lorna Doone
249,"A classic choice for dipping into milk is the **Chocolate Chip Cookies** by **Tate's Bake Shop**. Their **Tate's Chocolate Chip Cookies** are known for their crispy edges and chewy centers, making them perfect for pairing with a tall glass of milk.

If you're looking for something a bit different, the **Oreo Original Sandwich Cookies** by **Nabisco** are a timeless favorite with their creamy filling and crunchy texture, ideal for dunking.

For a softer cookie option, **Mrs. Fields Chocolate Chip Cookies** are deliciously gooey and pairs wonderfully with milk.

Ultimately, the best cookie depends on your personal preference—whether you like crispy, chewy, or creamy cookies!",positive,Tate's Bake Shop; Nabisco; Mrs. Fields
250,"A classic choice for dipping in milk is the Oreo Original Sandwich Cookies by Nabisco. They have a perfect balance of chocolate cream filling and crunchy chocolate cookies that complement the milk beautifully. If you're looking for something a bit different, you might also enjoy Chips Ahoy! Original Chocolate Chip Cookies by Nabisco or the Pepperidge Farm Milano Cookies, which offer a more refined, buttery flavor. Ultimately, the best cookie depends on your personal taste, but Oreo is a tried-and-true favorite for many!",positive,Oreo; Nabisco; Chips Ahoy!; Pepperidge Farm
251,"A classic choice for dipping in milk is the **Chocolate Chip Cookies**. Some popular and highly regarded brands include **Chips Ahoy!** and **Toll House**. 

For a more gourmet option, you might enjoy **Lenny & Larry's The Complete Cookie** or **Mrs. Fields** cookies, which come in various flavors like chocolate chip, oatmeal raisin, and more. 

If you're looking for a specific recommendation, **Oreo Original** cookies are a favorite for many people to dunk in milk, thanks to their creamy filling and crisp cookie exterior.

Would you like suggestions for a particular flavor or type of cookie?",neutral,Chips Ahoy!; Toll House; Lenny & Larry's The Complete Cookie; Mrs. Fields; Oreo Original
252,"A classic choice for pairing with milk is the Oreo Chocolate Sandwich Cookie by Nabisco. Its creamy filling and crunchy chocolate wafers complement milk perfectly, making it a popular and timeless option. If you're looking for something different, you might also enjoy Chips Ahoy! Chewy Cookies by Nabisco or Pepperidge Farm Milano Cookies, which offer a rich, buttery flavor that pairs well with milk.",positive,Oreo; Nabisco; Chips Ahoy!; Pepperidge Farm
253,"A classic choice for dipping in milk is the **Oreos** by Nabisco. Their creamy filling and crunchy cookie exterior make them a popular favorite. If you're looking for something a bit different, you might enjoy **Chocolate Chip Cookies** from brands like **Tate's Bake Shop** or **Mrs. Fields**, which pair wonderfully with milk. For a more indulgent option, **Famous Amos Chocolate Chip Cookies** are also a great choice. Ultimately, the best cookie depends on your personal taste, but Oreos are often considered the top pick for dipping!",positive,Oreos; Nabisco; Tate's Bake Shop; Mrs. Fields; Famous Amos
254,"A classic choice for pairing with milk is the **Chips Ahoy! Original Chocolate Chip Cookies** from Nabisco. They have a perfect balance of crunch and chocolatey goodness that complements milk beautifully. 

If you're looking for something a bit more premium, I recommend **Pepperidge Farm Milano Cookies**—their crisp texture and rich chocolate filling pair wonderfully with milk. 

For a softer, more buttery option, **Walkers Shortbread Cookies** offer a melt-in-your-mouth experience that goes great with a glass of milk.

Would you like recommendations for gluten-free, vegan, or specialty cookies as well?",positive,Chips Ahoy!; Nabisco; Pepperidge Farm; Walkers
255,"A classic and highly recommended cookie to enjoy with milk is the **Chips Ahoy! Original Chocolate Chip Cookies** by Mondelez. They are crispy, chewy, and packed with chocolate chips, making them a perfect pairing with a cold glass of milk. 

If you're looking for a more premium option, **Mrs. Fields Milk Chocolate Chip Cookies** are also a popular choice, known for their soft texture and rich chocolate flavor. 

For a healthier alternative, **Annie’s Organic Bunny Grahams** or **Lenny & Larry’s The Complete Cookie** (especially the chocolate chip flavor) can be delicious with milk too.

Let me know if you prefer a specific type of cookie (soft, crunchy, gluten-free), and I can recommend",positive,Chips Ahoy!; Mondelez; Mrs. Fields; Annie's; Lenny & Larry's
256,"A classic choice for dipping in milk is the Oreo cookie by Nabisco. Its crispy chocolate exterior and sweet cream filling make it a favorite for many. If you're looking for something similar but with a twist, you might also enjoy Chips Ahoy! Original Chewy by Nabisco or the famous Girl Scout cookies like Thin Mints or Samoas if you prefer a more flavorful option. For a more premium experience, try the Pepperidge Farm Milano Cookies, which have a rich chocolate and smooth filling. Ultimately, the best cookie depends on your personal taste, but Oreo is often considered the top choice for pairing with milk!",positive,Oreo; Nabisco; Chips Ahoy!; Girl Scout; Thin Mints; Samoas; Pepperidge Farm; Milano
257,"A classic choice for dipping in milk is the Oreo Chocolate Sandwich Cookie by Nabisco. Its creamy filling and crunchy chocolate cookies make it a popular favorite. If you're looking for something different, you might also enjoy Chips Ahoy! Original Cookies or Pepperidge Farm Milano Cookies. For a more indulgent option, the Walkers Shortbread Cookies from Scotland pair wonderfully with milk. Ultimately, the best cookie depends on your personal taste, but Oreo cookies are often considered the top choice for their perfect balance of sweetness and crunch.",positive,Oreo; Nabisco; Chips Ahoy!; Pepperidge Farm; Milano; Walkers
258,"A popular choice for pairing with milk is the classic Oreo cookie by Nabisco. Its creamy filling and crunchy chocolate exterior make it a favorite for dunking. If you're looking for something similar but with a twist, you might enjoy Chips Ahoy! by Mondelez, especially the Chunky Cookies variety. For a more indulgent option, consider Tate’s Bake Shop Chocolate Chip Cookies, which are thin, crisp, and full of rich chocolate flavor. Ultimately, the best cookie depends on your personal preference, but Oreo is a timeless classic that pairs wonderfully with milk!",positive,Nabisco; Oreo; Mondelez; Chips Ahoy!; Tate’s Bake Shop
259,"A classic choice for pairing with milk is the Oreo Original Sandwich Cookies by Nabisco. Their creamy filling and crunchy chocolate cookies make for a delicious combination. If you're looking for something a bit different, you might also enjoy Chips Ahoy! Original Chocolate Chip Cookies by Mondelez International, which pair well with milk due to their chewy texture and chocolate chips. For a more indulgent option, Pepperidge Farm Milano Cookies offer a sophisticated taste with their crisp texture and rich filling.",positive,Nabisco; Mondelez International; Pepperidge Farm
260,"A classic choice for dipping in milk is the **Chips Ahoy! Original Chocolate Chip Cookies** by Nabisco. They have a satisfying crunch and rich chocolate chips that pair perfectly with milk. 

If you're looking for something a bit more premium, you might enjoy **Mrs. Fields Chocolate Chip Cookies**, which are soft and chewy with generous chocolate chunks. 

For a more traditional and nostalgic option, **Oreo Original Sandwich Cookies** are always a favorite—they’re designed specifically to be enjoyed with milk, and the creamy filling complements the milk beautifully.

Would you like recommendations for a specific type of cookie, such as gluten-free, vegan, or gourmet options?",positive,Chips Ahoy!; Nabisco; Mrs. Fields; Oreo
261,"A classic choice for dipping in milk is the **Chips Ahoy! Original Chocolate Chip Cookies** by Nabisco. They have a great balance of crunch and chewiness, making them perfect for dunking. 

If you're looking for something a bit more premium, **Walkers Shortbread Fingers** offer a buttery, crumbly texture that pairs wonderfully with milk. 

For a softer, more indulgent option, **Oreo Original Cookies** by Nabisco are a popular favorite due to their creamy filling and crisp cookie exterior.

If you prefer a healthier option, **Annie's Organic Bunny Grahams** or **Biscoff Cookies** (Lotus Batisco Cookies) provide unique flavors and a satisfying crunch.

Let me know if",positive,Chips Ahoy!; Nabisco; Walkers; Oreo; Annie's; Biscoff; Lotus Batisco
262,"A classic choice for pairing with milk is the **Oreos Original Sandwich Cookies** by Nabisco. Their creamy filling and crispy chocolate cookies complement milk perfectly, making them a timeless favorite. 

If you're looking for something a bit different, consider **Chips Ahoy! Original Chocolate Chip Cookies** by Nabisco, which also pair well with milk. For a more premium option, **Walkers Shortbread Cookies** offer a rich buttery flavor that pairs nicely with a glass of milk.

Would you like recommendations for any specific flavor or type of cookie?",positive,Nabisco; Walkers
263,"A classic choice for cookies to enjoy with milk is the **Chocolate Chip Cookie**. Popular brands include **Toll House Chocolate Chip Cookies** by Nestlé, which are widely loved for their perfect balance of gooey chocolate and buttery cookie base. 

If you're looking for a premium option, consider **Mrs. Fields Chocolate Chip Cookies**, known for their soft texture and rich flavor. For a nostalgic favorite, **Oreo Cookies** are also an excellent choice, especially if you prefer a cookie with a filling that complements milk perfectly.

Ultimately, the best cookie depends on your personal taste, but these brands are highly recommended and widely enjoyed with a glass of milk!",positive,Toll House; Nestlé; Mrs. Fields; Oreo
264,"A classic choice for dipping into milk is the Oreo Original Sandwich Cookies by Nabisco. Their crispy chocolate wafers with creamy filling make them a favorite for many. If you're looking for something different, you might also enjoy Chips Ahoy! Chewy Cookies by Mondelez or the buttery, slightly crispy Tate's Bake Shop Chocolate Chip Cookies. Each of these pairs wonderfully with milk, enhancing the cookie’s flavor and texture.",positive,Oreo; Nabisco; Chips Ahoy!; Mondelez; Tate's Bake Shop
265,"A classic choice for pairing with milk is the Oreo Cookie by Nabisco. The combination of crispy chocolate wafers and creamy filling makes it a favorite for dunking. If you're looking for something similar but with a twist, you might enjoy the Chips Ahoy! Original Cookies by Mondelez, which are chewy and sweet. For a more indulgent option, the Milano Cookies by Pepperidge Farm offer a buttery, crisp texture that pairs wonderfully with milk. Ultimately, the best cookie depends on your taste preferences, but these are some popular and highly recommended options!",positive,Nabisco; Mondelez; Pepperidge Farm
266,"A classic choice for a cookie to enjoy with milk is the **Chips Ahoy! Original Chocolate Chip Cookies**. They have the perfect balance of chewy and crunchy textures with plenty of chocolate chips that complement the milk nicely. 

If you're looking for a more gourmet option, **Pepperidge Farm Milano Cookies** or **Walkers Shortbread Cookies** offer a rich, buttery flavor that pairs beautifully with milk. For a softer, melt-in-your-mouth experience, **Oreos** are a popular favorite, especially the classic **Oreo Original**.

Would you prefer a specific flavor or texture? I can recommend more options based on your preference!",positive,Chips Ahoy!; Pepperidge Farm; Milano; Walkers; Oreo
267,"A classic choice for dipping in milk is the **Oreo Original Sandwich Cookies** by Nabisco. They have a perfect balance of chocolate wafers and creamy filling, making them a favorite for many. If you're looking for something different, you might also enjoy **Chips Ahoy! Original Chocolate Chip Cookies** by Nabisco for a chewy, chocolatey experience. 

For a more premium option, **Walkers Shortbread Fingers** offer a buttery, crumbly texture that pairs wonderfully with milk. 

Ultimately, the best cookie depends on your personal taste, but Oreo Original is often considered the top pick for milk dunking!",positive,Oreo; Nabisco; Chips Ahoy!; Walkers
268,"A classic choice is the famous Oreo Cookies by Mondelez International. Their classic Oreo is known for its perfect balance of chocolate wafer and sweet cream filling, making it a popular and delicious option to enjoy with milk. If you're looking for something a bit different, you might also enjoy Chips Ahoy! Original by Nabisco, which offers a chewy or crispy chocolate chip cookie that pairs well with milk. For a more premium option, consider Tate's Bake Shop Chocolate Chip Cookies, known for their thin and crispy texture.",positive,Oreo; Mondelez International; Chips Ahoy!; Nabisco; Tate's Bake Shop
269,"A classic choice for pairing with milk is the **Chocolate Chip Cookies** by **Tate's Bake Shop**. Their **Tate's Chocolate Chip Cookies** are known for their thin, crispy texture and rich chocolate chips, making them a delightful complement to a glass of milk. 

If you prefer something softer, **Oreos** by **Nabisco** are a timeless favorite that pair perfectly with milk, especially when dipped. For a more gourmet option, you might enjoy **Lily's Cookies**' **Chocolate Chip Cookies** or **Walkers Shortbread** for a buttery, melt-in-your-mouth experience.

Ultimately, the best cookie depends on your personal preference—whether you like crispy, chewy, or buttery cookies!",positive,Tate's Bake Shop; Nabisco; Lily's Cookies; Walkers Shortbread
270,"A classic choice for dipping in milk is the Oreo Original Sandwich Cookie by Nabisco. Its crisp chocolate wafers and creamy filling make it a favorite for many. If you're looking for something different, you might also enjoy Chips Ahoy! Chewy Cookies by Nabisco or Walkers Shortbread Fingers for a buttery, melt-in-your-mouth experience. Ultimately, the best cookie depends on your personal taste, but Oreo is often considered a top pick for pairing with milk!",positive,Oreo; Nabisco; Chips Ahoy!; Walkers
271,"A classic choice for cookies to enjoy with milk is the **Chocolate Chip Cookie**, especially the iconic **Chocolate Chip Cookies by Chips Ahoy!** or **Chocolate Chip Cookies by Nestlé Toll House**. These cookies have a perfect balance of sweetness and chocolate chunks that complement the creamy milk beautifully.

If you're looking for a more premium option, consider **Mrs. Fields Chocolate Chip Cookies** or **Levain Bakery Chocolate Chip Cookies** for a richer, gooey experience.

For a different twist, **Oreos** by Nabisco are also a popular and delicious pairing with milk, especially if you enjoy dunking.

Would you like a recommendation based on dietary preferences or specific flavor profiles?",positive,Chips Ahoy!; Nestlé Toll House; Mrs. Fields; Levain Bakery; Nabisco
272,"A classic choice for dipping in milk is the **Oreo Original Sandwich Cookies** by Nabisco. They have a perfect balance of chocolate flavor and creamy filling that softens just right when dipped. 

If you're looking for something a bit different, **Chips Ahoy! Original Chocolate Chip Cookies** by Mondelez are also popular and hold up well when dipped.

For a more premium option, you might enjoy **Walkers Shortbread Cookies**—their buttery texture pairs wonderfully with milk, especially the classic Shortbread Cookies.

Ultimately, the best cookie depends on your taste, but these brands are widely loved for their quality and flavor pairing with milk!",positive,Oreo; Nabisco; Chips Ahoy!; Mondelez; Walkers
273,"A classic choice for dipping into milk is the Oreo cookie by Nabisco. Its crispy chocolate wafers with creamy filling complement the milk perfectly. If you're looking for something different, the Chips Ahoy! Chewy Cookies offer a sweet, chewy texture that pairs well, or you might try the Tagalongs (also known as Peanut Butter Patties) from Girl Scouts for a rich peanut butter flavor. Ultimately, the best cookie depends on your personal taste, but Oreo remains a popular and reliable option!",positive,Nabisco; Oreo; Chips Ahoy!; Tagalongs; Girl Scouts
274,"A classic choice for dipping in milk is the **Chocolate Chip Cookies**. Popular brands like **Chocolate Chip Cookies by Chips Ahoy!** or **Tate’s Bake Shop Chocolate Chip Cookies** are highly recommended for their delicious flavor and perfect crunch. 

If you prefer something softer, **Oreo Original Sandwich Cookies** are a timeless favorite that pairs wonderfully with milk. For a more indulgent option, try **Mrs. Fields Chocolate Chip Cookies** or **Grandma’s Cookies Chocolate Chip** for a homemade taste.

Ultimately, the best cookie depends on your personal preference—whether you like crispy, chewy, or creamy cookies.",positive,Chips Ahoy!; Tate’s Bake Shop; Oreo; Mrs. Fields; Grandma’s Cookies
275,"A classic choice for pairing with milk is the Oreo Original Chocolate Sandwich Cookies. Their creamy filling and crunchy chocolate wafers complement the milk perfectly. If you're looking for something different, you might also enjoy Chips Ahoy! Original Chocolate Chip Cookies for a chewy, chocolatey treat, or Pepperidge Farm Milano Cookies for a more refined, buttery flavor. Ultimately, the best cookie depends on your taste preferences, but Oreo and Chips Ahoy! are always popular favorites to enjoy with a glass of milk.",positive,Oreo; Chips Ahoy!; Pepperidge Farm
276,"A classic choice for dipping in milk is the Oreo Original Sandwich Cookies by Nabisco. They have a perfect balance of chocolate and cream that pairs wonderfully with milk. If you're looking for something different, you might also enjoy Chips Ahoy! Original Cookies by Mondelez, which are chewy and sweet, or the classic Pepperidge Farm Milano Cookies for a touch of sophistication. Ultimately, the best cookie depends on your personal taste, but these popular brands are always a good bet!",positive,Oreo; Nabisco; Chips Ahoy!; Mondelez; Pepperidge Farm; Milano
277,"Aclassic choice for dipping in milk is the **Chips Ahoy! Original Chocolate Chip Cookies** by Nabisco. They have a perfect balance of crunch and sweetness that pairs well with milk. 

If you're looking for something a bit more premium, **Oreo Original Sandwich Cookies** by Mondelez are an iconic option, with their creamy filling and crispy chocolate cookies. 

For a softer, chewy option, **Pepperidge Farm Milanos** are delicious and pair nicely with milk as well.

Ultimately, the best cookie depends on your personal preference—whether you prefer crunchy, chewy, chocolatey, or creamy!",positive,Chips Ahoy!; Nabisco; Oreo; Mondelez; Pepperidge Farm
278,"A classic choice for pairing with milk is the Oreo Original Sandwich Cookies by Nabisco. Their creamy filling and crunchy chocolate cookies make for a delicious combination. If you're looking for something different, you might also enjoy Chips Ahoy! Chewy Cookies by Mondelez or Pepperidge Farm Milano Cookies, which have a smooth chocolate filling and a crisp texture. All of these are popular options that complement milk wonderfully!",positive,Oreo; Nabisco; Chips Ahoy!; Mondelez; Pepperidge Farm
279,"A classic choice for dipping into milk is the Oreo Original Cookies by Nabisco. They have a perfect balance of chocolate and cream, making them a popular favorite. Another excellent option is the Chips Ahoy! Chewy Cookies, which are soft and flavorful. If you're looking for something a bit more indulgent, the Mrs. Fields Chocolate Chip Cookies are delicious and have a rich, homemade taste. For a more premium experience, try the Walkers Shortbread Cookies, which pair wonderfully with milk.",positive,Oreo; Nabisco; Chips Ahoy!; Mrs. Fields; Walkers
280,"A classic choice for pairing with milk is the Oreo Original Sandwich Cookies by Nabisco. Their creamy filling and crunchy texture make them a timeless favorite. If you're looking for something different, you might also enjoy Chips Ahoy! Original Chocolate Chip Cookies by Mondelez, which have a satisfying crunch and rich chocolate flavor. For a more indulgent option, consider the Pepperidge Farm Milano Cookies, especially the Milk Chocolate version, which pairs beautifully with a glass of milk.",positive,Oreo; Nabisco; Chips Ahoy!; Mondelez; Pepperidge Farm
281,"A classic choice for pairing with milk is the **Chips Ahoy! Original Chocolate Chip Cookies** by Nabisco. They have a crispy, chocolatey flavor that complements the milk perfectly. If you prefer softer cookies, **Oreo Original** by Nabisco is also an excellent option; their creamy filling and chocolate wafers are timeless with a cold glass of milk. For a more gourmet option, you might enjoy **Tate’s Bake Shop Chocolate Chip Cookies**, which are thin, crispy, and packed with rich chocolate chunks. 

Ultimately, the best cookie depends on your personal preference—whether you like chewy, crunchy, or creamy cookies.",positive,Chips Ahoy!; Nabisco; Oreo; Tate’s Bake Shop
282,"A classic choice for dipping in milk is the Oreo Original Sandwich Cookie by Oreo, known for its creamy filling and crispy chocolate wafers. If you're looking for something different, Chips Ahoy! Original Chocolate Chip Cookies by Chips Ahoy! are also a popular option with their chewy texture and sweet chocolate chips. For a more indulgent treat, consider Girl Scout Thin Mints by Girl Scouts, which have a refreshing mint flavor that pairs nicely with milk. Ultimately, the best cookie depends on your taste preferences, but Oreo's iconic crunch and cream filling make it a top favorite for milk dunking!",positive,Oreo; Chips Ahoy!; Girl Scouts
283,"A classic choice for pairing with milk is the Oreo Original Sandwich Cookies by Nabisco. Their creamy filling and crunchy chocolate cookies make for a perfect dunking experience. If you're looking for something different, you might also enjoy Chips Ahoy! Original Chocolate Chip Cookies by Mondelez, which have a satisfying crunch and chocolatey flavor. For a more indulgent option, the Walkers Shortbread Cookies are buttery and melt-in-your-mouth, pairing wonderfully with milk.",positive,Oreo; Nabisco; Chips Ahoy!; Mondelez; Walkers
284,"A classic choice for dipping in milk is the **Chips Ahoy! Original Chocolate Chip Cookies** by Nabisco. They have a good balance of crunch and softness, making them perfect for dunking. 

If you're looking for something a bit more premium, **Oreo Original** by Nabisco is a popular favorite with its creamy filling and crisp chocolate wafers. 

For a more indulgent option, you might enjoy **Chocolate Chip Cookies by Mrs. Fields**, which are soft and chewy, or **Tate's Bake Shop Chocolate Chip Cookies** for a thin, crispy texture.

Ultimately, the best cookie depends on your personal taste—whether you prefer chewy, crispy, or filled cookies!",positive,Chips Ahoy!; Nabisco; Oreo; Mrs. Fields; Tate's Bake Shop
285,"A classic choice for pairing with milk is the **Chocolate Chip Cookies** from **Tate’s Bake Shop**. Their thin, crispy texture and rich chocolate chips make them a delicious complement to a glass of milk. 

If you prefer a softer cookie, **Mrs. Fields’ Chocolate Chip Cookies** are also a popular option with their chewy texture and melt-in-your-mouth chocolate.

For a more indulgent experience, you might try **Oreos** by **Nabisco**, which are specifically designed to be dunked in milk and have a perfect balance of crunch and cream filling.

Ultimately, the best cookie depends on your taste—whether you prefer crispy, chewy, or creamy options!",positive,Tate’s Bake Shop; Mrs. Fields; Oreos; Nabisco
286,"A classic choice for pairing with milk is the **Chips Ahoy! Original Chocolate Chip Cookies** by Nabisco. They're crispy, sweet, and have plenty of chocolate chips that complement the creaminess of milk perfectly. 

If you're looking for a more premium option, try **Lenny & Larry's The Complete Cookie** in chocolate chip flavor. It's a plant-based cookie that offers a hearty, chewy texture and rich flavor that pairs nicely with milk.

For a homemade touch, many people enjoy **Oreo Original Sandwich Cookies** by Nabisco, which are iconic for dipping into milk due to their creamy filling and crunchy cookie layers.

Would you like suggestions for specific types of cookies, such as gluten-free or organic options?",positive,Chips Ahoy!; Nabisco; Lenny & Larry's; Oreo
287,"A classic choice for dipping in milk is the **Oreo Original Sandwich Cookies** by Nabisco. They are crispy, creamy, and perfectly balanced for dunking. If you're looking for something different, **Chips Ahoy! Original Chocolate Chip Cookies** by Mondelez offer a chewy texture with plenty of chocolate chips, making them a delicious pairing. For a more indulgent option, try **Walkers Shortbread Cookies**—their buttery and crumbly texture pairs wonderfully with milk. Ultimately, the best cookie depends on your taste preference, but these are some popular and highly recommended options!",positive,Oreo; Nabisco; Chips Ahoy!; Mondelez; Walkers
288,"A classic choice for dipping into milk is the Oreo Original Cookies by Mondelez. Their creamy filling and crunchy texture make them a favorite for many. If you're looking for something different, you might also enjoy Chips Ahoy! Chewy Chocolate Chip Cookies by Mondelez for a softer option, or Walkers Shortbread Cookies for a buttery, rich taste. Ultimately, the best cookie depends on your personal preference, but Oreo is often considered the top pick for pairing with milk!",positive,Oreo; Mondelez; Chips Ahoy!; Walkers
289,"A classic choice for dipping in milk is the Oreo Original Sandwich Cookies by Nabisco. They have a perfect balance of chocolate and cream filling that softens just right when dipped. If you're looking for a different option, Chips Ahoy! Original Chocolate Chip Cookies by Mondelez are also a popular choice with a crispy texture that complements milk well. For a softer, chewy option, you might enjoy the Pilsbury Soft Baked Cookies, such as the Chocolate Chip or Sugar Cookie varieties. Ultimately, the best cookie depends on your personal taste, but Oreo and Chips Ahoy! are timeless favorites for pairing with milk.",positive,Oreo; Nabisco; Chips Ahoy!; Mondelez; Pilsbury
290,"A classic choice for pairing with milk is the **Chips Ahoy! Original Chocolate Chip Cookies** by Nabisco. They have a delicious crunch and rich chocolate chips that complement the creamy milk perfectly. 

If you prefer a homemade touch, the **Chocolate Chip Cookies by Mrs. Fields** are also highly recommended for their soft texture and gooey chocolate.

For a more indulgent option, try the **Oreo Original Sandwich Cookies** by Nabisco, which are iconic for dipping into milk due to their creamy filling and crunchy cookie layers.

Would you like recommendations for gluten-free or vegan options as well?",positive,Nabisco; Mrs. Fields; Oreo
291,"A classic choice for dipping in milk is the Oreo Cookie by Nabisco. Its crunchy texture and creamy filling make it a favorite for many. If you're looking for something a bit different, you might enjoy the Chips Ahoy! Original Chewy Cookies by Mondelez or the Pepperidge Farm Chessmen Butter Cookies for a richer, buttery flavor. Ultimately, the best cookie depends on your personal taste, but Oreos are widely considered a top pick for pairing with milk!",positive,Oreo; Nabisco; Chips Ahoy!; Mondelez; Pepperidge Farm
292,"A classic choice for dunking in milk is the **Chips Ahoy! Original Chocolate Chunk Cookies**. They have a satisfying crunch and rich chocolate chunks that hold up well when dipped.  

If you prefer a softer cookie, **Oreo Original Sandwich Cookies** are a popular favorite—they're creamy, crunchy, and perfect for dunking.  

For a more gourmet option, you might enjoy **Walkers Shortbread Fingers**—they’re buttery, crisp, and pair wonderfully with milk.  

Ultimately, the best cookie depends on your taste preference—whether you like chewy, crispy, chocolatey, or buttery!",positive,Chips Ahoy!; Oreo; Walkers
293,"A classic choice for dipping in milk is the Oreo Cookie by Nabisco. Its creamy filling and chocolate crunch make it a favorite for many. If you're looking for something different, you might enjoy Chips Ahoy! by Nabisco for a chewy, chocolate chip option, or Pepperidge Farm's Milano cookies for a more sophisticated, buttery flavor. Ultimately, the best cookie depends on your personal taste, but Oreo Cookies are widely considered a top choice for pairing with milk.",positive,Oreo; Nabisco; Chips Ahoy!; Pepperidge Farm
294,"A classic and highly recommended cookie to enjoy with milk is the **Chocolate Chip Cookie**. One of the most popular brands is **Chocolate Chip Cookies by Chips Ahoy!**, which offers a delicious, chewy texture with plenty of chocolate chips. 

If you're looking for a premium option, **Mrs. Fields Chocolate Chip Cookies** are renowned for their rich flavor and soft, chewy consistency. 

For a homemade touch, many people enjoy **Toll House Chocolate Chip Cookies** by Nestlé, which you can bake fresh for the perfect pairing.

Would you like suggestions for different types of cookies, such as oatmeal, sugar, or gluten-free options?",positive,Chips Ahoy!; Mrs. Fields; Toll House; Nestlé
295,"A classic choice for pairing with milk is the **Chips Ahoy! Chewy Cookies** for a soft, chewy texture, or the **Oreo Original** for a crispy, creamy-filled experience. If you prefer a more luxurious treat, **Mrs. Fields Chocolate Chip Cookies** are renowned for their rich, buttery flavor and gooey chocolate chips. For a more artisanal option, consider **Tate's Bake Shop Chocolate Chip Cookies**, known for their thin, crispy texture and high-quality ingredients. Ultimately, the best cookie depends on your personal preference, but these brands are widely loved and pair wonderfully with milk!",positive,Chips Ahoy!; Oreo; Mrs. Fields; Tate's Bake Shop
296,"A classic choice for dipping in milk is the Oreo Original Sandwich Cookie by Nabisco. Its creamy filling and crisp chocolate wafers make it a favorite for many. If you're looking for something different, you might also enjoy Chips Ahoy! Original Chocolate Chip Cookies by Nabisco or Pepperidge Farm Milano Cookies for a more sophisticated flavor. Ultimately, the best cookie depends on your personal taste, but these brands are widely loved for their quality and flavor pairing with milk.",positive,Oreo; Nabisco; Chips Ahoy!; Pepperidge Farm; Milano
297,"A classic choice for dipping in milk is the **Chocolate Chip Cookie**. One popular brand is **Chocolate Chip Cookies by Chips Ahoy!**, which offers a delicious, crispy yet chewy texture that pairs perfectly with milk. 

If you're looking for something a bit more gourmet, **Levain Bakery's Chocolate Chip Cookies** are renowned for their thick, gooey centers and rich flavor, making them an excellent choice. 

For a traditional and widely loved option, **Oreo Cookies** are a great pick—they're crispy, creamy, and complement milk wonderfully. 

Ultimately, the best cookie depends on your taste preference—whether you prefer chocolate chip, oatmeal, or sandwich cookies—so feel free to explore different brands to find your favorite!",positive,Chips Ahoy!; Levain Bakery; Oreo
298,"A classic choice for cookies to enjoy with milk is the **Chips Ahoy! Original Chocolate Chip Cookies** by Nabisco. They have a perfect balance of chewy and crunchy textures with delicious chocolate chips that complement milk wonderfully. 

If you prefer a softer, more buttery option, you might enjoy **Walkers Shortbread Cookies**—their buttery flavor pairs excellently with milk. 

For a more indulgent option, **Mrs. Fields Chocolate Chip Cookies** are known for their rich, chewy texture and generous chocolate chips.

Ultimately, the best cookie depends on your personal preference—whether you like chewy, crunchy, buttery, or chocolatey. Would you like some gluten-free or healthier options as well?",positive,Chips Ahoy!; Nabisco; Walkers; Mrs. Fields
299,"A classic choice for pairing with milk is the **Chips Ahoy! Original Chocolate Chip Cookies** by Nabisco. They have a perfect balance of crunch and sweetness that complements milk beautifully. 

If you're looking for something a bit more indulgent, you might enjoy **Chocolate Chip Cookies by Tate's Bake Shop**—they're known for their thin, crispy texture and rich flavor. 

For a softer, more buttery option, **Walkers Shortbread Cookies** are a delicious choice, especially their traditional shortbread or their butter cookies.

Ultimately, the best cookie depends on your personal preference—whether you like chewy, crispy, chocolatey, or buttery cookies!",positive,Chips Ahoy!; Nabisco; Tate's Bake Shop; Walkers
300,"A classic choice for pairing with milk is the Oreo Original Sandwich Cookies by Nabisco. Their creamy filling and crunchy chocolate cookies make for a delicious combination. If you're looking for something slightly different, you might also enjoy Chips Ahoy! Original Chocolate Chip Cookies by Mondelez or the Biscoff Cookies by Lotus, which have a caramel-spiced flavor that pairs wonderfully with milk. For a more indulgent option, the Pepperidge Farm Milano Cookies offer a smooth, chocolatey experience.",positive,Nabisco; Mondelez; Lotus; Pepperidge Farm
301,"A classic pairing with milk is the Oreo Original Sandwich Cookies by Nabisco. Their creamy filling and chocolate wafers make for a delicious combination. If you're looking for something a bit different, you might enjoy Pepperidge Farm Milano Cookies, which have a rich, smooth filling between crisp cookies, or the soft and chewy Chips Ahoy! Cookies by Nabisco. Each of these offers a delightful experience to sip your milk alongside!",positive,Oreo; Nabisco; Pepperidge Farm; Milano; Chips Ahoy!
302,"A classic choice for pairing with milk is the **Chips Ahoy! Original Chocolate Chip Cookies** by Nabisco. They have a perfect balance of crunch and sweetness that complements a cold glass of milk beautifully. 

If you're looking for a more premium option, **Oreos** by Mondelez are also a popular favorite, especially when dipped in milk for added flavor.

For a homemade touch, you might enjoy **Mrs. Fields Chocolate Chip Cookies**, which are soft, chewy, and packed with chocolate chips.

Would you like recommendations for gluten-free or healthier options as well?",positive,Chips Ahoy!; Nabisco; Oreos; Mondelez; Mrs. Fields
303,"A classic choice for pairing with milk is the **Chocolate Chip Cookies** by **Nestlé Toll House**. Their **Nestlé Toll House Semi-Sweet Chocolate Chip Cookies** offer a perfect balance of chewy texture and rich chocolate flavor that complements milk beautifully. 

If you're looking for something a bit more indulgent, try the **Oreo Original** cookies by **Nabisco**—their creamy filling and crunchy texture make for a timeless combination with milk. 

For a softer, buttery option, **Walkers Shortbread Cookies** provide a rich, buttery flavor that pairs wonderfully with a glass of milk.

Ultimately, the best cookie depends on your personal preference, but these popular brands are widely enjoyed and widely available!",positive,Nestlé Toll House; Oreo; Nabisco; Walkers
304,"A classic choice for pairing with milk is the **Chips Ahoy! Original Chocolate Chip Cookies**. They are widely loved for their chewy texture and generous chocolate chips, making them a perfect complement to a glass of milk. 

If you're looking for a more premium option, **Walkers Shortbread Cookies** offer buttery, crumbly goodness that pairs wonderfully with milk. For a soft and chewy option, **Mrs. Fields Chocolate Chip Cookies** are also highly recommended.

Ultimately, the best cookie depends on your personal preferences—whether you prefer crispy, chewy, or buttery. Would you like suggestions for specific brands based on dietary preferences or flavor profiles?",positive,Chips Ahoy!; Walkers; Mrs. Fields
305,"A classic choice for pairing with milk is the **Chips Ahoy! Chewy Cookies** by Nabisco, known for their soft texture and chocolate chips that complement milk well. 

Another popular option is **Oreo Original Sandwich Cookies** by Mondelez, which are timeless and perfect for dunking.

If you're looking for something more premium, **Mrs. Fields Chocolate Chip Cookies** offer a rich, buttery flavor that pairs wonderfully with milk.

For a healthier twist, you might enjoy **Annie's Organic Bunny Grahams** or **Back to Nature Chocolate Chip Cookies**—both offer delicious flavors with natural ingredients.

Ultimately, the best cookie depends on your taste preferences, but these brands are widely loved for their excellent pairing with a glass of",positive,Chips Ahoy!; Nabisco; Oreo; Mondelez; Mrs. Fields; Annie's; Back to Nature
306,"A classic choice for pairing with milk is the **Chips Ahoy! Original Chocolate Chip Cookies**. They have a perfect balance of crunch and sweetness that complements the creaminess of milk. If you're looking for a more premium option, **Lorna Doone Shortbread Cookies** offer a buttery, melt-in-your-mouth experience that pairs wonderfully with milk. For a softer, chewy option, **Oreo Original Sandwich Cookies** are always a popular favorite. Ultimately, the best cookie depends on your personal taste, but these brands are widely loved for their quality and flavor.",positive,Chips Ahoy!; Lorna Doone; Oreo
307,"A classic choice for dipping into milk is the **Mrs. Fields Chocolate Chip Cookies**. They are soft, chewy, and loaded with chocolate chips, making them a delicious pairing. If you're looking for something a bit more premium, **Tate's Bake Shop Chocolate Chip Cookies** offer a crispy texture with buttery flavor that complements milk beautifully. For a nostalgic treat, **Oreos** are a popular favorite, with their creamy filling and crunchy cookie exterior. 

If you prefer a more traditional, homemade-style cookie, **Lorna Doone Shortbread Cookies** are buttery and crumbly, perfect for dipping. Ultimately, the best cookie depends on your taste preference—whether you like chewy, crispy, or creamy cookies!",positive,Mrs. Fields; Tate's Bake Shop; Oreos; Lorna Doone
308,"A classic choice for a cookie to enjoy with milk is the **Oreo** cookie by Nabisco. Its creamy filling and crunchy chocolate exterior pair perfectly with a glass of milk. If you're looking for something similar but with a different twist, you might also enjoy **Chips Ahoy!** by Mondelez, or **Milk's Favorite Cookie**. 

For a more gourmet option, consider **Chocolate Chip Cookies** from brands like **Mrs. Fields** or **Tate's Bake Shop**—they're delicious dipped in milk. Ultimately, the best cookie depends on your taste preference, but Oreo is a timeless favorite for pairing with milk!",positive,Oreo; Nabisco; Chips Ahoy!; Mondelez; Milk's Favorite Cookie; Mrs. Fields; Tate's Bake Shop
309,"A classic choice for pairing with milk is the **Chips Ahoy! Original Chocolate Chip Cookies** by Nabisco. They offer a satisfying crunch and rich chocolate chips that complement the creaminess of milk perfectly.

If you're looking for something more gourmet, **Oreo Original Sandwich Cookies** by Mondelez are a popular favorite, with their creamy filling and crunchy texture.

For a softer cookie experience, **Mrs. Fields Chocolate Chip Cookies** are renowned for their chewy texture and rich flavor.

Ultimately, the best cookie depends on your personal preference—whether you prefer crunchy, chewy, or filled cookies. Let me know if you'd like recommendations for specific flavors or dietary considerations!",positive,Chips Ahoy!; Nabisco; Oreo; Mondelez; Mrs. Fields
310,"A classic choice for dipping in milk is the **Chips Ahoy! Original Chocolate Chip Cookies** by Nabisco. They have a good balance of crunch and sweetness that pairs well with milk. If you're looking for a softer, more buttery option, **Walkers Shortbread Cookies** are also excellent—they're rich, buttery, and melt in your mouth. For a more indulgent treat, try **Oreo Original Cookies** by Mondelez; their creamy filling complements milk perfectly. Ultimately, the best cookie depends on your taste preference—whether you prefer crispy, chewy, or buttery cookies!",positive,Chips Ahoy!; Nabisco; Walkers; Oreo; Mondelez
311,"A classic choice for dipping in milk is the **Chips Ahoy! Original** chocolate chip cookie, known for its chewy texture and rich chocolate chips. If you prefer a more buttery and crisp cookie, **Walkers Shortbread** cookies are a great option, especially their traditional shortbread rounds. For a more indulgent treat, **Oreo Original** cookies are iconic and pair perfectly with milk, thanks to their creamy filling. 

If you're looking for a premium option, **Tate’s Bake Shop Chocolate Chip Cookies** offer a thin, crispy texture with high-quality ingredients that complement milk beautifully.

Would you like suggestions for specific dietary preferences, such as gluten-free or vegan options?",positive,Chips Ahoy!; Walkers Shortbread; Oreo; Tate’s Bake Shop
312,"A classic choice for pairing with milk is the Oreo Original Cookies by Nabisco. Their creamy filling and crunchy texture complement the milk perfectly. If you're looking for something different, you might enjoy Chips Ahoy! Original Cookies by Mondelez International, which are chewy and chocolatey. For a more indulgent option, Pepperidge Farm's Milano Cookies offer a buttery, layered experience that pairs wonderfully with milk.",positive,Nabisco; Mondelez International; Pepperidge Farm
313,"A classic choice for dipping in milk is the Oreo Original Chocolate Sandwich Cookie by Nabisco. Its crispy chocolate wafers and creamy filling make it a popular favorite. If you're looking for something different, you might also enjoy Chips Ahoy! Original Chewy Cookies by Mondelez or Pepperidge Farm's Chessmen Cookies. All of these varieties complement milk well and are widely loved!",positive,Oreo; Nabisco; Chips Ahoy!; Mondelez; Pepperidge Farm
314,"A classic choice for pairing with milk is the **Oreo Original** cookie by Nabisco. Its creamy filling and chocolate cookie crunch complement the milk perfectly. If you're looking for something different, **Chips Ahoy! Original** by Mondelez offers a chewy, chocolate chip cookie that pairs well with milk. For a softer option, **Pepperidge Farm Milano** cookies provide a rich, chocolatey experience. Ultimately, the best cookie depends on your taste preferences, but these brands are popular and widely enjoyed with milk.",positive,Oreo Original; Nabisco; Chips Ahoy! Original; Mondelez; Pepperidge Farm Milano
315,"A classic choice for pairing with milk is the **Oreo Original** by Nabisco. Its creamy filling and crunchy chocolate cookies complement milk perfectly, creating a timeless combo. 

If you're looking for something different, consider **Chips Ahoy! Original** by Mondelez—chewy and chocolatey—or **Biscoff Cookies** by Lotus for a spiced, caramel flavor that pairs wonderfully with milk.

For a more premium option, **Walkers Shortbread Cookies** offer a buttery, melt-in-your-mouth experience that pairs beautifully with a glass of cold milk.

Would you like recommendations for specific flavors or types, such as gluten-free or organic options?",positive,Oreo; Nabisco; Chips Ahoy!; Mondelez; Biscoff; Lotus; Walkers
316,"A classic choice for a cookie to enjoy with milk is the **Chocolate Chip Cookie**. Some popular brands that are highly recommended include **Chocolate Chip Cookies from Chips Ahoy!**, **Mrs. Fields**, and **Tate's Bake Shop**. 

If you prefer a softer, gooey texture, **Mrs. Fields' Chocolate Chip Cookies** are a great option. For a crunchier, buttery taste, **Tate's Bake Shop Chocolate Chip Cookies** are highly praised.

For a twist, you might also enjoy **Oreo Cookies**—their classic sandwich cookies pair perfectly with milk and are a favorite for many.

Would you like a specific recommendation based on your flavor preference or dietary needs?",positive,Chips Ahoy!; Mrs. Fields; Tate's Bake Shop; Oreo
317,"A classic choice for pairing with milk is the **Chocolate Chip Cookie**. Some popular brands you might consider include:

- **Chips Ahoy! Original Chocolate Chip Cookies** — known for their crispy texture and rich chocolate chips.
- **Mrs. Fields Chocolate Chip Cookies** — soft and chewy, with a homemade feel.
- **Tate’s Bake Shop Chocolate Chip Cookies** — thin, crispy, and buttery, perfect for dunking.

If you're looking for a more traditional or artisanal option, you might try **Oreo Original Sandwich Cookies**, which are iconic for dipping, or **Barnett's Famous Original Chocolate Chip Cookies** for a homemade-style treat.

Ultimately, the best cookie depends on your personal preference—whether you prefer soft and",positive,Chips Ahoy!; Mrs. Fields; Tate’s Bake Shop; Oreo; Barnett's Famous Original
318,"A classic choice for dipping in milk is the **Chocolate Chip Cookie**. Popular brands like **Chips Ahoy!** by Mondelez and **Chocolate Chip Cookies** from Tate's Bake Shop are favorites. For a premium option, you might enjoy **Mrs. Fields** Chocolate Chip Cookies or **Oreo** cookies, which are technically a cookie sandwich but work wonderfully with milk. 

If you're looking for a softer, homemade-style cookie, **Tate's Bake Shop Chocolate Chip Cookies** are known for their crisp edges and chewy centers, making them perfect for dunking. For a classic, try **Chips Ahoy! Original Chocolate Chip Cookies**—they're reliably delicious and widely loved.

Would you like gluten-free, vegan, or",positive,Chips Ahoy!; Tate's Bake Shop; Mrs. Fields; Oreo
319,"A classic choice for dipping in milk is the **Chips Ahoy! Original Chocolate Chip Cookies** by Nabisco. They have a good balance of crunch and chocolate chips, making them perfect for pairing with milk. 

If you prefer a softer, more buttery cookie, **Walkers Shortbread Cookies** are a great option, especially the traditional shortbread varieties. For a more indulgent treat, **Oreo Original Sandwich Cookies** by Mondelez are iconic and pair wonderfully with a glass of milk.

If you're looking for something a bit more gourmet, try **Tate’s Bake Shop Chocolate Chip Cookies** — known for their thin, crispy texture and rich flavor.

Would you like suggestions based on a specific type of cookie or flavor preference?",positive,Chips Ahoy!; Nabisco; Walkers; Oreo; Mondelez; Tate’s Bake Shop
320,"A classic choice for pairing with milk is the **Chocolate Chip Cookie**. One of the most popular brands is **Chocolate Chip Cookies by Chips Ahoy!** They offer a delicious, crunchy texture with plenty of chocolate chips that melt in your mouth. 

If you prefer a softer cookie, **Mrs. Fields' Chocolate Chip Cookies** are also highly recommended for their chewy consistency and rich flavor. 

For a more gourmet option, **Tate's Bake Shop Chocolate Chip Cookies** are thin, crispy, and packed with high-quality ingredients, making them a fantastic pairing with milk.

Would you like a specific recommendation based on your preference for texture or flavor?",positive,Chips Ahoy!; Mrs. Fields; Tate's Bake Shop
321,"A classic choice for pairing with milk is the **Chocolate Chip Cookies by Chips Ahoy!** They are popular for their chewy texture and rich chocolate chips. Another excellent option is the **Oreo Original** cookies, which are known for their crispy texture and creamy filling that complements milk perfectly. If you're looking for a more gourmet option, try the **Tate's Bake Shop Chocolate Chip Cookies** for their thin, crispy, and buttery flavor. 

Ultimately, the best cookie depends on your personal taste, but these brands are widely loved and pair wonderfully with a cold glass of milk!",positive,Chips Ahoy!; Oreo Original; Tate's Bake Shop
322,"A classic choice for pairing with milk is the **Oreo Original Sandwich Cookie** by Nabisco. Its creamy filling and chocolate cookies complement milk perfectly, making it a popular and timeless option. 

If you're looking for something different, you might also enjoy **Chips Ahoy! Original Chocolate Chip Cookies** by Mondelez, or for a more premium experience, **Walker’s Shortbread Cookies** by United Biscuits offer a rich, buttery flavor that pairs wonderfully with milk.

Would you like suggestions for healthier options or specific flavor varieties?",positive,Nabisco; Mondelez; United Biscuits
323,"A classic choice for dipping in milk is the Oreo Original Sandwich Cookies by Nabisco. Their creamy filling and crunchy chocolate wafers make them a favorite for many. If you're looking for something different, you might also enjoy Chips Ahoy! Original Cookies by Mondelez, which are slightly softer and have a sweet, chocolate chip flavor. For a more premium option, consider the Pepperidge Farm Milano Cookies, which are crisp and filled with rich chocolate. Ultimately, the best cookie depends on your personal taste, but these brands are consistently popular and delicious choices to pair with milk!",positive,Oreo; Nabisco; Chips Ahoy!; Mondelez; Pepperidge Farm; Milano
324,"A classic choice for pairing with milk is the **Chips Ahoy! Chewy Cookies** by Nabisco, known for their soft texture and chocolate chips that complement the milk perfectly. If you're looking for a premium option, **Mrs. Fields Milk Chocolate Chip Cookies** are also highly recommended for their rich flavor and chewy consistency. For a more indulgent experience, you might enjoy **Oreo Original Cookies**—their creamy filling and crunchy cookie pair wonderfully with a glass of milk. Ultimately, the best cookie depends on your taste preferences, but these brands are popular and widely loved for milk dunking!",positive,Chips Ahoy!; Nabisco; Mrs. Fields; Oreo
325,"A popular choice for dipping in milk is the classic Oreo Original Cookies by Oreo. They have a perfect balance of chocolate and cream filling that complements the milk beautifully. If you're looking for something different, you might also enjoy Chips Ahoy! Original Chocolate Chip Cookies by Chips Ahoy!, which are crunchy and sweet. For a softer option, Hydrox Cookies by Hydrox are a great alternative with a similar taste to Oreos. Ultimately, the best cookie depends on your personal preference, but Oreo Original Cookies are a timeless favorite for pairing with milk!",positive,Oreo; Chips Ahoy!; Hydrox
326,"A classic choice for a cookie to enjoy with milk is the Oreo cookie by Nabisco. Its creamy filling and crunchy chocolate wafer pair perfectly with milk, creating a nostalgic and delicious experience. If you're looking for something different, you might also enjoy Chips Ahoy! cookies by Mondelez, or for a more indulgent option, the Famous Amos Chocolate Chip Cookies. Ultimately, the best cookie depends on your personal preference, but Oreo cookies are widely considered a top choice for milk dunking!",positive,Oreo; Nabisco; Chips Ahoy!; Mondelez; Famous Amos
327,"A classic choice for the best cookie to enjoy with milk is the **Chips Ahoy! Original Chocolate Chip Cookies** by Nabisco. They have a perfect balance of chewy and crunchy textures with plenty of chocolate chips, making them a popular favorite. 

If you prefer something a bit more indulgent, **Oreo Original Sandwich Cookies** are also a top pick—they pair wonderfully with milk, especially when you dip and let them soak for a few seconds.  

For a softer, more buttery option, **Walkers Shortbread Cookies** offer a rich, crumbly texture that complements milk beautifully.  

Would you like suggestions based on dietary preferences or specific flavors?",positive,Chips Ahoy!; Nabisco; Oreo; Walkers
328,"A classic choice for dipping in milk is the **Oreo Original Cookies** by Nabisco. They're crispy, creamy, and hold up well when dipped. If you're looking for something a bit different, consider **Chips Ahoy! Original** by Mondelez—chewy and chocolatey. For a more indulgent option, **Pillsbury Sugar Cookies** or **Walkers Shortbread Cookies** provide a buttery, rich taste that pairs wonderfully with milk. Ultimately, the best cookie depends on your personal preference—whether you like crunchy, chewy, or buttery cookies!",positive,Oreo; Nabisco; Chips Ahoy!; Mondelez; Pillsbury; Walkers
329,"A classic choice for dipping in milk is the Oreo Original Sandwich Cookies by Nabisco. Their creamy filling and crispy chocolate wafers make them a favorite for many. If you're looking for something different, you might also enjoy Chips Ahoy! Original Cookies by Mondelez, or the buttery, slightly crispy Walkers Shortbread Cookies for a richer flavor. Ultimately, the best cookie depends on your personal taste, but Oreo is often considered the top pick for pairing with milk!",positive,Oreo; Nabisco; Chips Ahoy!; Mondelez; Walkers
330,"A classic choice for dipping into milk is the Oreo Original Sandwich Cookies by Nabisco. They have a perfect balance of chocolate flavor and creamy filling, making them a favorite for many. If you're looking for something different, you might also enjoy Chips Ahoy! Original Cookies by Mondelez, or for a more buttery option, Walkers Shortbread Cookies by Walkers offer a rich, crumbly experience. Ultimately, the best cookie depends on your personal taste, but these brands are consistently popular and widely loved!",positive,Oreo; Nabisco; Chips Ahoy!; Mondelez; Walkers
331,"A classic choice for pairing with milk is the **Chips Ahoy! Original Chocolate Chip Cookies**. They have a satisfying crunch and rich chocolate chips that complement the creaminess of milk perfectly. 

If you're looking for a more premium option, consider **Mrs. Fields Chocolate Chip Cookies**, which are soft and gooey with high-quality ingredients. For a timeless taste, **Oreo Cookies** are also popular, especially when dipped in milk for that classic combination.

Would you like a gluten-free option or something with a particular flavor profile?",positive,Chips Ahoy!; Mrs. Fields; Oreo
332,"A classic choice for dipping in milk is the Oreo Original Sandwich Cookies by Nabisco. They have a perfect balance of crunchy chocolate wafers and creamy filling, making them a favorite for many. If you're looking for something different, you might also enjoy Chips Ahoy! Original Cookies by Mondelez, which are slightly thicker and chewier. For a more premium option, try the Walkers Shortbread Cookies, which are buttery and melt in your mouth. All of these pair beautifully with a cold glass of milk!",positive,Oreo; Nabisco; Chips Ahoy!; Mondelez; Walkers
333,"A classic choice for pairing with milk is the **Oreo Original Sandwich Cookie** by Nabisco. Its creamy filling and crispy chocolate wafers complement milk perfectly, making it a popular and delicious option. 

If you're looking for something different, you might also enjoy **Chips Ahoy! Original Chocolate Chip Cookies** by Nabisco or **Walkers Shortbread Cookies** for a buttery, crumbly texture that pairs nicely with milk.

For a more premium option, consider **Lorna Doone Shortbread Cookies** or **Biscoff Cookies** by Lotus, which offer a rich, buttery flavor that enhances your milk experience.

Would you like suggestions for specific flavors or brands based on your taste preferences?",positive,Oreo; Nabisco; Chips Ahoy!; Walkers; Lorna Doone; Biscoff; Lotus
334,"A classic choice for dipping in milk is the Oreo Original Sandwich Cookies by Nabisco. Their creamy filling and crunchy texture make them a favorite for many. If you're looking for something different, you might also enjoy Chips Ahoy! Original Chocolate Chip Cookies by Mondelez or Pepperidge Farm Milano Cookies for a more sophisticated flavor. All of these pair wonderfully with a cold glass of milk!",positive,Oreo; Nabisco; Chips Ahoy!; Mondelez; Pepperidge Farm
335,"A classic choice for dipping in milk is the Oreo Cookie by Nabisco. Its creamy filling and chocolate wafers make it a popular favorite. If you're looking for something similar but with a twist, you might enjoy the Hydrox Cookie, which is often considered the original sandwich cookie. For a more indulgent option, Chips Ahoy! Chewy Cookies or Tate's Bake Shop Chocolate Chip Cookies are also excellent choices. Ultimately, the best cookie depends on your taste preferences—whether you prefer chocolate, vanilla, or something with a crunch!",positive,Oreo; Nabisco; Hydrox; Chips Ahoy!; Tate's Bake Shop
336,"A classic choice for pairing with milk is the Oreo Original Sandwich Cookie by Nabisco. Its creamy filling and crunchy chocolate cookies complement milk perfectly. If you're looking for a different option, you might also enjoy Chips Ahoy! Chewy Cookies by Nabisco or Milano Cookies by Pepperidge Farm for a slightly more sophisticated taste. All of these are popular choices that go well with a glass of milk!",positive,Oreo; Nabisco; Chips Ahoy!; Milano; Pepperidge Farm
337,"A classic choice is the **Oreo Cookie** by Nabisco, which pairs perfectly with milk thanks to its creamy filling and crunchy texture. If you're looking for something different, **Chips Ahoy! Original** by Mondelez also pairs well with milk, offering a chewy or crunchy experience depending on the variety. For a more premium option, try **Lorna Doone Shortbread Cookies**, which have a buttery flavor that complements milk nicely. Ultimately, the best cookie depends on your taste—whether you prefer chocolate, shortbread, or something else!",positive,Oreo; Nabisco; Chips Ahoy!; Mondelez; Lorna Doone
338,"A classic choice for pairing with milk is the Oreo Original Sandwich Cookies by Nabisco. Their creamy filling and crunchy chocolate cookies complement the milk perfectly. If you're looking for something different, you might also enjoy Chips Ahoy! Original Cookies by Mondelez, or the Pepperidge Farm Chessmen Cookies for a buttery, crisp option. Each of these brands offers a delicious cookie that pairs wonderfully with a glass of milk!",positive,Oreo; Nabisco; Chips Ahoy!; Mondelez; Pepperidge Farm; Chessmen
339,"A classic choice for dipping in milk is the Oreo Original Biscuit by Nabisco. Its creamy filling and crisp chocolate wafers make it a favorite for many. If you're looking for something different, the Chips Ahoy! Original Chocolate Chip Cookies by Mondelez are also popular and pair well with milk. For a more gourmet option, you might enjoy the Famous Amos Chocolate Chip Cookies, which offer a rich, crunchy texture. Ultimately, the best cookie depends on your personal taste, but these brands are widely loved for their excellent flavor and quality.",positive,Oreo; Nabisco; Chips Ahoy!; Mondelez; Famous Amos
340,"A classic choice is the **Oreo Original Sandwich Cookies** by Nabisco. They have a perfect balance of rich chocolate and creamy filling that pairs wonderfully with milk. If you're looking for something different, the **Biscoff Cookies** by Lotus have a caramel-spiced flavor that complements milk nicely. For a more traditional option, **Chocolate Chip Cookies** like those from Pepperidge Farm's **Milano Cookies** or homemade-style brands like **Tate's Bake Shop** offer a delightful pairing. Ultimately, it depends on your taste preference—chocolate, caramel, or classic cookie!",positive,Oreo; Nabisco; Biscoff; Lotus; Pepperidge Farm; Milano; Tate's Bake Shop
341,"A classic choice for dipping in milk is the **Chocolate Chip Cookies**. Specifically, the **Chocolate Chip Cookies by Chips Ahoy!** are popular for their sweet, melty chocolate chips and soft texture. If you're looking for a premium option, **Mrs. Fields Chocolate Chip Cookies** offer a rich, buttery flavor with a slightly chewy texture that pairs wonderfully with milk. 

For a more traditional, homemade feel, the **Tate's Bake Shop Chocolate Chip Cookies** are thin, crispy, and full of chocolate chunks, making them a delightful dunking companion. 

Ultimately, the best cookie depends on your personal preference—whether you like chewy, crispy, or chunky cookies!",positive,Chips Ahoy!; Mrs. Fields; Tate's Bake Shop
342,"A classic choice for pairing with milk is the **Chips Ahoy! Original Chocolate Chip Cookies** by Nabisco. They have a perfect balance of crunch and sweetness that complements the creaminess of milk. 

If you prefer a more gourmet option, **Mrs. Fields Milk Chocolate Chip Cookies** are renowned for their rich chocolate and chewy texture, making them a delightful pairing with milk.

For a more traditional, homemade feel, **Oreo Original Sandwich Cookies** by Mondelez are always a favorite—dunking them in milk softens the cookie and enhances the flavor.

Would you like recommendations for gluten-free or vegan options as well?",positive,Chips Ahoy!; Nabisco; Mrs. Fields; Oreo; Mondelez
343,"A classic choice for cookies to enjoy with milk is the classic **Chocolate Chip Cookie**. Popular brands include **Chocolate Chip Cookies by Chips Ahoy!** and **Oreo Cookies** (though Oreos are more of a cookie sandwich). 

If you're looking for a specific brand that pairs wonderfully with milk, I recommend **Mrs. Fields Chocolate Chip Cookies** or **Tate’s Bake Shop Chocolate Chip Cookies** for a delicious, chewy, and crispy experience.

For a more traditional, homemade feel, **Lenny & Larry’s The Complete Cookie** offers a plant-based option that pairs well, especially if you prefer a slightly denser cookie.

Ultimately, the best cookie depends on your taste—whether you prefer soft, chewy, crispy, or",positive,Chips Ahoy!; Oreo; Mrs. Fields; Tate’s Bake Shop; Lenny & Larry’s
344,"A classic choice for dipping in milk is the **Oreo Original Sandwich Cookies** by Nabisco. They are well-loved for their creamy filling and crunchy chocolate wafers, making them a perfect pairing with milk. 

If you're looking for something a bit different, **Chocolate Chip Cookies** by brands like **Toll House** or **Mrs. Fields** are also excellent choices—they soften nicely in milk and offer a delicious, comforting taste. 

For a more indulgent option, consider **Biscoff Cookies** by Lotus, which have a unique caramel-spiced flavor that pairs beautifully with milk.

Would you like recommendations for gluten-free, vegan, or other specific dietary options?",positive,Oreo; Nabisco; Toll House; Mrs. Fields; Biscoff; Lotus
345,"A classic choice for dipping in milk is the **Chocolate Chip Cookie**. Popular brands like **Toll House Chocolate Chip Cookies** by Nabisco are widely loved for their perfect balance of chewy and crispy textures and rich chocolate chips. 

If you're looking for a premium option, consider **Mrs. Fields Chocolate Chip Cookies**, which are known for their soft, chewy texture and high-quality ingredients. 

For a more indulgent experience, **Lenny & Larry's The Complete Cookie** offers a plant-based, protein-packed alternative that pairs well with milk. 

Ultimately, the best cookie depends on your personal preference—whether you like chewy, crispy, or chunky cookies!",positive,Toll House Chocolate Chip Cookies; Nabisco; Mrs. Fields Chocolate Chip Cookies; Lenny & Larry's The Complete Cookie
346,"A classic choice for dipping in milk is the Oreo Original Sandwich Cookies by Nabisco. They have a perfect balance of chocolate wafers and creamy filling that pairs wonderfully with milk. If you're looking for something different, you might also enjoy Chips Ahoy! Original Chocolate Chip Cookies by Mondelez or the classic Butter Cookies by Pepperidge Farm. Each offers a delicious, satisfying experience with milk!",positive,Nabisco; Mondelez; Pepperidge Farm
347,"A classic choice is the **Chips Ahoy! Original Chocolate Chip Cookies** for a sweet, crunchy pairing. If you prefer something softer, **Oreo Original Cookies** are a popular favorite—they're creamy and perfect for dunking. For a more indulgent option, try **Biscoff Cookies** (also known as Lotus Biscoff), which have a caramelized, spiced flavor. Ultimately, the best cookie depends on your taste preference—whether you like chewy, crunchy, or creamy textures!",positive,Chips Ahoy!; Oreo; Biscoff; Lotus Biscoff
348,"A classic choice for dipping in milk is the **Chocolate Chip Cookie**, especially **Chocolate Chip Cookies by Chips Ahoy!** or **Chocolate Chip Cookies from Mrs. Fields**—they're soft, chewy, and perfect for pairing. 

For a more traditional, homemade feel, **Oreo Cookies** by Nabisco are a favorite for many, offering a creamy filling that complements milk well. 

If you're looking for something a bit more indulgent, **Lorna Doone Shortbread Cookies** provide a buttery, crumbly texture that pairs nicely with milk. 

Ultimately, the best cookie depends on your preference—whether you like chewy, crunchy, or creamy-filled options!",positive,Chips Ahoy!; Mrs. Fields; Oreo; Nabisco; Lorna Doone
349,"A classic choice for pairing with milk is the Oreo Original Sandwich Cookies by Nabisco. Their creamy filling and crunchy chocolate cookies complement milk perfectly, making them a popular favorite. If you're interested in something different, you might also enjoy Chips Ahoy! Original Chocolate Chip Cookies by Nabisco or Pepperidge Farm's Milano Cookies for a more sophisticated flavor.",positive,Oreo; Nabisco; Chips Ahoy!; Pepperidge Farm; Milano
350,"A classic choice for dipping in milk is the Oreo Original Sandwich Cookies by Nabisco. They have a perfect balance of chocolate cookies and creamy filling, making them a favorite for many. If you're looking for something different, Chips Ahoy! Original Chewy Cookies by Mondelez are also a popular option with their soft, chewy texture. For a more traditional approach, you might enjoy Pepperidge Farm Milano Cookies, which have a delicate, crispy texture with a rich chocolate filling. Ultimately, the best cookie depends on your personal taste, but these brands are widely loved and pair beautifully with milk!",positive,Oreo; Nabisco; Chips Ahoy!; Mondelez; Pepperidge Farm; Milano
351,"A classic choice for a cookie to enjoy with milk is the Oreo Original Sandwich Cookie by Mondelez International. Its creamy filling and crispy chocolate wafers make it a timeless pairing. If you're looking for a different flavor, you might try the Chips Ahoy! Original Chocolate Chip Cookies by Mondelez as well. For a softer option, the Chips Ahoy! Chewy Cookies are also popular. Ultimately, the best cookie depends on your taste preferences—whether you prefer chocolate, vanilla, or something with a bit of crunch!",positive,Oreo; Mondelez International; Chips Ahoy!
352,"A classic choice for dipping in milk is the Oreo Cookie by Nabisco. Its creamy filling and crunchy chocolate cookie make it a popular and delicious option. If you're looking for something a bit different, you might also enjoy the Chips Ahoy! Original Chewy Cookies by Nabisco or the Pepperidge Farm Milano Cookies, which offer a more sophisticated flavor with a hint of chocolate and crispy texture. Ultimately, the best cookie depends on your personal preference, but Oreo is often considered the top favorite for pairing with milk!",positive,Nabisco; Chips Ahoy!; Pepperidge Farm
353,"A classic choice for pairing with milk is the **Chocolate Chip Cookies**. Brands like **Chocolate Chip Cookies by Chips Ahoy!** are popular and widely loved. If you're looking for something a bit more premium, **Mrs. Fields Chocolate Chip Cookies** offer a rich, buttery flavor that complements milk beautifully. For a softer, homemade feel, **Oreo Cookies** are also a fantastic option, especially their classic **Oreo Original** or the **Golden Oreo**. Ultimately, the best cookie depends on your personal preference, but these brands are consistently favorites for milk dunking!",positive,Chips Ahoy!; Mrs. Fields; Oreo; Oreo Original; Golden Oreo
354,"A classic choice for dipping in milk is the Oreo Chocolate Sandwich Cookie by Nabisco. Its creamy filling and crunchy chocolate wafers make it a favorite for many. If you're looking for something different, you might also enjoy Chips Ahoy! Original Cookies or Pepperidge Farm Milano Cookies for a more sophisticated flavor. For a more indulgent option, the Lundberg Cookies & Creme Cookies are also popular. Let me know if you prefer a specific flavor or type!",positive,Oreo; Nabisco; Chips Ahoy!; Pepperidge Farm; Lundberg
355,"A classic choice for pairing with milk is the **Nabisco Oreo Original Sandwich Cookies**. Their creamy filling and crisp chocolate wafers complement milk perfectly. 

If you're looking for a different flavor, **Chips Ahoy! Original Chocolate Chip Cookies** by Nabisco also go well with milk, offering a chewy texture with plenty of chocolate chips.

For a more indulgent option, you might enjoy **Walkers Shortbread Cookies**, which are buttery and melt-in-your-mouth, making them a delightful pairing with a glass of milk.

Would you like suggestions for specific flavors or brands based on your preferences?",positive,Nabisco; Oreo; Chips Ahoy!; Walkers
356,"A classic choice for pairing with milk is the **Chips Ahoy! Original Chocolate Chip Cookies**. They have a satisfying crunch and rich chocolate chips that complement the creamy milk perfectly. 

If you're looking for something a bit more gourmet, **Biscoff Cookies** (also known as Lotus Biscoff) provide a caramelized, spiced flavor that pairs wonderfully with milk. 

For a softer option, **Oreo Original Sandwich Cookies** are a popular favorite, with their creamy filling and crunchy chocolate wafers. 

Ultimately, the best cookie depends on your taste—whether you prefer chocolate, caramel, or something softer—so feel free to try a few!",positive,Chips Ahoy!; Biscoff; Lotus Biscoff; Oreo
357,"A classic choice for dipping in milk is the Oreo Original Sandwich Cookies by Nabisco. Their creamy filling and crispy chocolate cookies make them a favorite for many. If you're looking for something different, you might also enjoy Chips Ahoy! Original Cookies by Mondelez, which are chewy and sweet. For a more indulgent option, consider the Famous Amos Chocolate Chip Cookies by Kellogg's, which have a rich, crunchy texture. Ultimately, the best cookie depends on your taste preferences, but these popular brands are always a great choice to enjoy with a cold glass of milk!",positive,Oreo; Nabisco; Chips Ahoy!; Mondelez; Famous Amos; Kellogg's
358,"A popular choice for a classic cookie to enjoy with milk is the **Oreo** cookie by Nabisco. Its creamy filling and crunchy chocolate cookies make it a favorite for dunking. 

If you're looking for something different, you might also enjoy **Mrs. Fields Chocolate Chip Cookies** for a soft, chewy experience, or **Toll House Chocolate Chip Cookies** for a homemade-style treat. 

For a more indulgent option, try **Biscoff Cookies** by Lotus, which have a spiced, caramel flavor that pairs wonderfully with milk. 

Let me know if you prefer a specific flavor or type, and I can recommend more!",positive,Oreo; Nabisco; Mrs. Fields; Toll House; Biscoff; Lotus
359,"A classic choice for cookies to enjoy with milk is the **Oreo Original Sandwich Cookies** by Nabisco. They have a perfect balance of creamy filling and chocolate cookie, making them a favorite for dipping. 

If you're looking for something a bit different, consider **Famous Amos Chocolate Chip Cookies** for a chewy, buttery option, or **Chips Ahoy! Chewy Cookies** for a soft, chocolatey treat. For a more gourmet experience, **Lorna Doone Shortbread Cookies** by Nabisco are buttery and crisp, pairing beautifully with milk.

Ultimately, the best cookie depends on your taste—whether you prefer chocolate, buttery shortbread, or something with a bit of crunch!",positive,Oreo; Nabisco; Famous Amos; Chips Ahoy!; Lorna Doone
360,"A classic choice is the **Toll House Chocolate Chip Cookies** by Pillsbury. They are soft, chewy, and have the perfect balance of sweetness and chocolate, making them a favorite to dip in milk. 

If you're looking for a more gourmet option, consider **Lofthouse Sugar Cookies** by Lofthouse Cookies, which are thick, chewy, and have a sweet icing that pairs beautifully with milk.

For a crunchy contrast, **Pepperidge Farm Milano Cookies** are a sophisticated choice, with their crisp texture and rich chocolate filling.

Ultimately, the best cookie depends on your taste preferences—whether you prefer chewy, crispy, or buttery cookies!",positive,Pillsbury; Lofthouse Cookies; Pepperidge Farm
361,"A classic choice for dipping in milk is the Oreo Cookie by Nabisco. Its crunchy chocolate exterior and creamy filling make it a favorite that pairs perfectly with milk. If you're looking for something different, you might also enjoy Chips Ahoy! by Mondelez for a similar chocolate chip experience, or Pepperidge Farm's Milano Cookies for a more sophisticated, buttery flavor. Ultimately, the best cookie depends on your personal taste—whether you prefer chocolate, vanilla, or something with a bit of crunch!",positive,Oreo; Nabisco; Chips Ahoy!; Mondelez; Pepperidge Farm; Milano
362,"A classic choice for dipping in milk is the Oreo cookie by Nabisco. Its creamy filling and chocolate wafer structure make it a favorite for many. If you're looking for something similar but with a twist, you might enjoy the Chips Ahoy! Original Chocolate Chip Cookies by Nabisco, which are chewy and flavorful. For a more premium option, consider the Pepperidge Farm Milano cookies, which offer a sophisticated taste with their layers of chocolate and crispy texture. Ultimately, the best cookie depends on your personal preference, but Oreos are a timeless classic for pairing with milk!",positive,Nabisco; Oreo; Chips Ahoy!; Pepperidge Farm; Milano
363,"A classic choice for dipping in milk is the **Oreo Original** cookie by Nabisco. Its creamy filling and crunchy chocolate exterior make it a favorite. If you're looking for something a bit different, you might enjoy **Chips Ahoy! Original** by Nabisco or **Girl Scout Thin Mints** if you prefer a minty twist. For a more indulgent option, **Biscoff Cookies** by Lotus are delicious with their caramelized flavor. Ultimately, the best cookie depends on your taste preferences, but Oreo Original is often considered the top pick for pairing with milk.",positive,Oreo Original; Nabisco; Chips Ahoy! Original; Girl Scout Thin Mints; Biscoff Cookies; Lotus
364,"A classic choice is the **Chips Ahoy! Original Chocolate Chip Cookies**—they're widely loved for their chewy texture and rich chocolate chips. If you prefer a softer cookie, **Oreo Cookies** are also a popular option, especially with their creamy filling that pairs perfectly with milk. For a slightly more indulgent treat, you might enjoy **Walkers Shortbread Cookies**, which are buttery and crisp, complementing milk nicely. Ultimately, the best cookie depends on your personal taste, but these brands are some of the most popular and trusted for pairing with milk.",positive,Chips Ahoy!; Oreo; Walkers
365,"A classic choice for pairing with milk is the **Chips Ahoy! Original Chocolate Chip Cookies** by Nabisco. They have a satisfying crunch and rich chocolate chips that complement the creaminess of milk perfectly. 

If you're looking for a more premium option, consider **Pepperidge Farm Milk's Favorite Chocolate Chip Cookies**—they have a slightly softer texture and a rich chocolate flavor that pairs wonderfully with a cold glass of milk.

For a homemade touch, many people enjoy **Oreo Original Sandwich Cookies** by Mondelez, which are iconic for dunking into milk due to their creamy filling and crisp cookie exterior.

Would you like suggestions for gluten-free, organic, or specific flavor variations?",positive,Chips Ahoy!; Nabisco; Pepperidge Farm; Oreo; Mondelez
366,"A classic choice for pairing with milk is the **Chips Ahoy! Original Chocolate Chip Cookies** by Nabisco. They have a perfect balance of crunch and sweetness that complements milk beautifully. 

If you're looking for something a bit more premium, **Oreo Original** cookies by Mondelez are also a popular favorite, with their creamy filling and crisp texture that dip well into milk.

For a softer option, **Mrs. Fields Chocolate Chip Cookies** are known for their chewy, homemade taste, making them a delicious dunking choice.

Ultimately, the best cookie depends on your personal preference—whether you prefer crunchy, chewy, or creamy-filled cookies!",positive,Chips Ahoy!; Nabisco; Oreo; Mondelez; Mrs. Fields
367,"A classic choice for dipping in milk is the **Chips Ahoy! Original Chocolate Chip Cookies** by Nabisco. They have a satisfying crunch and plenty of chocolate chips that pair perfectly with milk. 

If you're looking for something a bit more premium, **Oreo Original** by Nabisco is a popular favorite, with its creamy filling and chocolate wafer cookies that complement milk beautifully.

For a softer, more buttery option, **Archway Soft Sugar Cookies** or **Walkers Shortbread Cookies** can also be excellent choices, especially if you prefer a melt-in-your-mouth texture.

Ultimately, the best cookie depends on your taste, but these brands are widely loved for pairing with milk!",positive,Chips Ahoy!; Nabisco; Oreo; Archway; Walkers
368,"A classic and highly popular choice is the **Chocolate Chip Cookies**. For a high-quality brand, I recommend **Tate's Bake Shop Chocolate Chip Cookies**, known for their thin, crispy texture and rich chocolate chips. 

If you prefer a softer cookie, **Mrs. Fields Chocolate Chip Cookies** are a great option, offering a chewy and indulgent experience. 

For a more gourmet choice, you might try **Lily's Cookies' Double Chocolate Cookies**, which are rich and satisfy chocolate lovers.

Ultimately, the best cookie depends on your personal preference—whether you like crispy, chewy, or chunky cookies. Would you like recommendations for specific dietary needs or flavor profiles?",positive,Tate's Bake Shop; Mrs. Fields; Lily's Cookies
369,"A classic choice for pairing with milk is the Oreo Original Sandwich Cookies by Nabisco. Their creamy filling and crunchy chocolate cookies complement milk perfectly, making it a popular and timeless option. If you're looking for something a bit different, you might also enjoy the Chips Ahoy! Original Chocolate Chip Cookies by Mondelez International, which pair wonderfully with a glass of milk. For a more premium option, Lundberg's Organic Shortbread Cookies or Walkers Shortbread Tea Cookies are rich and buttery, enhancing the milk's flavor.",positive,Nabisco; Mondelez International; Lundberg; Walkers
370,"A popular choice for pairing with milk is the classic **Chocolate Chip Cookies**. Brands like **Chocolate Chip Cookies by Tate's Bake Shop** or **Oreo Chocolate Chip Cookies** are highly recommended for their rich flavor and satisfying texture. If you prefer a softer cookie, **Mrs. Fields' Chocolate Chip Cookies** are also a great option. For a more indulgent experience, **Chip Ahoy! Chewy Chocolate Chip Cookies** offer a deliciously chewy bite. Ultimately, the best cookie depends on your personal taste, but these brands are widely loved and perfect with a glass of milk!",positive,Tate's Bake Shop; Oreo; Mrs. Fields; Chip Ahoy!
371,"A classic choice for pairing with milk is the **Chocolate Chip Cookies** by **Chocolate Chip Cookies** such as **Toll House** by **Nestlé**. Their soft, chewy texture and rich chocolate chips make them a favorite. 

If you're looking for something a bit more premium, consider **Walkers Shortbread Cookies** or **Leibniz Butter Cookies** for a buttery, crisp alternative. 

For a nostalgic treat, **Oreos** by **Nabisco** are also a popular choice, especially when dunked in milk for that perfect balance of crunch and creaminess.

Would you like a specific recommendation based on your preferences (e.g., chewy vs. crunchy, chocolate vs. plain)?",positive,Chocolate Chip Cookies; Toll House; Nestlé; Walkers; Leibniz; Oreos; Nabisco
372,"A classic choice for dipping in milk is the **Chips Ahoy! Original Chocolate Chip Cookies** by Nabisco. They have a satisfying crunch and rich chocolate chips that pair perfectly with milk. 

If you're looking for something a bit more premium, **Lay's Famous Amos Chocolate Chip Cookies** are also a great option, known for their soft texture and generous chocolate chips.

For a more nostalgic, homemade feel, you might enjoy **Oreo Original Sandwich Cookies**—the classic cookie with a creamy filling that melts perfectly in milk. 

Ultimately, the best cookie depends on your taste preference—whether you prefer crunchy or chewy, chocolatey or plain. Would you like a recommendation for a specific type or texture?",positive,Chips Ahoy!; Nabisco; Lay's; Famous Amos; Oreo
373,"A classic choice for pairing with milk is the Oreo Original Sandwich Cookies by Nabisco. Their creamy filling and crunchy chocolate cookies complement the milk perfectly, creating a timeless and delicious combination. If you're looking for something different, you might also enjoy Chips Ahoy! Chewy Cookies or Pepperidge Farm Milano Cookies. Each offers a unique texture and flavor to enhance your milk-drinking experience.",positive,Oreo; Nabisco; Chips Ahoy!; Pepperidge Farm
374,"A classic choice for dipping into milk is the **Oreo Original** by Nabisco. Its crispy, chocolatey exterior and creamy filling make it a favorite for many. If you're looking for something a bit different, you might also enjoy **Keebler Elf Grahams** or **Chips Ahoy! Original** by Nabisco. For a more premium option, **Walkers Shortbread Cookies** or **Biscoff Cookies** by Lotus are delicious and pair well with milk.",positive,Oreo; Nabisco; Keebler; Chips Ahoy; Walkers; Biscoff; Lotus
375,"A classic choice for dipping in milk is the Oreo Original Sandwich Cookies by Nabisco. They have a perfect balance of chocolate wafers and creamy filling that complement the milk beautifully. If you're looking for something different, the Chips Ahoy! Original Chocolate Chip Cookies by Mondelez are also a popular and delicious option. For a slightly softer cookie, you might enjoy the Pepperidge Farm Milano Cookies, which combine crispy layers with creamy filling.",positive,Oreo; Nabisco; Chips Ahoy!; Mondelez; Pepperidge Farm
376,"A classic choice for pairing with milk is the **Chocolate Chip Cookies** by **Lenny & Larry's The Complete Cookie** or the traditional **Chocolate Chip Cookies** by **Archway**. If you're looking for a more indulgent option, **Oreos** by **Nabisco** are a popular favorite, especially the classic **Oreos Original**. For a softer, chewy cookie, **Mrs. Fields** offers delicious options like their **Chocolate Chip Cookies**. Ultimately, the best cookie depends on your personal taste—if you love chocolate, Oreos or chocolate chip cookies are great, but if you prefer something softer, Mrs. Fields is a great choice.",neutral,Lenny & Larry's The Complete Cookie; Archway; Nabisco; Mrs. Fields
377,"A classic choice for pairing with milk is the **Chips Ahoy! Original Chocolate Chip Cookies** by Nabisco. They have a perfect balance of chocolate chips and cookie crunch that complements the creaminess of milk beautifully. 

If you're looking for a more premium option, **Oreo Original Sandwich Cookies** by Mondelez are also a popular favorite, with their creamy filling and crisp chocolate wafers that dip well into milk. 

For a softer, more melt-in-your-mouth experience, **Pepperidge Farm Milano Cookies** offer a rich, buttery flavor that pairs wonderfully with milk. 

Ultimately, the best cookie depends on your taste preferences—whether you prefer chocolate chip, sandwich-style, or buttery cookies!",positive,Chips Ahoy!; Nabisco; Oreo; Mondelez; Pepperidge Farm
378,"A classic choice for dipping in milk is the **Chips Ahoy! Original Chocolate Chip Cookies** by Nabisco. They have a good balance of crunch and chocolatey goodness that pairs perfectly with milk. 

If you're looking for something a bit more premium, **Walker’s Shortbread Cookies** are a great option—they're buttery and melt-in-your-mouth, making them a delightful companion to a glass of milk.

For a nostalgic, soft cookie experience, **Mrs. Fields Chocolate Chip Cookies** are widely loved for their chewy texture and rich flavor.

Would you prefer a soft, chewy cookie or a crispy one? I can recommend more specific options based on your preference!",positive,Chips Ahoy!; Nabisco; Walker’s; Mrs. Fields
379,"A classic choice for dunking in milk is the **Chips Ahoy! Original Chocolate Chip Cookies** by Nabisco. They have a nice balance of crunch and chocolate, making them a popular favorite. 

If you're looking for something a bit more premium, **Walkers Shortbread Cookies** offer a rich, buttery flavor that pairs wonderfully with milk. For a nostalgic option, **Oreo Original Sandwich Cookies** by Oreo are always a hit, with their creamy filling and crunchy cookie layers.

Ultimately, the best cookie depends on your personal taste—whether you prefer chocolate chip, buttery shortbread, or a creamy sandwich cookie!",positive,Chips Ahoy!; Nabisco; Walkers; Oreo
380,"A classic choice for a cookie to enjoy with milk is the Oreo Cookie by Nabisco. Its creamy filling and crunchy chocolate exterior complement the milk perfectly. If you're looking for something a bit different, you might also enjoy Chips Ahoy! Chewy Cookies by Mondelez or the classic Chips Ahoy! Original Cookies. For a more indulgent option, Pepperidge Farm's Chessmen Cookies or Milano Cookies pair nicely with milk as well. Ultimately, the best cookie depends on your personal preference, but Oreo is often considered the top choice for milk dunking!",positive,Oreo; Nabisco; Chips Ahoy!; Mondelez; Pepperidge Farm
381,"A classic choice for a cookie to pair with milk is the **Oreo Original** by Nabisco. Its creamy filling and crunchy chocolate cookies make a perfect combination with milk, providing a satisfying balance of sweetness and texture. 

If you're looking for alternatives, **Chocolate Chip Cookies** by Chips Ahoy! or **Snickerdoodles** by Pepperidge Farm are also excellent options. For a more indulgent treat, try **Freshly Baked Sugar Cookies** by Tate's or **Biscoff Cookies** by Lotus, which have a caramelized flavor that complements milk beautifully.

Ultimately, the best cookie depends on your personal taste, but Oreo remains a timeless classic favorite for dipping!",positive,Nabisco; Chips Ahoy!; Pepperidge Farm; Tate's; Lotus
382,"A classic choice for pairing with milk is the Oreo Original Sandwich Cookies by Nabisco. Their creamy filling and crunchy chocolate wafers complement milk perfectly. If you're looking for something different, you might also enjoy Chips Ahoy! Original Cookies by Mondelez, which offer a chewy, chocolate chip experience that pairs nicely with milk. For a more indulgent option, the Pepperidge Farm Milano Cookies provide a sophisticated, chocolate-covered experience that goes well with a glass of milk.",positive,Oreo; Nabisco; Chips Ahoy!; Mondelez; Pepperidge Farm
383,"A classic choice for pairing with milk is the Oreo Original Chocolate Sandwich Cookies. Their creamy filling and chocolate wafers complement milk perfectly, making them a popular and timeless option. If you're looking for something different, you might also enjoy Chips Ahoy! Chewy Cookies or Subway's Double Chocolate Cookies. For a more premium option, Pepperidge Farm's Milano Cookies or Walkers Shortbread Cookies are excellent choices.",positive,Oreo; Chips Ahoy!; Subway; Pepperidge Farm; Walkers
384,"A classic choice for dipping in milk is the Oreo Original Chocolate Sandwich Cookie by Nabisco. The rich chocolate flavor and creamy filling make it a favorite for many. If you're looking for something different, you might also enjoy the Pepperidge Farm Milano Cookies, which have a sophisticated flavor with their crunchy texture and smooth chocolate center. For a softer cookie, the Chips Ahoy! Chewy Cookies by Nabisco are also a popular option. Ultimately, the best cookie depends on your personal taste, but Oreo and Milano are widely loved choices for pairing with milk.",positive,Nabisco; Oreo; Pepperidge Farm; Milano; Chips Ahoy!
385,"A classic choice for pairing with milk is the Oreo Original Sandwich Cookies by Nabisco. Their creamy filling and crunchy chocolate cookies complement milk perfectly, making them a popular and delicious option. If you're looking for something different, you might also enjoy Chips Ahoy! Chewy Cookies by Mondelez or Pepperidge Farm's Milano Cookies, which offer a sophisticated flavor that pairs well with milk.",positive,Oreo; Nabisco; Chips Ahoy!; Mondelez; Pepperidge Farm; Milano
386,"A classic choice for dipping in milk is the Oreo Original Sandwich Cookies by Nabisco. They have a perfect balance of chocolate and cream filling that pairs wonderfully with milk. If you're looking for something different, you might also enjoy Chips Ahoy! Original Chocolate Chip Cookies by Mondelez, which are crispy and sweet, or Pepperidge Farm Milano Cookies for a more refined, chocolate-covered experience. All of these are popular options that complement milk beautifully!",positive,Oreo; Nabisco; Chips Ahoy!; Mondelez; Pepperidge Farm
387,"A classic choice for dipping into milk is the **Oreo Original Sandwich Cookies** by Nabisco. Their creamy filling and crunchy texture make them a favorite for pairing with milk. If you're looking for something a bit different, you might also enjoy **Lorna Doone Shortbread Cookies** for a buttery flavor or **Girl Scout Thin Mints** for a minty twist. Ultimately, the best cookie depends on your personal taste, but Oreos are widely regarded as a top choice for milk dipping!",positive,Oreo; Nabisco; Lorna Doone; Girl Scout
388,"A classic choice for dipping in milk is the Oreo cookie by Nabisco. Its creamy filling and crunchy chocolate exterior make it a favorite for many. If you're looking for something different, you might also enjoy Chips Ahoy! by Mondelez, which offers a variety of chocolate chip cookies that pair well with milk. For a more indulgent option, the Hydrox cookie by The Hydrox Cookie Company is a great alternative to Oreos with a slightly different flavor profile.",positive,Oreo; Nabisco; Chips Ahoy!; Mondelez; Hydrox; The Hydrox Cookie Company
389,"A classic choice for pairing with milk is the **Oreo Cookies** by Nabisco. Their creamy filling and crunchy chocolate cookies make a delicious combination with a cold glass of milk. If you're looking for something different, **Chocolate Chip Cookies** by Tate's Bake Shop or **Lorna Doone Shortbread Cookies** offer a sweet, satisfying experience. Ultimately, it depends on your taste—whether you prefer chocolate, buttery shortbread, or something more chewy.",positive,Oreo; Nabisco; Tate's Bake Shop; Lorna Doone
390,"A classic choice for dipping in milk is the **Chocolate Chip Cookies**. Some popular brands that are highly recommended include **Chips Ahoy! Original** for a chewy, chocolate chip experience, and **Mrs. Fields** for a soft, freshly baked taste. If you prefer a more gourmet option, **Lenny & Larry's The Complete Cookie** offers a plant-based, protein-packed alternative that pairs well with milk. Ultimately, the best cookie depends on your personal preference—whether you like chewy, crunchy, or soft cookies!",positive,Chips Ahoy! Original; Mrs. Fields; Lenny & Larry's The Complete Cookie
391,"A classic choice for pairing with milk is the Oreo Original Sandwich Cookie by Nabisco. Its creamy filling and crunchy chocolate wafers make it a perfect complement to a glass of milk. Another popular option is the Chips Ahoy! Original Chocolate Chip Cookies by Mondelez International, which offers a chewy texture and chocolate chips that melt in your mouth. If you're looking for a more premium option, consider the Pepperidge Farm Milano Cookies, especially the Milk Chocolate or Dark Chocolate varieties, which add a touch of sophistication to your milk pairing.",positive,Oreo; Nabisco; Chips Ahoy!; Mondelez International; Pepperidge Farm
392,"A classic choice is the **Chocolate Chip Cookies** by **Toll House**, especially their original Nestlé Toll House Chocolate Chip Cookies. They have a perfect balance of sweetness and chocolate that pairs wonderfully with milk. 

If you're looking for something a bit more indulgent, **Mrs. Fields Chocolate Chip Cookies** or **Oreo Cookies** (by Nabisco) are also popular options. For a crunchy, buttery option, **Walkers Shortbread** cookies are excellent with milk as well.

Ultimately, the best cookie depends on your personal preference—whether you prefer chewy, crispy, chocolatey, or buttery cookies!",positive,Toll House; Nestlé; Mrs. Fields; Oreo; Nabisco; Walkers
393,"A classic choice for dipping in milk is the Oreo Original Sandwich Cookies by Nabisco. They have a perfect balance of chocolate cookie and creamy filling that softens just right when dipped. If you're looking for something different, you might also enjoy Chips Ahoy! Original Cookies by Nabisco, which are chewy and sweet. For a more premium option, the Pepperidge Farm Milano Cookies offer a sophisticated flavor with their crisp, layered texture. Ultimately, the best cookie depends on your taste preferences, but Oreo is a timeless favorite for pairing with milk!",positive,Oreo; Nabisco; Chips Ahoy!; Pepperidge Farm; Milano
394,"A classic choice for pairing with milk is the Oreo Original Sandwich Cookies by Nabisco. Their creamy filling and chocolaty crunch complement milk perfectly. If you're looking for something different, you might also enjoy Chips Ahoy! Original Cookies by Mondelez International or Pepperidge Farm Milanos for a slightly more sophisticated flavor. For a homemade touch, you could try baking classic chocolate chip cookies from Nestlé Toll House.",positive,Oreo; Nabisco; Chips Ahoy!; Mondelez International; Pepperidge Farm; Milanos; Nestlé Toll House
395,"A popular choice for a cookie to enjoy with milk is the classic Chips Ahoy! Original Chocolate Chip Cookies. They are crunchy, sweet, and have a perfect balance of chocolate chips and cookie flavor. If you prefer softer cookies, you might enjoy Walker's Shortbread Cookies, which are buttery and melt in your mouth. For a more indulgent option, Oreo Original Sandwich Cookies are also a favorite, with their creamy filling and crispy chocolate wafers. Ultimately, the best cookie depends on your taste preferences—whether you like chewy, crunchy, or rich cookies!",positive,Chips Ahoy!; Walker's; Oreo
396,"A classic choice for dipping into milk is the Oreo Original Sandwich Cookies. They have the perfect balance of chocolate wafers and creamy filling, making them a favorite for many. If you're looking for something different, you might also enjoy Chips Ahoy! Original Chocolate Chip Cookies for a slightly crunchier option, or Mrs. Fields Chocolate Chip Cookies for a softer, bakery-style treat. Ultimately, the best cookie depends on your personal preference, but Oreo is often considered the top pick for pairing with milk!",positive,Oreo; Chips Ahoy!; Mrs. Fields
397,"A classic choice for pairing with milk is the Oreo Original Sandwich Cookies by Nabisco. They have a perfect balance of chocolate wafers and creamy filling that complement the milk beautifully. If you're looking for something different, you might also enjoy Chips Ahoy! Chewy Cookies by Mondelez or Walkers Shortbread Cookies by Walkers for a buttery, melt-in-your-mouth experience. It depends on whether you prefer chocolate, chewy, or buttery cookies!",positive,Nabisco; Mondelez; Walkers
398,"A classic choice for dipping in milk is the Oreo Original Sandwich Cookies by Nabisco. They have a perfect balance of creamy filling and chocolate wafers that pair wonderfully with a glass of milk. If you're looking for something a bit different, you might also enjoy Chips Ahoy! Original Cookies by Mondelez, which are crisp and sweet, or the classic Mrs. Fields Chocolate Chip Cookies for a soft, chewy option. Ultimately, the best cookie depends on your personal preference, but Oreo is widely loved for milk dunking!",positive,Oreo; Nabisco; Chips Ahoy!; Mondelez; Mrs. Fields
399,"A popular and classic choice for pairing with milk is the Oreo Cookie by Mondelez. Their Original Oreo is known for its crispy texture and creamy filling, making it a perfect dunking partner. If you're looking for a different flavor, you might also enjoy Chips Ahoy! Chewy Cookies by Mondelez or the classic Nabisco Chips Ahoy! Original. For a more premium option, consider the Pepperidge Farm Milano Cookies, which offer a sophisticated flavor that pairs wonderfully with milk.",positive,Oreo; Mondelez; Chips Ahoy!; Nabisco; Pepperidge Farm
400,"A classic choice is the **Chips Ahoy! Original Chocolate Chip Cookies** by Nabisco. They have a perfect balance of crunch and sweetness that pairs wonderfully with milk. 

If you prefer a softer cookie, **Oreo Original** by Nabisco is also a popular favorite; dunking an Oreo in milk makes for a delicious treat. 

For a more premium option, you might enjoy **Walkers Shortbread Cookies**—their rich, buttery flavor complements milk beautifully.

Would you like a recommendation for a specific flavor or type (e.g., gluten-free, organic)?",positive,Chips Ahoy!; Nabisco; Oreo; Walkers
401,"A classic choice for dipping in milk is the **Oreo Original Sandwich Cookies** by Nabisco. They have a perfect balance of chocolate cookie and creamy filling, making them a favorite for many. 

If you're looking for something a bit different, you might also enjoy **Chips Ahoy! Original Chocolate Chip Cookies** by Nabisco, which offers a chewy texture and rich chocolate chips. 

For a more gourmet option, consider **Walkers Shortbread Cookies** by Walker's, which are buttery and crisp—delightful with a glass of milk.

Would you like a specific recommendation based on flavor preferences or dietary needs?",positive,Oreo; Nabisco; Chips Ahoy!; Walkers; Walker's
402,"A classic choice for cookies to enjoy with milk is the Oreo Original Sandwich Cookies by Nabisco. Their crispy chocolate cookies with creamy filling complement milk perfectly. If you're looking for something different, you might also enjoy Chips Ahoy! Original Chocolate Chip Cookies by Mondelez, which are soft and chewy with plenty of chocolate chips. For a more indulgent option, Pepperidge Farm's Milano Cookies provide a buttery, layered treat that pairs nicely with milk.",positive,Oreo; Nabisco; Chips Ahoy!; Mondelez; Pepperidge Farm
403,"A classic choice for pairing with milk is the Oreo Original Sandwich Cookies by Nabisco. Their creamy filling and crisp chocolate wafers complement the milk perfectly. If you're looking for something a bit different, you might also enjoy Chips Ahoy! Original Chocolate Chip Cookies by Mondelez International, which have a hearty, chewy texture that pairs well with milk. For a more indulgent option, consider Pepperidge Farm Milano Cookies, which offer a sophisticated, buttery flavor that balances nicely with a glass of cold milk.",positive,Oreo; Nabisco; Chips Ahoy!; Mondelez International; Pepperidge Farm
404,"A classic choice for dipping in milk is the Oreo Original Sandwich Cookie by Nabisco. Its creamy filling and crunchy chocolate wafers make it a popular favorite. If you're looking for something different, you might also enjoy the Chips Ahoy! Original Chewy Cookies by Mondelez or the Famous Amos Chocolate Chip Cookies by Kellogg's. All of these pair wonderfully with a cold glass of milk!",positive,Oreo; Nabisco; Chips Ahoy!; Mondelez; Famous Amos; Kellogg's
405,"A classic choice for dipping in milk is the Oreo Original Sandwich Cookies by Nabisco. Their creamy filling and crispy chocolate cookies make them a popular and delicious option. If you're looking for something a bit different, you might also enjoy Chips Ahoy! Original Cookies by Nabisco, which have a chewy texture and chocolate chips that complement milk well. For a more indulgent treat, Pepperidge Farm Milano Cookies or Walkers Shortbread Cookies are also excellent options.",positive,Oreo; Nabisco; Chips Ahoy!; Pepperidge Farm; Walkers
406,"A classic choice for dipping into milk is the Oreo Original Sandwich Cookies by Nabisco. They have a perfect balance of chocolate and cream filling that complements the milk beautifully. If you're looking for something different, you might also enjoy Chips Ahoy! Chewy Cookies by Nabisco or the classic Walkers Shortbread Cookies by Walker's for a buttery, melt-in-your-mouth experience. All of these are popular options that pair wonderfully with a glass of milk!",positive,Oreo; Nabisco; Chips Ahoy!; Walkers; Walker's
407,"A classic choice for dipping in milk is the **Chocolate Chip Cookie**. Some popular and highly recommended brands include **Chocolate Chip Cookies by Chips Ahoy!** and **Mrs. Fields Chocolate Chip Cookies**. 

If you're looking for a specific product, **Tate’s Bake Shop Chocolate Chip Cookies** are known for their thin, crispy texture and rich flavor, making them an excellent pairing with milk. 

For a softer option, **Oreo Original Cookies** are a favorite for many, and their creamy filling complements the milk perfectly.

Would you like a recommendation based on texture (crispy vs. soft) or flavor preferences?",positive,Chips Ahoy!; Mrs. Fields; Tate’s Bake Shop; Oreo
408,"A classic choice for dipping in milk is the Oreo Cookie by Nabisco. Its crispy chocolate wafers with creamy filling create a perfect combination of crunch and sweetness that pairs wonderfully with milk. If you're looking for something different, you might also enjoy Chips Ahoy! Original by Mondelez or Pepperidge Farm's Chessmen Cookies. Each offers a delicious flavor and texture that complements milk beautifully.",positive,Oreo; Nabisco; Chips Ahoy!; Mondelez; Pepperidge Farm; Chessmen
409,"A classic choice for pairing with milk is the **Chips Ahoy! Original Chocolate Chip Cookies** by Nabisco. They have a perfect balance of crunch and sweetness that complements the creaminess of milk. 

If you're looking for something more indulgent, **Oreo Original Cookies** by Nabisco are also a popular favorite—they have a creamy filling that pairs wonderfully with a glass of milk.

For a softer, more buttery option, **Biscoff Cookies** by Lotus Biscoff are delicious and have a unique caramelized flavor that goes well with milk.

Want a healthier option? **Pepperidge Farm Milano Cookies** are elegant and pair nicely with milk as well.

Would you like recommendations based on cookies that are vegan, gluten-free,",positive,Nabisco; Lotus Biscoff; Pepperidge Farm
410,"A classic choice is the **Chocolate Chip Cookies** by **Chips Ahoy!** or **Tate's Bake Shop** for a premium option. If you prefer a traditional, soft cookie, **Oreo** cookies are also a popular choice to dip in milk. For a homemade touch, many people enjoy **Mrs. Fields** chocolate chip cookies or **Grandma's** classic sugar cookies. 

Ultimately, the best cookie depends on your taste—whether you prefer chewy, crunchy, chocolatey, or buttery. Would you like a specific recommendation based on a certain flavor or texture?",positive,Chips Ahoy!; Tate's Bake Shop; Oreo; Mrs. Fields; Grandma's
411,"A classic choice for pairing with milk is the **Oreo Original Sandwich Cookies** by Nabisco. Their creamy filling and crunchy chocolate cookies make for an iconic combination. If you're looking for something a bit different, **Girl Scout Thin Mints** or **Keebler Fudge Stripe Cookies** are also excellent options. For a more indulgent treat, you might try **Toll House Chocolate Chip Cookies** from Nestlé. Ultimately, the best cookie depends on your personal taste, but Oreo's timeless appeal makes it a top pick!",positive,Oreo; Nabisco; Girl Scout; Thin Mints; Keebler; Fudge Stripe; Toll House; Nestlé
412,"A classic choice for dipping in milk is the **Oreos** by Nabisco. Their crisp texture and creamy filling make them a favorite for many. If you're looking for something different, you might also enjoy **Chips Ahoy!** by Nabisco, especially the chewy or chunky varieties. For a more decadent option, **Walkers Shortbread Cookies** offer a buttery, crumbly experience that pairs wonderfully with milk. Ultimately, the best cookie depends on your personal taste, but these brands are some of the most popular and widely enjoyed options.",positive,Oreos; Nabisco; Chips Ahoy!; Walkers Shortbread Cookies
413,"A classic choice for pairing with milk is the **Oreo Original Sandwich Cookies** by Nabisco. Their creamy filling and crunchy chocolate cookies make for a perfect combination with a glass of milk. 

If you're looking for something different, you might enjoy **Chips Ahoy! Original Chocolate Chip Cookies** by Mondelez. They are slightly softer and have a rich chocolate chip flavor that complements milk well.

For a more premium option, try **Walkers Shortbread Cookies**—their buttery, crumbly texture pairs beautifully with milk.

Ultimately, the best cookie depends on your taste preferences, but Oreo is often considered the top choice for a milk-cookie pairing!",positive,Oreo; Nabisco; Chips Ahoy!; Mondelez; Walkers
414,"A classic choice for cookies to enjoy with milk is the **Oreo Original Sandwich Cookies**. They are known for their perfect balance of chocolate wafers and creamy filling, making them a popular and nostalgic pairing with milk. 

If you're looking for something different, you might also enjoy **Chips Ahoy! Original Chocolate Chip Cookies** for a chewy, chocolatey option, or **Girl Scouts Thin Mints** for a crisp, mint-flavored treat that pairs wonderfully with milk.

Would you like suggestions for specific flavors or types of cookies based on your taste preferences?",positive,Oreo; Chips Ahoy!; Girl Scouts
415,"A classic choice for dipping in milk is the **Chips Ahoy! Original Chocolate Chip Cookies**. They have a satisfying crunch and rich chocolate chips that pair wonderfully with milk. 

If you're looking for something a bit more premium, **Grandma's Cookies Chocolate Chip** offers a soft, homemade-style experience. For a traditional, buttery option, **Girl Scouts Thin Mints** (if you prefer a minty flavor) can be a delightful pairing, especially if you love a contrast of flavors.

For a more indulgent treat, **Oreo Original** cookies are a timeless favorite that work perfectly with milk, thanks to their creamy filling. 

Would you prefer a classic, soft, crunchy, or a specific flavor profile?",positive,Chips Ahoy!; Grandma's Cookies; Girl Scouts; Oreo
416,"A classic choice for dipping in milk is the **Chips Ahoy! Original Chocolate Chip Cookies**. They have a satisfying crunch and rich chocolate chips that pair perfectly with milk. 

If you prefer a softer cookie, **Oreos** are a popular favorite—especially the classic **Oreo Original Sandwich Cookies**—their creamy filling complements the milk beautifully.

For a more premium option, **Walkers Shortbread Cookies** offer a buttery, melt-in-your-mouth experience that pairs wonderfully with a glass of milk.

Would you like gluten-free or organic options as well?",positive,Chips Ahoy!; Oreos; Oreo; Walkers
417,"A classic choice for dipping in milk is the Oreo Original Chocolate Sandwich Cookie. Its creamy filling and crisp chocolate cookies make it a popular favorite. If you're looking for something different, you might also enjoy Chips Ahoy! Original Chocolate Chip Cookies or Nabisco's Famous Amos Chocolate Chip Cookies for a more traditional cookie taste. For a more indulgent option, consider Pepperidge Farm's Milano Cookies, which pair beautifully with milk.",positive,Oreo; Chips Ahoy!; Nabisco; Famous Amos; Pepperidge Farm
418,"A classic choice for dipping in milk is the Oreo Original Sandwich Cookies by Nabisco. They have a perfect balance of chocolate and cream filling that complements the milk well. Another popular option is Chips Ahoy! Original Cookies by Mondelez, which offer a chewy texture and chocolate chips that pair nicely with milk. If you're looking for a more premium option, you might enjoy Pepperidge Farm Milano Cookies, especially the Chocolate Milano, which add a touch of sophistication. Ultimately, the best cookie depends on your personal taste, but these brands are widely loved for their pairing with milk!",positive,Oreo; Nabisco; Chips Ahoy!; Mondelez; Pepperidge Farm
419,"A classic choice for dipping in milk is the **Chips Ahoy! Original Chocolate Chip Cookies** by Nabisco. They are widely loved for their balance of crunch and chocolatey goodness. 

If you're looking for something a bit more premium, **Oreo Original Sandwich Cookies** are also a fantastic option—they're crispy, creamy, and perfect for dunking. 

For a softer, more buttery cookie, **Walkers Shortbread Cookies** are a delightful choice, especially if you prefer a melt-in-your-mouth texture. 

Ultimately, the best cookie depends on your taste—whether you prefer chocolate chip, sandwich cookies, or buttery shortbread!",positive,Chips Ahoy!; Nabisco; Oreo; Walkers
420,"A classic choice for dipping in milk is the **Oreo Original Sandwich Cookie** by Nabisco. Its creamy filling and crunchy chocolate biscuits make it a popular favorite. If you're looking for something different, **Girl Scout Thin Mints** or **Chips Ahoy! Original** cookies are also excellent options. For a more indulgent experience, you might enjoy **Walkers Shortbread Cookies** or **Biscoff Cookies** by Lotus. Ultimately, the best cookie depends on your personal taste—whether you prefer chocolate, crispy, or buttery options!",positive,Oreo; Nabisco; Girl Scout; Thin Mints; Chips Ahoy; Walkers; Biscoff; Lotus
421,"A classic and highly recommended cookie to enjoy with milk is the **Chips Ahoy! Original Chocolate Chip Cookies** by Nabisco. They're crispy, sweet, and packed with chocolate chips, making them a perfect pairing with a cold glass of milk. 

If you're looking for a softer, more indulgent option, **Mrs. Fields Chocolate Chip Cookies** are also excellent, offering a chewy texture and rich flavor. For a more premium choice, you might consider **Lenny & Larry's The Complete Cookie** in chocolate chip flavor, which is also vegan and packed with protein.

Would you like recommendations based on cookie texture (crispy vs. chewy) or dietary preferences?",positive,Chips Ahoy!; Nabisco; Mrs. Fields; Lenny & Larry's
422,"A classic choice for pairing with milk is the Oreo Original Sandwich Cookies by Nabisco. Their creamy filling and crunchy chocolate cookies complement milk perfectly. If you're looking for something different, you might also enjoy Chips Ahoy! Original Cookies by Mondelez, which are soft and chewy with chocolate chips that melt nicely in milk. For a more indulgent option, the Pepperidge Farm Milano Cookies offer a smooth chocolate layer and crisp texture that pairs beautifully with a glass of milk.",positive,Oreo; Nabisco; Chips Ahoy!; Mondelez; Pepperidge Farm
423,"A classic choice for pairing with milk is the **Chips Ahoy! Original Chocolate Chip Cookies** by Nabisco. They have a perfect balance of crunch and chocolate chips that complement the creaminess of milk. 

If you're looking for a more premium option, **Walkers Shortbread Cookies** are a delicious choice—they're buttery, slightly sweet, and melt in your mouth, making them a delightful pairing with milk.

For a softer, cookie-like experience, **Mrs. Fields Chocolate Chip Cookies** are soft and chewy, providing a cozy snack with milk.

Ultimately, the best cookie depends on your personal taste—whether you prefer crunchy, chewy, or buttery cookies, these brands are popular choices that go well with a glass of milk!",positive,Chips Ahoy!; Nabisco; Walkers; Mrs. Fields
424,"A classic choice for pairing with milk is the Oreo Original Sandwich Cookies by Nabisco. Their creamy filling and crunchy chocolate wafers make for a delicious combination with a cold glass of milk. If you're looking for something different, you might also enjoy Lemon Cookies by Pepperidge Farm or Chips Ahoy! Original Chocolate Chip Cookies by Mondelez. Ultimately, the best cookie depends on your personal taste, but Oreo is a timeless favorite for dipping!",positive,Oreo; Nabisco; Pepperidge Farm; Chips Ahoy!; Mondelez
425,"A classic choice for pairing with milk is the **Oreos** by Nabisco. Their chocolate cookies with a creamy filling are timeless and complement the milk perfectly. If you're looking for something a bit different, **Chocolate Chip Cookies** from brands like **Tate's Bake Shop** or **Mrs. Fields** are also excellent options. For a softer, chewy cookie experience, **Mrs. Fields Milk Chocolate Chip Cookies** are highly popular. 

If you prefer a more indulgent option, try **Pepperidge Farm's Milano Cookies**, which have a rich chocolate layer that pairs wonderfully with milk. Ultimately, the best cookie depends on your taste—whether you prefer chocolate, oatmeal, or something else!",positive,Oreos; Nabisco; Tate's Bake Shop; Mrs. Fields; Pepperidge Farm
426,"A classic choice for pairing with milk is the **Chips Ahoy! Chewy Cookies** by Nabisco. Their soft texture and chocolate chip flavor complement milk perfectly. 

If you prefer a more traditional and rich cookie, **Oreo Original** by Mondelez is an iconic option—dunking an Oreo in milk makes for a delightful treat. 

For a slightly more gourmet experience, you might enjoy **Mrs. Fields Chocolate Chip Cookies**, which are soft and loaded with chunks of chocolate. 

Ultimately, the best cookie depends on your taste—whether you prefer chewy, crunchy, or filled cookies!",positive,Chips Ahoy!; Nabisco; Oreo; Mondelez; Mrs. Fields
427,"A classic choice for dipping in milk is the Oreo Cookie by Nabisco. Their Original Oreo Cookies are known for their perfect balance of chocolate wafers and creamy filling, making them a favorite for many. If you're looking for something different, you might enjoy Chips Ahoy! Chewy Cookies or Pepperidge Farm's Milanos, which also pair wonderfully with milk. Ultimately, it depends on your taste preference—whether you like crispy, chewy, or filled cookies!",positive,Nabisco; Oreo; Chips Ahoy!; Pepperidge Farm; Milanos
428,"A classic choice for pairing with milk is the **Chip Ahoy! Original Chocolate Chip Cookies** by Mondelez. They are thick, chewy, and loaded with chocolate chips, making them a popular favorite. 

If you prefer a more premium option, you might enjoy **Walkers Shortbread Cookies** — their buttery and crumbly texture pairs wonderfully with milk. 

For a cookie with a bit more variety, **Oreo Original** by Mondelez are timeless and perfect for dipping, thanks to their creamy filling and sturdy cookie structure. 

Ultimately, the best cookie depends on your taste—whether you like chocolate chip, buttery shortbread, or sandwich cookies!",positive,Chip Ahoy!; Mondelez; Walkers; Oreo
429,"A classic choice for dipping into milk is the Oreo Original Sandwich Cookies by Nabisco. They have a perfect balance of chocolate and cream, making them a favorite for many. Another popular option is the Chips Ahoy! Original Chocolate Chip Cookies by Mondelez, which offers a crunchy texture and sweet chocolate chips that complement milk well. If you're looking for something a bit more indulgent, the Pepperidge Farm Milano Cookies are a great choice with their smooth chocolate filling and crispy cookies. Ultimately, the best cookie depends on your personal taste, but these brands are widely loved for pairing beautifully with milk.",positive,Oreo; Nabisco; Chips Ahoy!; Mondelez; Pepperidge Farm
430,"A classic choice for pairing with milk is the **Chocolate Chip Cookies** by **Chocolate Chip Cookies by Chips Ahoy!** or **Tate's Bake Shop Chocolate Chip Cookies**. 

If you're looking for something more traditional, **Oreo Cookies** by **Nabisco** are a popular favorite—they're creamy, crispy, and perfect for dunking. 

For a softer, more buttery option, **Walkers Shortbread Cookies** are excellent, offering a rich, buttery flavor that complements milk beautifully. 

Ultimately, the best cookie depends on your taste preferences—whether you prefer chocolate, crunch, or buttery richness!",positive,Chips Ahoy!; Tate's Bake Shop; Oreo; Nabisco; Walkers
431,"A classic choice for pairing with milk is the **Chips Ahoy! Original Chocolate Chip Cookies** by Nabisco. They have a satisfying crunch and rich chocolate chips that complement the milk perfectly. 

If you're looking for something a bit more premium, **Oreo Original** cookies by Mondelez are also a popular favorite, with their creamy filling and crispy texture that dunk beautifully.

For a softer, more buttery option, **Walkers Shortbread Cookies** are delicious and pair well with milk, offering a rich, buttery flavor.

Would you like recommendations for gluten-free or organic options as well?",positive,Chips Ahoy; Nabisco; Oreo; Mondelez; Walkers
432,"A classic choice for pairing with milk is the **Chocolate Chip Cookie**. Some popular brands known for their delicious chocolate chip cookies include **Chips Ahoy!** and **Tate's Bake Shop**. 

If you prefer a more homemade or gourmet option, **Levain Bakery**'s Chocolate Chip Cookies are highly acclaimed. For a traditional, buttery flavor, **Oreo** cookies also pair wonderfully with milk, especially if you enjoy dunking.

Ultimately, the best cookie depends on your taste preferences, but these brands are widely loved for their quality and flavor!",positive,Chips Ahoy!; Tate's Bake Shop; Levain Bakery; Oreo
433,"A classic choice for pairing with milk is the Oreo Original Sandwich Cookies by Nabisco. Their creamy filling and crispy chocolate cookies complement milk perfectly, creating a timeless and delicious combo. 

If you're looking for something different, you might also enjoy Chips Ahoy! Original Chewy Cookies or Pepperidge Farm Milano Cookies, which also pair nicely with milk. 

Let me know if you have a preferred flavor or type, and I can provide more tailored recommendations!",positive,Nabisco; Chips Ahoy!; Pepperidge Farm
434,"A classic choice for pairing with milk is the Oreo Cookie by Nabisco. Its creamy filling and crunchy chocolate cookies make it a popular favorite. If you're looking for something a bit different, you might enjoy the Chips Ahoy! Original Chocolate Chip Cookies by Nabisco, which also pair wonderfully with milk. For a more premium option, consider the Famous Amos Chocolate Chip Cookies, known for their rich flavor. Ultimately, the best cookie depends on your personal taste, but these brands are widely loved and commonly enjoyed with a glass of milk.",positive,Oreo; Nabisco; Chips Ahoy!; Famous Amos
435,"A classic choice for pairing with milk is the Oreo Original Sandwich Cookies by Nabisco. Their rich chocolate flavor and creamy filling complement milk perfectly, making them a timeless favorite. If you're looking for something a bit different, you might also enjoy Chips Ahoy! Original Chocolate Chip Cookies by Mondelez International, which offer a sweet, chewy texture that pairs well with milk. For a more indulgent option, consider Pepperidge Farm Milano Cookies, especially the classic Milk Chocolate flavor, for a sophisticated pairing.",positive,Nabisco; Mondelez International; Pepperidge Farm
436,"A classic choice for pairing with milk is the **Oreos Original Sandwich Cookies** by Mondelez. Their creamy filling and crunchy chocolate cookies complement milk perfectly, making them a timeless favorite. 

If you're looking for something different, consider **Keebler Chips Deluxe Cookies** with chocolate chips or **Toll House Chocolate Chip Cookies** by Nestlé for a homemade feel. For a more premium option, **Walkers Shortbread Fingers** offer a buttery, crumbly texture that pairs beautifully with milk.

Would you prefer a classic chocolate cookie, a buttery shortbread, or perhaps a cookie with added ingredients like nuts or caramel?",positive,Oreos; Mondelez; Keebler; Toll House; Nestlé; Walkers
437,"A classic choice for dipping in milk is the **Chocolate Chip Cookies**, and some popular brands include **Chocolate Chip Cookies by Chips Ahoy!** or **Tate's Bake Shop Chocolate Chip Cookies**. 

If you're looking for a traditional and widely loved option, **Oreo Original Sandwich Cookies** are also excellent for dunking. For a softer, more buttery option, **Lorna Doone Shortbread Cookies** are a great choice.

Ultimately, the best cookie depends on your personal taste, but these brands are highly recommended for their quality and flavor when enjoyed with a glass of milk!",positive,Chips Ahoy!; Tate's Bake Shop; Oreo; Lorna Doone
438,"A classic choice for pairing with milk is the **Oreo Original** by Nabisco. Its creamy filling and crunchy chocolate cookies complement milk perfectly. If you're looking for something different, **Chocolate Chip Cookies** by brands like **Mrs. Fields** or **Tate’s Bake Shop** offer a delightful combination of sweet chocolate chips and buttery cookie dough. For a softer option, **Chips Ahoy!** by Nabisco also pairs nicely with milk. Ultimately, the best cookie depends on your taste preferences—whether you prefer crunchy, chewy, chocolatey, or buttery!",positive,Oreo Original; Nabisco; Mrs. Fields; Tate’s Bake Shop; Chips Ahoy!
439,"A classic choice for dipping in milk is the Oreo Original Chocolate Sandwich Cookie by Nabisco. Its creamy filling and crunchy chocolate wafers complement milk beautifully. If you're looking for a different flavor, you might also enjoy Chips Ahoy! Original Chocolate Chip Cookies by Mondelez, which are chewy and sweet. For a more indulgent option, the Newman’s Own Organic Cookies or the Pepperidge Farm Milano Cookies are excellent choices. Ultimately, the best cookie depends on your personal taste, but Oreo is widely regarded as a top pick for milk dunking!",positive,Oreo; Nabisco; Chips Ahoy; Mondelez; Newman’s Own; Pepperidge Farm
440,"A classic choice for pairing with milk is the **Chips Ahoy! Original Chocolate Chip Cookies** by Nabisco. They have a perfect balance of crunch and sweetness that complements milk beautifully. 

If you're looking for something a bit more premium, consider **Walkers Shortbread Cookies**. Their buttery, melt-in-your-mouth texture pairs wonderfully with milk.

For a softer, chewy option, **Oreo Original Cookies** by Nabisco are a popular favorite, with their rich cream filling and chocolate cookies.

Ultimately, the best cookie depends on your personal taste, but these brands are widely loved and pair excellently with a cold glass of milk!",positive,Chips Ahoy!; Nabisco; Walkers; Oreo
441,"A classic choice for dipping in milk is the **Chips Ahoy! Original Chocolate Chip Cookies** by Nabisco. They have a perfect balance of crunch and chewiness, with generous chocolate chips that melt slightly when dipped, making them a favorite for many. 

If you're looking for a more premium option, **Pepperidge Farm Milano Cookies** are a great choice—they're crisp, with a smooth chocolate filling that pairs wonderfully with milk.

For a homemade touch, consider **Oreos** by Mondelez, which are iconic for dunking, thanks to their creamy filling and crisp chocolate wafers.

Would you like suggestions based on a specific flavor preference or dietary need?",positive,Chips Ahoy!; Nabisco; Pepperidge Farm; Milano; Oreo; Mondelez
442,"A classic choice for dipping in milk is the **Chips Ahoy! Original Chocolate Chip Cookies** by Nabisco. They have a nice balance of crunch and sweetness that pairs well with milk. 

If you're looking for something a bit more premium, the **Mrs. Fields Chocolate Chip Cookies** are soft, chewy, and flavorful, making them excellent for dunking.

For a more indulgent option, try **Oreos** by Nabisco — their creamy filling and crisp cookie structure make them a timeless favorite with milk.

If you prefer a more artisanal or cookie-bakery style, **Tate's Bake Shop Chocolate Chip Cookies** are thin, crispy, and packed with chocolate chips, perfect for dipping.

Would you like gluten-free or",positive,Chips Ahoy!; Nabisco; Mrs. Fields; Oreos; Tate's Bake Shop
443,"A classic choice for dipping in milk is the Oreo Original Sandwich Cookies by Nabisco. Their crispy chocolate cookies with creamy filling are a favorite for many. If you're looking for something different, you might also enjoy Chips Ahoy! Chewy Cookies by Mondelez or Pepperidge Farm's Milano Cookies for a more refined taste. Ultimately, the best cookie depends on your personal preference—whether you prefer chocolate, oatmeal, or something with a bit of crunch!",positive,Oreo; Nabisco; Chips Ahoy!; Mondelez; Pepperidge Farm
444,"A classic choice for dipping in milk is the Oreo Original Sandwich Cookies by Nabisco. They have a perfect balance of chocolate and cream filling that pairs wonderfully with milk. If you're looking for a different option, you might also enjoy Chips Ahoy! Original Chocolate Chip Cookies by Nabisco, which are crispy and sweet, making them great with milk. For a softer, more buttery option, Pepperidge Farm's Milano Cookies are also excellent for dipping.",positive,Oreo; Nabisco; Chips Ahoy!; Pepperidge Farm
445,"A classic choice for dipping into milk is the Oreo Original Cookies by Nabisco. They have a perfect balance of chocolate and cream that pairs wonderfully with milk, creating a creamy, delicious experience. If you're looking for something different, you might also enjoy Chips Ahoy! Original by Mondelez, or for a more buttery flavor, Pepperidge Farm's Chessmen Cookies. Each of these brands offers a tasty cookie that complements milk beautifully!",positive,Oreo; Nabisco; Chips Ahoy!; Mondelez; Pepperidge Farm; Chessmen
446,"A classic choice for cookies to enjoy with milk is the Oreo Original Sandwich Cookies by Nabisco. They have a perfect balance of chocolate wafers and creamy filling that pairs wonderfully with milk. If you're looking for something different, you might also enjoy Chips Ahoy! Original Chocolate Chip Cookies by Mondelez, which are soft and chewy with plenty of chocolate chips. For a more indulgent option, Pepperidge Farm's Milano Cookies or Walkers Shortbread Cookies are excellent choices. Ultimately, the best cookie depends on your taste preferences—whether you prefer chocolate, buttery, or crunchy cookies!",positive,Oreo; Nabisco; Chips Ahoy!; Mondelez; Pepperidge Farm; Milano; Walkers
447,"A classic choice for a cookie to enjoy with milk is the **Chocolate Chip Cookie**. Some popular brands known for their delicious chocolate chip cookies include:

- **Toll House Chocolate Chip Cookies** by Nestlé Toll House
- **Mrs. Fields Milk Chocolate Chip Cookies**
- **Lenny & Larry's The Complete Cookie** (for a plant-based option)

If you're looking for a specific brand recommendation, **Toll House Chocolate Chip Cookies** are a timeless favorite that pairs perfectly with a glass of milk. They have a gooey, chocolatey center and a slightly crisp edge that complements milk beautifully.",positive,Toll House; Nestlé Toll House; Mrs. Fields; Lenny & Larry's
448,"A classic choice for cookies to enjoy with milk is the **Chocolate Chip Cookie**. Some popular and highly recommended brands include **Chocolate Chip Cookies by Chips Ahoy!** or **Nestlé Toll House Chocolate Chip Cookies**. 

If you're looking for a premium option, **Mrs. Fields Chocolate Chip Cookies** are known for their soft texture and rich flavor. For a more indulgent experience, you might try **Oreo Cookies** (specifically the classic Original Oreos) which are perfect for dunking.

Ultimately, the ""best"" cookie depends on your personal preference—whether you like chewy, crunchy, chocolatey, or buttery cookies.",positive,Chips Ahoy!; Nestlé Toll House; Mrs. Fields; Oreo
449,"A classic choice for dipping in milk is the **Oreo Original** cookie by Nabisco. Its creamy filling and crunchy chocolate cookie make it a timeless favorite. If you're looking for something different, the **Chocolate Chip Cookies** from brands like **Tate’s Bake Shop** or **Mrs. Fields** also pair wonderfully with milk. For a chewy option, **Hershey's Milk Chocolate Cookies** are delicious. Ultimately, the best cookie depends on your personal taste, but Oreo is widely regarded as an iconic pairing with milk.",positive,Oreo Original; Nabisco; Tate’s Bake Shop; Mrs. Fields; Hershey's Milk Chocolate Cookies; Oreo
450,"A classic choice for pairing with milk is the **Chips Ahoy! Original Chocolate Chip Cookies** by Nabisco. They are crispy, sweet, and have plenty of chocolate chips, making them a delicious complement to milk. 

If you prefer a softer cookie, **Oreo Original Sandwich Cookies** are also a popular option—they have a creamy filling that pairs wonderfully with milk. 

For a more indulgent option, you might enjoy **Mrs. Fields Chocolate Chip Cookies**, which are soft and chewy with rich chocolate flavor.

Would you like recommendations for gluten-free or healthier options as well?",positive,Chips Ahoy!; Nabisco; Oreo; Mrs. Fields
451,"A classic choice for pairing with milk is the **Chips Ahoy! Original Chocolate Chip Cookies**. They have a crispy texture and rich chocolate chips that complement the creaminess of milk perfectly. If you prefer a softer cookie, **Mrs. Fields Chocolate Chip Cookies** are also excellent, offering a chewy and indulgent experience. 

For a more gourmet option, you might enjoy **Tate's Bake Shop Chocolate Chip Cookies**, which are thin, crispy, and full of flavor. 

Ultimately, the best cookie depends on your personal preference—whether you like crispy, chewy, or soft cookies!",positive,Chips Ahoy!; Mrs. Fields; Tate's Bake Shop
452,"A classic choice for pairing with milk is the Oreo Original Cookies by Nabisco. Their creamy filling and crunchy texture make them a perfect complement to a glass of milk. If you're looking for something a bit different, you might also enjoy Chips Ahoy! Chewy Cookies by Mondelez International or Pepperidge Farm Milano Cookies, which offer a more sophisticated flavor. Ultimately, the best cookie depends on your personal taste, but Oreo's timeless appeal makes it a top pick!",positive,Oreo; Nabisco; Chips Ahoy!; Mondelez International; Pepperidge Farm
453,"A popular choice for pairing with milk is the classic **Chips Ahoy! Original Chocolate Chip Cookies**. They have a nice balance of sweetness and chocolate chips that complement the milk perfectly. 

If you're looking for something a bit more premium, **Walkers Shortbread Fingers** offer a buttery, crumbly texture that pairs wonderfully with milk. 

For a nostalgic, homemade feel, you might enjoy **Oreo Original Sandwich Cookies**, which are iconic for dunking and have a creamy filling that softens beautifully in milk.

Would you like a recommendation based on a specific flavor or dietary preference?",positive,Chips Ahoy!; Walkers; Oreo
454,"A popular and highly recommended cookie to enjoy with milk is the **Chocolate Chip Cookie** by **Chips Ahoy!** or **Mrs. Fields**. If you're looking for a classic and widely loved option, the **Toll House Chocolate Chip Cookies** (by Nestlé) are also a great choice—they offer a homemade taste with plenty of gooey chocolate chips. 

For a more premium experience, you might try the **Lenny & Larry's The Complete Cookie** in chocolate chip flavor, which is also vegan and protein-packed.

If you prefer something softer and more decadent, the **Oreo Cookies** by Nabisco are a classic pairing with milk. Their creamy filling and chocolate wafers make for a perfect dunk.

Would you like",positive,Chips Ahoy!; Mrs. Fields; Toll House; Nestlé; Lenny & Larry's; Oreo; Nabisco
455,"A classic choice for dipping in milk is the **Chips Ahoy! Original Chocolate Chip Cookies** by Nabisco. They have a great balance of crunch and sweetness that pairs wonderfully with milk. 

If you prefer a softer cookie, **Oreo Original** by Oreo is another excellent option, with their iconic creamy filling that complements the milk beautifully. 

For a more gourmet option, you might enjoy **Lenny & Larry's The Complete Cookie** in chocolate chip flavor, which is soft, chewy, and packed with flavor.

Ultimately, the best cookie depends on your personal preference—whether you like crispy, chewy, or filled cookies!",positive,Chips Ahoy!; Nabisco; Oreo; Lenny & Larry's
456,"A classic choice for pairing with milk is the **Chips Ahoy! Original Chocolate Chip Cookies** by Mondelez. They have a perfect balance of crunch and sweetness that complement the creamy texture of milk. 

If you're looking for something a bit more gourmet, **Biscotti** like the **Amaretti Cookies** from Bella Vista are excellent for dipping, offering a chewy texture and rich almond flavor.

For a softer option, **Oreo Original Sandwich Cookies** by Nabisco are timeless and pair wonderfully with milk, especially if you enjoy a bit of a creamy filling.

Would you like suggestions based on specific dietary preferences or flavors?",positive,Chips Ahoy!; Mondelez; Biscotti; Amaretti Cookies; Bella Vista; Oreo; Nabisco
457,"A classic choice for pairing with milk is the **Chips Ahoy! Original Chocolate Chip Cookies** by Mondelez. They have a delicious crunch and rich chocolate chips that complement the creaminess of milk perfectly. 

If you're looking for something a bit more premium, try **Oreo Original Cookies** by Mondelez. Their iconic chocolate wafers with creamy filling are a timeless favorite for dunking.

For a softer, more buttery option, **Walkers Shortbread Cookies** offer a rich, buttery flavor that pairs wonderfully with milk.

Would you like recommendations for gluten-free, vegan, or any other specific dietary preferences?",positive,Chips Ahoy!; Oreo; Walkers
458,"A classic choice for pairing with milk is the **Chips Ahoy! Original Chocolate Chip Cookies** by Nabisco. They have a perfect balance of chocolate chips and cookie crunch that complements the milk well. 

If you're looking for something a bit more premium, **Oreo Original Cookies** by Mondelez are a popular favorite, with their creamy filling and crisp texture that pairs wonderfully with milk.

For a softer, more buttery option, **Walkers Shortbread Cookies** are excellent, especially their traditional shortbread, which melts in your mouth alongside a glass of milk.

Ultimately, the best cookie depends on your personal taste, but these brands are widely loved for their compatibility with milk!",positive,Chips Ahoy!; Nabisco; Oreo; Mondelez; Walkers
459,"A classic choice is the **Chips Ahoy! Original Chocolate Chip Cookies**—they're crispy, sweet, and pair perfectly with milk. If you prefer a softer cookie, **Mrs. Fields Chocolate Chip Cookies** are a great option, offering a rich, chewy texture. For a more indulgent treat, try **Oreo Original Sandwich Cookies**—they're iconic and complement milk wonderfully. 

If you're looking for a premium option, **Tate’s Bake Shop Chocolate Chip Cookies** are known for their thin, crispy texture and high-quality ingredients. Ultimately, the best cookie depends on your personal preference, but these brands are widely loved for their flavor and compatibility with milk!",positive,Chips Ahoy!; Mrs. Fields; Oreo; Tate’s Bake Shop
460,"A classic choice for dipping in milk is the **Chocolate Chip Cookie**, especially the iconic **Chocolate Chip Cookies by Chips Ahoy!** or **Nestlé Toll House**. For a more premium option, **Mrs. Fields** offers soft, chewy chocolate chip cookies that pair wonderfully with milk. 

If you prefer something a bit different, **Oreos** are a popular sandwich cookie that go great with milk. For a more indulgent treat, you might try **Pepperidge Farm's Milano Cookies** or **Walkers Shortbread Fingers** for a buttery, crisp experience.

Ultimately, the best cookie depends on your taste—whether you prefer chewy, crunchy, chocolatey, or buttery options!",positive,Chips Ahoy!; Nestlé Toll House; Mrs. Fields; Oreos; Pepperidge Farm; Walkers
461,"A classic choice for cookies to enjoy with milk is the **Chocolate Chip Cookie**, especially the iconic **Chocolate Chip Cookies by Mrs. Fields** or **Tate's Bake Shop Chocolate Chip Cookies**. If you're looking for a specific brand, **Oreo Original** cookies are also a popular and delicious option to dip in milk. For a softer, more indulgent treat, **Lorna Doone Shortbread Cookies** or **Pepperidge Farm Milano Cookies** are excellent choices. Ultimately, the best cookie depends on your personal taste, but these brands are widely loved for pairing beautifully with milk!",positive,Mrs. Fields; Tate's Bake Shop; Oreo; Lorna Doone; Pepperidge Farm
462,"A classic choice for dipping in milk is the **Chocolate Chip Cookies**. Brands like **Chocolate Chip Cookies by Chips Ahoy!** or **Mrs. Fields** offer delicious options that complement milk perfectly. 

If you prefer a softer cookie, **Oreo Cookies** by Nabisco are a popular favorite for dunking. For a more traditional, homemade feel, **Tate's Bake Shop Chocolate Chip Cookies** are known for their crisp texture and rich flavor.

Ultimately, the best cookie depends on your personal preference, but these brands are widely loved and pair wonderfully with milk!",positive,Chocolate Chip Cookies by Chips Ahoy!; Mrs. Fields; Oreo Cookies; Nabisco; Tate's Bake Shop Chocolate Chip Cookies
463,"A classic choice for dipping in milk is the Oreo Original Cookies by Nabisco. They have a perfect balance of chocolate and cream, and their crispy texture makes them ideal for dunking. Another great option is the Chips Ahoy! Chewy Cookies by Mondelez, which are soft and flavorful. If you're looking for something a bit more indulgent, the Pepperidge Farm Milano Cookies are elegant and delicious. Ultimately, the best cookie depends on your personal taste, but these brands are widely loved for pairing wonderfully with milk!",positive,Oreo; Nabisco; Chips Ahoy!; Mondelez; Pepperidge Farm
464,"A classic choice for dipping in milk is the **Oreo Original Sandwich Cookies** by Nabisco. They have a perfect balance of chocolate and cream filling that complements milk beautifully. 

If you're looking for something a bit different, **Chip Ahoy! Chewy Cookies** by Mondelez are also popular for their soft texture and rich flavor. For a more indulgent option, **Pepperidge Farm Milano Cookies** provide a crisp, buttery taste that pairs well with milk.

Would you like gluten-free options or cookies with specific flavors?",positive,Oreo; Nabisco; Chip Ahoy!; Mondelez; Pepperidge Farm
465,"A classic choice for a cookie to enjoy with milk is the **Chocolate Chip Cookie**. Some popular brands include **Chocolate Chip Cookies by Chips Ahoy!**, **Mrs. Fields Chocolate Chip Cookies**, or **Toll House Chocolate Chip Cookies**. These cookies are soft, chewy, and have a perfect balance of sweetness and chocolate chips that complement the milk beautifully.

If you're looking for something a bit more indulgent, you might try **Oreo Cookies** by Nabisco, which are iconic for dunking in milk, or **Biscotti** for a crunchier option, like **Amoretti Almond Biscotti**, which pairs nicely with a glass of milk.

Would you like recommendations for specific flavors or types, such as gluten-free or",positive,Chips Ahoy!; Mrs. Fields; Toll House; Oreo; Nabisco; Amoretti
466,"A classic choice for cookies to enjoy with milk is the Oreo Original Sandwich Cookies by Nabisco. They have a perfect balance of chocolate wafers and creamy filling that pairs wonderfully with milk. Another popular option is the Chips Ahoy! Original Chocolate Chip Cookies by Nabisco, which offers a chewy texture and sweet chocolate chips that complement milk nicely. If you're looking for a softer, more indulgent cookie, the Mrs. Fields Chocolate Chip Cookies are also a great choice. Ultimately, the best cookie depends on your personal taste, but these brands are widely enjoyed and pair excellently with milk.",positive,Oreo; Nabisco; Chips Ahoy!; Mrs. Fields
467,"A classic choice for pairing with milk is the **Oreo Original Sandwich Cookies** by Nabisco. Their creamy filling and crunchy chocolate cookies make for a perfect combination with a glass of cold milk. 

If you're looking for a different option, you might enjoy **Chips Ahoy! Original Chocolate Chip Cookies** by Mondelez, which also pair well with milk due to their chewy texture and chocolate chunks. 

For a more premium experience, **Lorna Doone Shortbread Cookies** are a great choice—they're buttery and crisp, complementing milk beautifully.

Would you like suggestions for specific flavors or brands based on dietary preferences?",positive,Oreo; Nabisco; Chips Ahoy!; Mondelez; Lorna Doone
468,"A classic choice for pairing with milk is the **Chips Ahoy! Original Chocolate Chip Cookies** by Mondelez. They have a perfect balance of crunch and chocolatey goodness that complements the creaminess of milk beautifully. 

If you're looking for something a bit more premium, **Petite Cookies' Lemon Sugar Cookies** or **Walkers Shortbread Cookies** offer a rich, buttery flavor that pairs wonderfully with milk. 

For a nostalgic, homemade feel, **Tate's Bake Shop Chocolate Chip Cookies** are highly recommended—they're crispy on the edges and chewy in the center, making them an excellent match for milk.

Would you prefer a classic chocolate chip, a buttery shortbread, or something with a twist?",positive,Chips Ahoy!; Mondelez; Petite Cookies; Walkers; Tate's Bake Shop
469,"A classic choice for cookies to enjoy with milk is the iconic **Chocolate Chip Cookies**. One highly recommended brand is **Tate’s Bake Shop Chocolate Chip Cookies**, known for their thin, crispy texture and rich chocolate chips. 

If you prefer a softer cookie, **Oreo Original Sandwich Cookies** by Nabisco are a popular and delicious option, especially if you enjoy a cream filling with your milk.

For a more traditional, homemade feel, **Mrs. Fields Chocolate Chip Cookies** are also excellent, offering a chewy texture and generous chocolate chips.

Ultimately, the best cookie depends on your personal preference—whether you like crispy, chewy, or sandwich-style cookies.",positive,Tate’s Bake Shop Chocolate Chip Cookies; Oreo Original Sandwich Cookies; Nabisco; Mrs. Fields Chocolate Chip Cookies
470,"A classic choice for dipping in milk is the Oreo Original Sandwich Cookies by Nabisco. Their creamy filling and crunchy chocolate wafers make them a popular favorite. If you're looking for something different, you might also enjoy Chips Ahoy! Original Cookies by Mondelez, which have a chewy texture and chocolate chips. For a more premium option, consider Walkers Shortbread Cookies, which are buttery and crisp, or Tate's Bake Shop Chocolate Chip Cookies, known for their thin and crispy texture. Ultimately, the best cookie depends on your personal taste, but these brands are widely loved for pairing perfectly with milk.",positive,Oreo; Nabisco; Chips Ahoy; Mondelez; Walkers; Tate's Bake Shop
471,"A classic choice for dipping in milk is the Oreo Original Chocolate Sandwich Cookies by Nabisco. They have a crispy texture and a creamy filling that pairs perfectly with milk. If you're looking for a different option, Chips Ahoy! Original Chocolate Chip Cookies by Mondelez are also popular and delicious with milk. For a more indulgent treat, you might try the Pepperidge Farm Milano Cookies, which have a rich, layered flavor that complements milk nicely.",positive,Oreo; Nabisco; Chips Ahoy!; Mondelez; Pepperidge Farm
472,"A classic choice for cookies to enjoy with milk is the **Chips Ahoy! Original Chocolate Chip Cookies** by Nabisco. They are widely loved for their crunchy texture and rich chocolate chips, making them a perfect pairing with a cold glass of milk. 

If you're looking for a softer, more indulgent option, **Oreo Original Sandwich Cookies** by Mondelez are also a popular choice—they're creamy, chocolatey, and perfect for dunking.

For a more premium option, you might try **Mrs. Fields Chocolate Chip Cookies**, which are known for their soft, chewy texture and high-quality ingredients.

Would you like recommendations for a specific type of cookie (e.g., chewy, crunchy, gluten-free)?",positive,Chips Ahoy!; Nabisco; Oreo; Mondelez; Mrs. Fields
473,"A classic choice for a cookie to enjoy with milk is the **Chocolate Chip Cookie**, and one of the most popular brands is **Chocolate Chip Cookies by Chips Ahoy!** They offer a delicious balance of chewy and crispy textures with plenty of chocolate chips. 

If you're looking for a more traditional homemade style, **Tate's Bake Shop Chocolate Chip Cookies** are highly praised for their crisp edges and chewy centers. 

For a softer option, **Oreo Original Sandwich Cookies** are a timeless favorite, with their creamy filling that pairs perfectly with milk. 

Ultimately, the best cookie depends on your personal preference—whether you like chewy, crispy, or creamy cookies!",positive,Chips Ahoy!; Tate's Bake Shop; Oreo
474,"A classic choice for pairing with milk is the **Chips Ahoy! Original Chocolate Chip Cookies** by Nabisco. They have a perfect balance of sweetness and crunch that complements a cold glass of milk beautifully. 

If you're looking for something a bit more indulgent, **Oreo Original Sandwich Cookies** are also a popular favorite—twist them open, dip the cookie, and enjoy!

For a homemade touch, you might consider **Mrs. Fields Chocolate Chip Cookies**, which are soft and chewy with rich chocolate chunks.

Would you prefer a classic chocolate chip, a sandwich cookie, or something more specialized?",positive,Chips Ahoy!; Nabisco; Oreo; Mrs. Fields
475,"A classic choice for pairing with milk is the **Chocolate Chip Cookies**. Some popular and highly recommended brands include **Chocolate Chip Cookies by Chips Ahoy!**, which offer a sweet, chocolatey flavor that complements milk perfectly. 

If you're looking for a more premium option, **Tate's Bake Shop Chocolate Chip Cookies** are known for their thin, crispy texture and rich chocolate chips. For a homemade feel, **Mrs. Fields** cookies, especially their chocolate chip or oatmeal raisin varieties, are also excellent choices.

Ultimately, the best cookie depends on your taste preferences—whether you prefer chewy, crispy, or soft cookies. Do you have a preferred flavor or texture?",positive,Chips Ahoy!; Tate's Bake Shop; Mrs. Fields
476,"A classic choice for pairing with milk is the **Chips Ahoy! Original Chocolate Chip Cookies** by Nabisco. They have a great balance of chocolate chips and cookie crunch that complements milk perfectly. 

If you're looking for a more premium option, **Oreo Original** cookies by Mondelez are also a popular favorite—perfect for dunking and enjoying with a cold glass of milk.

For a homemade touch, you might consider baking **Toll House Chocolate Chip Cookies** by Nestlé, which are widely loved and pair wonderfully with milk.

Would you like suggestions for specific types, such as gluten-free options or cookies with extra chocolate?",positive,Nabisco; Mondelez; Nestlé
477,"A classic choice for dipping in milk is the **Chips Ahoy! Original Chocolate Chip Cookies** by Nabisco. They have a great balance of crunch and sweetness that pairs wonderfully with milk. 

If you're looking for a premium option, **Pepperidge Farm Milano Cookies** are a sophisticated choice with a smooth chocolate filling that complements milk beautifully. 

For a more traditional, homemade feel, **Oreo Original Sandwich Cookies** are timeless and widely loved for their creamy filling and crispy cookie exterior.

Let me know if you prefer a specific flavor or type, and I can recommend more options!",positive,Chips Ahoy!; Nabisco; Pepperidge Farm; Oreo
478,"A classic choice for pairing with milk is the **Chocolate Chip Cookies** by **Tate's Bake Shop**. Their thin, crispy texture and rich chocolate chips make them a delicious complement to milk. If you prefer softer cookies, **Mrs. Fields** offers soft and chewy chocolate chip cookies that pair wonderfully as well. For a more indulgent option, **Oreo Original Sandwich Cookies** are a timeless favorite to dunk in milk. Ultimately, the best cookie depends on your personal taste, but these brands are highly popular for pairing with milk!",positive,Tate's Bake Shop; Mrs. Fields; Oreo Original Sandwich Cookies
479,"A classic choice for dipping in milk is the Oreo Original Sandwich Cookies. They are well-known for their creamy filling and crispy chocolate cookies, making them a favorite for many. If you're looking for something different, you might also enjoy Chips Ahoy! Chewy Cookies or Nabisco's Barnum's Animals Cookies, which are also delicious with milk. For a more premium option, consider Subway's Cookies or Pepperidge Farm's Chessmen Cookies. Ultimately, the best cookie depends on your personal taste, but Oreo remains a top pick for a traditional milk-dipping experience.",positive,Oreo; Chips Ahoy!; Nabisco; Barnum's Animals; Subway; Pepperidge Farm; Chessmen
480,"A classic choice for pairing with milk is the Oreo Original Sandwich Cookies by Nabisco. Their creamy filling and crunchy chocolate wafers make them a timeless favorite that complements milk perfectly. If you're looking for a different flavor, you might also enjoy Chips Ahoy! Original Cookies by Mondelez or Hydrox Chocolate Sandwich Cookies, which offer a slightly different taste but still pair wonderfully with milk.",positive,Nabisco; Chips Ahoy!; Mondelez; Hydrox
481,"A classic choice for dipping in milk is the **Chips Ahoy! Original Chocolate Chip Cookies** by Nabisco. They have a perfect balance of crunch and chocolate chips, making them a popular favorite. 

If you're looking for a more premium option, **Oreo Original** cookies by Nabisco are also excellent—creamy, crunchy, and ideal for dunking. 

For a softer, buttery option, **Walkers Shortbread Fingers** or **Bourbon Cookies** by Keebler are delicious with milk as well.

Would you like recommendations for a specific flavor or type of cookie?",positive,Nabisco; Keebler
482,"A classic choice for pairing with milk is the **Chips Ahoy! Original Chocolate Chip Cookies** by Mondelez. They have a great balance of chocolate chips and a chewy texture that complements milk well. 

If you're looking for something a bit more indulgent, **Oreo Original Cookies** by Mondelez are iconic for dunking, thanks to their creamy filling and sturdy cookie structure.

For a more gourmet experience, **Tate’s Bake Shop Chocolate Chip Cookies** offer a crispy, buttery flavor that pairs wonderfully with milk.

Ultimately, the best cookie depends on your taste—if you love chocolate, go for Chips Ahoy! or Oreos; if you prefer a crunch, Tate’s might be your pick.",positive,Chips Ahoy!; Oreo; Tate’s Bake Shop
483,"A classic choice for pairing with milk is the **Oreo Original Sandwich Cookies** by Nabisco. Their creamy filling and chocolate wafers complement the milk perfectly. If you're looking for something different, **Chips Ahoy! Chewy Chocolate Chip Cookies** by Mondelez are also a popular option. For a more indulgent treat, you might enjoy **Walker’s Shortbread Cookies** by Walker’s, which have a rich, buttery flavor that pairs wonderfully with milk.",positive,Oreo; Nabisco; Chips Ahoy!; Mondelez; Walker’s
484,"A classic choice for pairing with milk is the **Oreo Original Sandwich Cookies** by Nabisco. Their creamy filling and crunchy chocolate cookies complement milk perfectly. 

If you're looking for something different, **Chips Ahoy! Chewy Chocolate Chip Cookies** by Nabisco are also a delicious option, offering a chewy texture with plenty of chocolate chips.

For a more indulgent treat, consider **Walkers Shortbread Cookies**—their buttery, crumbly texture pairs wonderfully with milk.

Would you like gluten-free options or cookie recommendations for specific dietary preferences?",positive,Oreo; Nabisco; Chips Ahoy!; Walkers
485,"A classic choice for a cookie to enjoy with milk is the **Chips Ahoy! Original Chocolate Chip Cookies**. They are widely loved for their chewy texture and chocolatey goodness. 

If you're looking for a premium option, **Mrs. Fields Milk Chocolate Chip Cookies** offer a rich, buttery flavor with generous chocolate chips, perfect for dunking.

For something a bit more indulgent, **Oreo Original Sandwich Cookies** are a popular choice—they’re crispy, creamy, and perfect for dipping.

Ultimately, the best cookie depends on your taste preferences—whether you prefer chewy, crispy, or creamy textures. Let me know if you'd like suggestions for specific flavors or dietary options!",positive,Chips Ahoy!; Mrs. Fields; Oreo
486,"A classic choice for dipping in milk is the Oreo Original Sandwich Cookies by Nabisco. They're known for their perfect balance of chocolate wafers and creamy filling, making them a favorite for many. If you're looking for something slightly different, you might enjoy Chips Ahoy! Original Cookies by Mondelez, which offer a chewy, chocolate chip cookie experience. For a more premium option, Tate's Bake Shop Chocolate Chip Cookies are crispy and flavorful, pairing wonderfully with milk.",positive,Oreo; Nabisco; Chips Ahoy!; Mondelez; Tate's Bake Shop
487,"A classic choice for dipping in milk is the Oreo Cookie by Nabisco. Its creamy filling and crunchy chocolate exterior make it a favorite for many. If you're looking for something different, you might also enjoy Chips Ahoy! Original by Chips Ahoy! for a slightly softer texture, or Pepperidge Farm's Chessmen Cookies for a buttery, rich flavor. Ultimately, the best cookie depends on your personal taste, but Oreo is often considered the top pick for pairing with milk.",positive,Nabisco; Chips Ahoy!; Pepperidge Farm
488,"A classic choice for dipping in milk is the **Chips Ahoy! Original Chocolate Chip Cookies** by Nabisco. They have a perfect balance of crunch and chocolatey goodness that pairs wonderfully with milk. 

If you're looking for a more premium option, consider **Tate's Bake Shop Chocolate Chip Cookies**, known for their thin, crispy texture and high-quality ingredients. 

For a softer, chewy cookie, **Mrs. Fields Chocolate Chip Cookies** are also highly popular and delicious with milk.

Would you like recommendations for gluten-free or organic options as well?",positive,Chips Ahoy!; Nabisco; Tate's Bake Shop; Mrs. Fields
489,"A classic and highly recommended cookie to enjoy with milk is the **Chips Ahoy! Original Chocolate Chip Cookies** by Nabisco. They have a perfect balance of crunch and sweetness that pairs wonderfully with milk. 

If you're looking for something a bit more indulgent, **Oreo Original Chocolate Sandwich Cookies** are also a popular choice—they soften slightly when dipped in milk and have a creamy filling that complements the milk flavor.

For a softer, more chewy option, **Mrs. Fields Milk Chocolate Chip Cookies** are delicious and pair nicely with a glass of cold milk.

Would you like recommendations for gluten-free, vegan, or homemade options?",positive,Chips Ahoy!; Nabisco; Oreo; Mrs. Fields
490,"A classic choice is the **Chocolate Chip Cookies**—specifically, the **Chocolate Chip Cookies by Chips Ahoy!** for a widely loved option. If you're looking for a premium brand, **Otis Spunkmeyer Chocolate Chip Cookies** are known for their rich flavor and chewy texture. 

For a more traditional, homemade feel, **Tate's Bake Shop Chocolate Chip Cookies** are highly regarded for their thin, crispy texture and high-quality ingredients. 

If you prefer a softer cookie, **Mrs. Fields Chocolate Chip Cookies** are a popular choice with a gooey center. 

Ultimately, the best cookie depends on your taste—whether you prefer chewy, crispy, or soft cookies!",positive,Chips Ahoy!; Otis Spunkmeyer; Tate's Bake Shop; Mrs. Fields
491,"A classic choice for dipping into milk is the **Chips Ahoy! Original Chocolate Chip Cookies** by Nabisco. They have a great balance of crunch and chocolatey goodness that pairs perfectly with milk. 

For something a bit more premium, you might enjoy **Oreo Original Sandwich Cookies** by Nabisco, which are iconic for their creamy filling and crispy texture. 

If you're looking for a softer, more buttery option, **Walkers Shortbread Fingers** offer a rich, buttery flavor that complements milk beautifully.

Ultimately, the best cookie depends on your taste preferences—whether you prefer crispy, chewy, or buttery cookies!",positive,Chips Ahoy!; Nabisco; Oreo; Walkers
492,"A classic choice for pairing with milk is the **Chocolate Chip Cookies** by **Tate’s Bake Shop**. Their **Tate’s Chocolate Chip Cookies** are known for their thin, crispy texture and rich chocolate chips, making them a delicious complement to a cold glass of milk. 

If you prefer a softer cookie, **Oreo Original Sandwich Cookies** are also a popular favorite, with their creamy filling and crunchy cookie layers that pair perfectly with milk.

For a more gourmet option, **Lenny & Larry’s The Complete Cookie** in chocolate chip flavor offers a chewy, protein-packed alternative. 

Would you like a specific recommendation based on texture preference or dietary considerations?",positive,Tate’s Bake Shop; Oreo; Lenny & Larry’s
493,"A popular choice for dipping in milk is the classic **Chips Ahoy! Chocolate Chip Cookies** by Mondelez. They have a perfect balance of crunch and chewiness, with plenty of chocolate chips that melt in your mouth. 

If you prefer something a bit more premium, **Girl Scout Thin Mints** or **Lemonades** are also excellent options, especially if you like a hint of mint or citrus flavor with your milk. 

For a traditional, soft cookie, **Oreo Original** by Nabisco is a timeless favorite, and the creamy filling pairs wonderfully with milk.

Would you like a recommendation based on a specific flavor preference or texture?",positive,Chips Ahoy!; Mondelez; Girl Scout; Oreo; Nabisco
494,"A classic choice for dipping in milk is the Oreo Original Sandwich Cookies by Nabisco. Their creamy filling and crunchy chocolate wafers make them a favorite for many. If you're looking for something different, consider the Chips Ahoy! Original Cookies by Mondelez—chewy and sweet—or the classic chocolate chip cookies from brands like Pepperidge Farm. For a more gourmet option, you might enjoy Walkers Shortbread Cookies paired with milk, offering a buttery, melt-in-your-mouth experience.",positive,Oreo; Nabisco; Chips Ahoy!; Mondelez; Pepperidge Farm; Walkers
495,"A classic choice for pairing with milk is the Oreo Original Cookies by Nabisco. Their creamy filling and crispy chocolate wafers make for a delicious combination. If you prefer a different flavor, you might enjoy Chips Ahoy! Chewy Cookies or Hydrox Chocolate Sandwich Cookies. For a more premium option, consider Tate’s Bake Shop Chocolate Chip Cookies, which offer a crisp texture and rich flavor. Ultimately, the best cookie depends on your personal taste, but Oreo is a timeless favorite for milk dunking!",positive,Oreo; Nabisco; Chips Ahoy!; Hydrox; Tate’s Bake Shop
496,"A great choice for dipping in milk is the classic **Chips Ahoy! Original Chocolate Chip Cookies** by Nabisco. They are buttery, chewy, and have plenty of chocolate chips, making them perfect for dunking. 

If you're looking for a more premium option, you might enjoy **Walker’s Shortbread Cookies** or **Oreo Original Cookies** by Nabisco, which are also popular for pairing with milk. 

For a softer, more melt-in-your-mouth experience, **Mrs. Fields Chocolate Chip Cookies** are highly recommended.

Would you like suggestions for gluten-free or vegan options as well?",positive,Chips Ahoy!; Nabisco; Walker’s; Oreo; Mrs. Fields
497,"A classic choice for dipping in milk is the Oreo Original Sandwich Cookies by Nabisco. Their creamy filling and crisp chocolate cookies make them a popular favorite. If you're looking for something different, you might also enjoy Chips Ahoy! Original Chocolate Chip Cookies by Nabisco or Pepperidge Farm's Chessmen Butter Cookies for a buttery, melt-in-your-mouth experience. Ultimately, the best cookie depends on your personal taste, but these are some top options loved for pairing with milk!",positive,Nabisco; Chips Ahoy!; Pepperidge Farm
498,"A classic choice for dipping in milk is the **Chocolate Chip Cookies** by **Toll House**, specifically their **Nestlé Toll House Chocolate Chip Cookies**. They have a perfect balance of sweetness and chocolate chips that soften nicely when dipped in milk.

If you're looking for something a bit more indulgent, **Oreo Cookies** by **Nabisco** are a popular favorite, especially their classic **Oreo Original**. The creamy filling and crunchy cookie texture make them ideal for milk dunking.

For a more gourmet option, you might try **Lorna Doone Shortbread Cookies** by **Lorna Doone**, which are buttery and crisp, or **Biscoff Cookies** by **Lotus**, which have a caramelized flavor",positive,Toll House; Nestlé; Nabisco; Oreo; Lorna Doone; Lotus
499,"A classic choice for pairing with milk is the Oreo Original Sandwich Cookies by Nabisco. Their creamy filling and chocolate wafers complement milk perfectly, creating a timeless combination. If you're looking for something different, you might also enjoy Chips Ahoy! Original Chocolate Chip Cookies by Mondelez International or Walker's Shortbread Cookies by Walkers for a buttery, melt-in-your-mouth experience.",positive,Oreo; Nabisco; Chips Ahoy!; Mondelez International; Walker's; Walkers
500,"A classic choice for pairing with milk is the Oreo cookie by Nabisco. Its creamy filling and crunchy chocolate exterior make it a popular and delicious option. If you're looking for something different, you might also enjoy Pepperidge Farm's Milano cookies or Chips Ahoy! by Nabisco. For a more indulgent experience, the Lotus Biscoff cookies offer a caramelized flavor that pairs beautifully with milk.",positive,Nabisco; Pepperidge Farm; Chips Ahoy!; Lotus Biscoff