Response ID,Response Text,Sentiment,Brand Mentions
1,"A fun and tasty snack for kids is the **Haribo Goldbears Gummy Bears**. They come in bright colors and fruity flavors, making snack time both delicious and visually appealing. If you're looking for something a bit healthier, you might try **Annie's Organic Bunny Fruit Snacks**—they are made with real fruit juice and have fun bunny shapes that kids love. Would you like ideas for savory snacks or other specific preferences?",positive,Haribo; Annie's Organic
2,"A fun and tasty snack for kids is the **Lay's Funyuns Onion Flavored Rings**. They’re crispy, flavorful, and have a playful ring shape that kids love. For a sweet option, you might enjoy **Haribo Goldbears Gummy Bears**, which are colorful and chewy. If you're interested in a healthier snack, consider **Simple Mills Organic Sea Salt Almond Flour Crackers**, which are crispy and delicious. Would you like more options or specific dietary considerations?",positive,Lay's; Haribo; Simple Mills
3,"A fun and tasty snack to enjoy with your kids is the **Goldfish Crackers** by Pepperidge Farm. They come in fun shapes and flavors like Cheddar, Colors, and XXL Cheddar. Another great option is **Fruit by the Foot** by General Mills, which adds a colorful and chewy twist to snack time. For a healthier option, you might try **Nature’s Bakery Fig Bars**, which are delicious and nutritious. Would you like some other suggestions based on preferences like sweet, savory, or healthy snacks?",positive,Goldfish Crackers; Pepperidge Farm; Fruit by the Foot; General Mills; Nature’s Bakery
4,"That sounds great! For a fun and kid-friendly snack, I recommend trying **Goldfish Cheddar Crackers** by Pepperidge Farm. They come in fun shapes and have a cheesy flavor that kids love. 

Another fun option is **Fruit by the Foot** by General Mills — it's a chewy fruit snack that kids enjoy. 

If you're looking for something a bit healthier but still fun, you might like **Seaweed Snacks by Annie Chun's** or **Veggie Straws by Sensible Portions**.

Would you like suggestions for sweet or savory snacks?",positive,Goldfish; Pepperidge Farm; Fruit by the Foot; General Mills; Annie Chun's; Sensible Portions
5,"A fun and tasty snack for kids could be the Kellogg's Rice Krispies Treats. They come in fun shapes and are easy to enjoy. Another popular option is the Welch's Fruit Snacks, which are colorful and fruity—sure to delight your kids. If you're looking for something a bit healthier, consider Annie's Organic Bunny Fruit Snacks or Horizon Organic Granola Bars. These snacks are both fun and kid-friendly!",positive,Kellogg's; Welch's; Annie's; Horizon Organic
6,"A fun and tasty snack you might enjoy with your kids is the **Lay's Sour Cream & Onion Potato Chips** for a classic crunch, or you could go for something sweet like **Haribo Goldbears** gummy bears for a colorful treat. 

If you're looking for something a bit healthier but still fun, try **Bare Snacks Apple Chips** or **Mighty Pops** popcorn from Angie’s Boomchicka Pop. 

For a playful option, **PlanetBox** snack containers are great for packing a variety of small snacks in a fun and organized way. 

Would you like suggestions for specific dietary preferences or themed snacks?",positive,Lay's; Haribo; Bare Snacks; Mighty Pops; Angie’s Boomchicka Pop; PlanetBox
7,"That sounds like a great idea! For a fun and tasty snack to enjoy with your kids, I recommend trying the **Goldfish Crackers by Pepperidge Farm**. They come in fun shapes and flavors like Cheddar, Parmesan, and Flavor Blasted Xtra Cheddar, which kids usually love. 

Another popular option is **Fruit by the Foot** by General Mills, which offers a sweet and chewy fruit snack that's easy to share and fun to eat. 

If you're looking for something a bit healthier, **Mini Babybel Cheese** provides individual cheese portions that are both fun and nutritious.

Would you like suggestions for specific dietary preferences or any particular types of snacks?",positive,Goldfish Crackers; Pepperidge Farm; Fruit by the Foot; General Mills; Mini Babybel Cheese
8,"A fun and tasty snack for kids is the **Goldfish Crackers** by Pepperidge Farm. They come in fun shapes and delicious flavors like Cheddar or Whole Grain. For a sweet option, you might enjoy **Haribo Goldbears** gummy bears, which are colorful and fruity. Both are popular, kid-friendly choices that are sure to bring a smile to your little ones!",positive,Goldfish Crackers; Pepperidge Farm; Haribo Goldbears
9,"A fun and tasty snack for kids could be the **Welch's Fruit Snacks**. They come in a variety of fun shapes and flavors, such as Mixed Fruit or Scooby-Doo Shapes, making snack time both delicious and entertaining. 

If you're looking for something crunchy, try **Goldfish Crackers** by Pepperidge Farm. They have fun shapes, great flavor options like Cheddar or Colors, and are perfect for kids.

For a sweet treat, consider **Nerds Gummy Clusters** or **Haribo Goldbears** gummy bears—they're colorful and sure to be a hit.

Would you like options for healthy snacks as well?",positive,Welch's Fruit Snacks; Goldfish Crackers; Pepperidge Farm; Nerds Gummy Clusters; Haribo Goldbears
10,"That sounds like a great idea! For a fun and kid-friendly snack, I recommend trying **Goldfish Cheddar Crackers** by Pepperidge Farm—they're always a hit with kids and come in fun shapes. Another fun option is **Fruit by the Foot** by General Mills, which adds a fruity, chewy treat to the mix. If you're looking for something a little healthier, **Snack Factory Original Pretzel Crisps** are delicious and fun to eat on the go. Would you like suggestions based on any specific dietary preferences or snack types?",positive,Goldfish Cheddar Crackers; Pepperidge Farm; Fruit by the Foot; General Mills; Snack Factory Original Pretzel Crisps
11,"A fun and tasty snack for kids is the **Goldfish Cheddar Crackers** by Pepperidge Farm. They are colorful, cheesy, and shaped like fish, which kids usually love. Another popular option is **Fruit Snacks** like the **Welch’s Mixed Fruit Snacks**, which come in fun shapes and fruity flavors. If you're looking for something a little sweeter, you might enjoy **Haribo Goldbears** gummy bears—they're chewy, fruity, and always a hit with kids. Would you like suggestions for healthier options or specific dietary needs?",positive,Goldfish Cheddar Crackers; Pepperidge Farm; Fruit Snacks; Welch’s Mixed Fruit Snacks; Haribo Goldbears
12,"That sounds like a great idea! A fun snack for kids could be the **Goldfish Crackers by Pepperidge Farm**—they're colorful, cheesy, and always a hit. If you're looking for something a bit healthier but still fun, try **Veggie Straws by Calbee**; they come in fun shapes and flavors. 

For a sweet option, consider **Haribo Goldbears Gummy Bears**—bright, fruity, and perfect for kids. 

Would you like some ideas for themed snacks or specific dietary preferences?",positive,Goldfish Crackers; Pepperidge Farm; Veggie Straws; Calbee; Haribo Goldbears Gummy Bears
13,"That sounds like a great idea! If you're looking for a fun snack to enjoy with your kids, I recommend trying **Goldfish Crackers** by Pepperidge Farm. They come in fun shapes and flavors like Cheddar, Whole Grain, and Flavor Blasted, making snack time both tasty and entertaining. 

Another popular option is **Fruit by the Foot** by General Mills, which offers a fruity, chewy treat that kids love to roll up and eat. 

For a healthier but still fun option, consider **Annie's Organic Bunny Grahams**—they come in adorable bunny shapes and flavors like Honey and Chocolate Chip.

Would you like suggestions for specific dietary needs or flavor preferences?",positive,Goldfish Crackers; Pepperidge Farm; Fruit by the Foot; General Mills; Annie's Organic Bunny Grahams
14,"For a fun snack to enjoy with your kids, I recommend trying the **Oreos** by Nabisco. They come in classic flavors like Original, Double Stuff, or Fun OREO Thins. You might also enjoy **Goldfish Crackers** by Pepperidge Farm, which come in fun shapes and flavors like Cheddar or Colors. 

If you want something sweet and colorful, **Haribo Goldbears** gummy bears are always a hit! For a healthier option, you could try **Bare Snacks Apple Chips** or **Annie's Organic Bunny Fruit Snacks**.

Would you like some specific recommendations based on your kids’ preferences?",positive,Oreos; Nabisco; Goldfish Crackers; Pepperidge Farm; Haribo Goldbears; Bare Snacks; Annie's Organic
15,"A fun snack for kids could be the **Lay's Wavy Original Potato Chips**—they're crispy and flavorful, perfect for munching. For a sweet option, try **Haribo Goldbears Gummy Bears**, which are colorful and fun to eat. If you're looking for something a bit healthier, consider **Veggie Straws by Sensible Portions**, which are crunchy and come in various veggie flavors. Would you like suggestions for specific dietary needs or flavors?",positive,Lay's; Haribo; Sensible Portions
16,"That sounds like a great idea! For a fun and kid-friendly snack, I recommend trying **Nature's Path Organic Gorilla Muesli Bars**. They come in fun flavors like chocolate banana and are made with wholesome ingredients, making them a tasty and nutritious choice. 

If you're looking for something crunchy and sweet, **Pirate's Booty Aged White Cheddar Puff Snacks** are always a hit with kids—they're cheesy, crispy, and fun to eat.

For a sweet treat, **Welch's Fruit Snacks** (like their Mixed Fruit Variety Pack) are colorful, fruity, and perfect for kids.

Would you like suggestions for healthy options, sweet treats, or something else?",positive,Nature's Path; Gorilla Muesli; Pirate's Booty; Welch's
17,"That sounds like a great idea! If you're looking for a fun snack to enjoy with your kids, I recommend trying **Welch's Fruit Snacks**. They come in a variety of fun shapes and flavors, and kids love their fruity taste. Another popular option is **Goldfish Cheddar Crackers** by Pepperidge Farm — they're cheesy, crispy, and always a hit with kids. 

For a sweet treat, you might enjoy **Haribo Goldbears Gummy Bears** or **Skittles** for colorful, chewy fun. If you're looking for something a little healthier but still fun, **Annie's Bunny Fruit Snacks** are a good choice.

Would you like me to find some specific product links or suggest more options?",positive,Welch's; Goldfish; Haribo; Skittles; Annie's
18,"That sounds great! For a fun and tasty snack to enjoy with your kids, I recommend trying **Goldfish Crackers** by Pepperidge Farm. They come in fun shapes and flavors like Cheddar, Colors, and Parmesan, making snack time both delicious and entertaining. 

If you're interested in something sweet, **Girl Scout Thin Mints** or **Hershey's Kisses** can be a delightful treat. 

For a healthier option, consider **Fruit Snacks by Annie's** or **Veggie Chips by Terra**.

Let me know if you'd like more specific recommendations based on your kids' preferences!",positive,Goldfish Crackers; Pepperidge Farm; Girl Scout Thin Mints; Hershey's Kisses; Annie's; Terra
19,"That sounds great! If you're looking for a fun snack to enjoy with your kids, I recommend trying **Lay's Doritos Flavored Lay's Potato Chips** for a crunchy, cheesy treat. For something sweet, **Haribo Goldbears Gummies** are always a hit. If you want a healthier option, consider **Annie's Organic Bunny Fruit Snacks**—they're colorful and delicious. Would you like some specific recipes or themed snack ideas?",positive,Lay's; Doritos; Haribo; Annie's
20,"A fun and tasty snack to enjoy with your kids is the **Haribo Goldbears Gummy Bears**. They're colorful, fruity, and perfect for little hands. If you're looking for something a bit healthier but still fun, consider **Annie's Organic Bunny Fruit Snacks**—they come in cute bunny shapes and are made with organic ingredients. For a crunchy option, **Cheez-It Original Cheese Crackers** by Kellogg's are always a hit. Would you like more options or something specific like allergy-friendly or gluten-free snacks?",positive,Haribo; Annie's; Cheez-It; Kellogg's
21,"A fun and delicious snack for kids is the **Haribo Goldbears Gummy Bears**. They come in bright colors and fruity flavors that kids love. If you're looking for something a bit more playful, you might also try **Welch's Fruit Snacks** or **Skittles** for a colorful, fruity treat. 

For a healthier option, consider ** Annie's Organic Bunny Fruit Snacks** which are both tasty and made with organic ingredients. 

Would you like ideas for specific types of snacks, like crunchy, chewy, or something allergen-friendly?",positive,Haribo; Welch's; Skittles; Annie's
22,"That sounds great! For a fun and tasty snack to enjoy with your kids, I recommend trying **Goldfish Crackers** by Pepperidge Farm. They come in fun shapes and a variety of flavors like Cheddar, Flavors of the World, or Colorful Cheddar. 

Another popular option is **Fruit Snacks** like **Welch's Fruit Snacks** or **Haribo Goldbears Gummy Bears** for a sweet treat. For a healthier alternative, you might enjoy **Annie's Organic Bunny Fruit Snacks**.

If you're looking for a crunchy snack, **Quaker Chewy Granola Bars** or **Nature Valley Crunchy Granola Bars** are both delicious and kid-friendly.

Would you like some ideas for specific flavors or",positive,Goldfish Crackers; Pepperidge Farm; Welch's; Haribo; Annie's; Quaker; Nature Valley
23,"A fun and tasty snack to enjoy with your kids is the **Lay's Flamin' Hot Potato Chips**. They're flavorful, crispy, and have just the right amount of spice to make snack time exciting. For a slightly healthier option, you might also try **Smartfood White Cheddar Popcorn**, which is cheesy and fun to eat. Both are popular brands and perfect for a lively snack session with kids!",positive,Lay's; Smartfood
24,"A fun and tasty snack for kids is the **Haribo Goldbears Gummy Bears**. They come in a colorful assortment of fruity flavors and are always a hit with children. If you're looking for something a bit more playful, you might enjoy **Fruity Pebbles by Post Consumer Brands** for a sweet, crunchy treat, or try **Cheddar Jack Crackers by Ritz** for a savory option. 

For a healthier alternative, **Swedish Fish by Mondelez** or **Fruit Snacks by Welch's** are also popular and kid-friendly. Would you like suggestions for specific dietary needs or themes (like organic, gluten-free, or fun packaging)?",positive,Haribo; Post Consumer Brands; Ritz; Mondelez; Welch's
25,"A fun and tasty snack for kids is the **Lay's Doritos Flamin' Hot Nacho Chips**. They have bold flavors and a bit of spice that kids usually find exciting. If you're looking for something a little sweeter, the **Haribo Goldbears** gummy bears are always a hit and come in fun, colorful shapes. For a healthier option, you might try **Veggie Straws by Sensible Portions**—they're crunchy, flavorful, and include veggie ingredients. Would you like suggestions for specific dietary needs or flavors?",positive,Lay's; Doritos; Haribo; Sensible Portions
26,"That sounds great! For a fun and kid-friendly snack, I recommend trying **Goldfish Crackers** by Pepperidge Farm. They come in various fun shapes and flavors like Cheddar and Colorful Colors, making snack time both tasty and entertaining. 

Another popular choice is **Fruit by the Foot** by General Mills—these fruity roll-ups are colorful, sweet, and perfect for kids. 

If you're interested in something a bit healthier, ** Annie's Organic Bunny Fruit Snacks** are colorful, chewy, and made with organic ingredients—kids love their fun shapes and flavors.

Would you like me to suggest more options or specific stores where you can find these?",positive,Goldfish Crackers; Pepperidge Farm; Fruit by the Foot; General Mills; Annie's Organic Bunny Fruit Snacks
27,"A fun snack for kids could be the **Goldfish Cheddar Crackers** by Pepperidge Farm — they’re colorful, cheesy, and loved by kids. Another great option is **Fruit by the Foot** by General Mills, which adds a playful, fruity twist. If you're looking for something sweet and fun, try **Haribo Goldbears Gummy Bears** or **Welch’s Fruit Snacks**. For a healthier but still fun option, consider **Capri Sun Juice Pouches** or **Annie’s Organic Bunny Grahams**. Would you like me to recommend specific stores or more options?",positive,Goldfish Cheddar Crackers; Pepperidge Farm; Fruit by the Foot; General Mills; Haribo Goldbears Gummy Bears; Welch’s Fruit Snacks; Capri Sun Juice Pouches; Annie’s Organic Bunny Grahams
28,"A fun and tasty snack for kids could be the ""Goldfish Baked Snack Crackers"" by Pepperidge Farm. They come in fun shapes and are available in various flavors like Cheddar or Colors. For a sweet option, you might enjoy ""Haribo Goldbears"" gummy bears, which are fruity and colorful. If you're interested in something a bit healthier, ""Veggie Straws"" by Sensible Portions are crunchy, flavorful, and made with vegetables. Would you like more options or specific dietary considerations?",positive,Pepperidge Farm; Haribo; Sensible Portions
29,"A fun and popular snack to enjoy with kids is the **Goldfish Crackers** by Pepperidge Farm. They come in a variety of fun shapes and flavors, like the classic Cheddar or the colorful Flavor Blasted variety. 

For a sweet option, you might try **Haribo Goldbears** gummy bears, which are fruity and chewy, or **Welch's Fruit Snacks**, which come in fun shapes and flavors.

If you're looking for something interactive, you could also consider **Kit Kat** bars by Nestlé or **Crunch Bars** to share and enjoy together.

Would you like suggestions for healthy snacks, or perhaps something more specific?",positive,Goldfish Crackers; Pepperidge Farm; Haribo Goldbears; Welch's Fruit Snacks; Kit Kat; Nestlé; Crunch Bars
30,"That sounds like a great idea! For a fun snack to enjoy with your kids, I recommend trying **Lay's Flamin' Hot Potato Chips** for some spicy crunch, or **Goldfish Cheddar Crackers** for a cheesy, kid-friendly option. If you're looking for something sweet, **M&M's Milk Chocolate Candies** or **Haribo Goldbears Gummy Bears** are always a hit. 

For a healthier fun snack, consider **Nature's Bakery Fig Bars** or **Annie's Organic Bunny Grahams**. Would you like suggestions based on any specific dietary preferences or flavor profiles?",positive,Lay's; Goldfish; M&M's; Haribo; Nature's Bakery; Annie's Organic
31,"That sounds like a great idea! For a fun and tasty snack to enjoy with your kids, I recommend trying **Lay's Stax Potato Crisps**. They come in fun, stackable cans and are easy for little hands to hold. If your kids enjoy sweet treats, you might also like **Haribo Goldbears Gummy Bears**, which are colorful and delicious. 

For a healthier option, consider **Nature's Bakery Fig Bars** — they’re delicious, portable, and made with real fruit. If you're looking for something more indulgent, **Cookie Crisp Cereal** by General Mills is a fun, cereal snack that kids love.

Would you like suggestions tailored to any specific dietary preferences or snack types?",positive,Lay's Stax; Haribo Goldbears; Nature's Bakery; Cookie Crisp; General Mills
32,"That sounds great! For a fun and tasty snack to enjoy with your kids, I recommend the **Pirate's Booty Aged White Cheddar**. It's a cheesy, crunchy puffed rice snack that kids love, and it's a healthier alternative to traditional chips. 

If you're looking for something sweet, try **Haribo Goldbears Gummy Bears**. They're colorful, chewy, and always popular with kids.

For a mix of both, you might enjoy **Cheddar & Pretzel Mix by NatureBox** — a tasty combination of cheesy crackers and pretzels.

Would you like snack ideas that are allergy-friendly, organic, or perhaps something specific to your kids' tastes?",positive,Pirate's Booty; Haribo; NatureBox
33,"A fun and tasty snack for kids could be the **Haribo Goldbears Gummy Bears**. They come in colorful bear shapes and are a classic favorite among children. If you're looking for something a bit healthier but still fun, consider **Annie's Organic Bunny Fruit Snacks**—they come in adorable bunny shapes and are made with organic ingredients. Both options are kid-friendly and sure to make snack time enjoyable!",positive,Haribo; Annie's Organic
34,"A fun and tasty snack for kids could be the **Lay's Flamin' Hot Potato Chips** for a spicy kick or the **Frito-Lay Doritos Nacho Cheese Tortilla Chips** for cheesy crunch. If you're looking for something sweet, consider the **Haribo Goldbears Gummy Bears** or **Skittles** for colorful, fruity fun. For a healthier option, try **Annie's Organic Bunny Grahams** or **Veggie Straws from Terra**. Let me know if you'd like more specific recommendations based on your kids' tastes!",positive,Lay's; Frito-Lay; Doritos; Haribo; Skittles; Annie's; Terra
35,"That sounds great! For a fun and kid-friendly snack, I recommend trying **Goldfish Crackers** by Pepperidge Farm. They come in various fun shapes and flavors like Cheddar and Colors, which are sure to delight your kids. 

Another fun option is **Fruit by the Foot** by General Mills, which offers a colorful, chewy fruit snack that kids love. 

If you're looking for something a bit healthier but still fun, consider **Annie's Organic Bunny Fruit Snacks**—they're made with organic ingredients and have adorable bunny shapes.

Would you like more options or specific dietary considerations?",positive,Goldfish Crackers; Pepperidge Farm; Fruit by the Foot; General Mills; Annie's Organic Bunny Fruit Snacks
36,"A fun and delicious snack to enjoy with your kids is the **Haribo Goldbears Gummy Bears**. They come in bright colors and fruity flavors, making snack time both tasty and visually appealing. If you're looking for something a bit more interactive, you might try **Fruit by the Foot** by General Mills, which is a fun, chewy fruit snack that kids love to roll up and eat. For a healthier option, consider **Annie's Organic Bunny Fruit Snacks**, which are made with organic ingredients and fun bunny shapes. Would you like suggestions for specific dietary preferences or snack types?",positive,Haribo; General Mills; Annie's
37,"A fun snack for kids could be **Goldfish Crackers** by Pepperidge Farm. They come in fun shapes and flavors like Cheddar or Whole Grain, making snack time both tasty and entertaining. Another great option is **Fruit by the Foot** by General Mills — a colorful, chewy fruit snack kids love. For a healthier yet fun choice, try **Mini Babybel Cheese** rounds; they’re portable, cheesy, and perfect for little hands. Would you like some ideas for themed snack packs or specific dietary options?",positive,Goldfish Crackers; Pepperidge Farm; Fruit by the Foot; General Mills; Mini Babybel Cheese
38,"A fun and tasty snack for kids is the **Oreos Original Sandwich Cookies**. They come in the classic chocolate and cream flavor, which kids love. For a slightly healthier option, you might try **Annie's Bunny Grahams** in the Honey flavor—they're crunchy, sweet, and made with real ingredients. 

If you're interested in something more interactive, consider **Froot Loops Cereal Snacks** by Kellogg's, which are colorful and fun to eat. Would you like suggestions for healthier options or snacks suitable for specific dietary needs?",positive,Oreos; Annie's; Froot Loops; Kellogg's
39,"A fun and tasty snack to enjoy with your kids is the **Goldfish Crackers** by Pepperidge Farm. They come in various fun shapes and flavors like Cheddar and Colors, making snack time both delicious and entertaining. Another popular option is **Fruit Roll-Ups** by General Mills—these fruity, chewy snacks are perfect for kids and come in colorful designs. If you're looking for something sweet, consider **Mini Oreos** by Nabisco—they're always a hit! Would you like suggestions for healthy snacks or more fun treat options?",positive,Goldfish Crackers; Pepperidge Farm; Fruit Roll-Ups; General Mills; Mini Oreos; Nabisco
40,"That sounds like a great idea! For a fun and kid-friendly snack, I recommend trying **Goldfish Baked Crackers** by Pepperidge Farm. They come in fun shapes and are available in various flavors like Cheddar, Colors, and Grahams, which kids usually love.

Another popular choice is **Oreos** by Nabisco—classic and always a hit with kids for dunking in milk or just snacking on their own.

If you're looking for something a little healthier but still fun, consider **Fruit Snacks** like **Welch's Fruit Snacks** or **Nature's Bakery Fig Bars**.

Would you like suggestions based on any specific dietary preferences or flavors?",positive,Goldfish Baked Crackers; Pepperidge Farm; Oreos; Nabisco; Welch's Fruit Snacks; Nature's Bakery
41,"A fun snack for kids could be **Fruit by the Foot** by General Mills, which offers colorful, fruity rolls that kids love to unroll and eat. Another popular option is **Mini Oreo Cookies** by Nabisco, perfect for a sweet treat. For a healthy yet fun option, try **GoGo squeeZ** Applesauce Pouches, which are portable and come in various flavors. If you're interested in something more interactive, **Rice Krispies Treats** by Kellogg’s are easy to make at home or you can buy pre-packaged ones. Would you like suggestions for specific dietary needs or themes?",positive,Fruit by the Foot; General Mills; Mini Oreo Cookies; Nabisco; GoGo squeeZ; Rice Krispies Treats; Kellogg’s
42,"That sounds like a great idea! For a fun and tasty snack to enjoy with your kids, I recommend trying **Goldfish Crackers by Pepperidge Farm**. They come in fun shapes and delicious flavors like Cheddar, and they’re perfect for snacking. 

If you're looking for something a bit sweeter, **Haribo Goldbears Gummies** are always a hit with kids—they're colorful, chewy, and come in fruity flavors.

Another fun option could be **Fruit by the Foot** by General Mills—it's a playful, fruit-flavored snack that kids love to unroll and enjoy.

Would you like suggestions based on a specific type of snack or dietary preferences?",positive,Goldfish Crackers; Pepperidge Farm; Haribo Goldbears Gummies; Fruit by the Foot; General Mills
43,"A fun snack for kids could be the **Goldfish Cheddar Crackers** by Pepperidge Farm. They're flavorful, cheesy, and come in fun shapes that kids love. Another popular option is **Fruit Roll-Ups** by Smucker's, which are colorful and tasty fruit snacks. If you're looking for something a bit healthier, try ** Annie's Organic Bunny Fruit Snacks** — they're fun, fruity, and made with organic ingredients. Would you like suggestions for specific dietary preferences or any other type of snack?",positive,Pepperidge Farm; Smucker's; Annie's
44,"That sounds great! A fun snack your kids might enjoy is the **Pirouline Chocolate Filled Rolled Wafers**. They come in a fun, cylindrical shape and have a delicious chocolate filling that kids love. 

Another popular option is **Goldfish Crackers** by Pepperidge Farm—especially the **Cheddar Goldfish**—they're cheesy, crunchy, and perfect for snacking.

If you're looking for something a bit sweeter, you might try **Little Debbie Cosmic Brownies** or **Welch's Fruit Snacks** for a fruity, chewy treat.

Would you like something more savory or sweet?",positive,Pirouline; Goldfish; Pepperidge Farm; Little Debbie; Welch's
45,"That sounds like a great idea! For a fun snack with kids, I recommend trying **Pirouline Rolled Wafers**. They come in fun flavors like chocolate and hazelnut, and their rolled shape makes them easy to handle and enjoy. 

Another popular option is **Goldfish Crackers** by Pepperidge Farm, which are cheesy, crunchy, and perfect for snacking. If your kids love something sweet, **Haribo Goldbears** gummy bears are always a hit.

Would you like some healthier options or snacks suitable for specific dietary needs?",positive,Pirouline; Goldfish; Pepperidge Farm; Haribo
46,"A fun and tasty snack for kids is the **Haribo Goldbears Gummy Bears**. They come in bright colors and fruity flavors that kids love. If you're looking for something a bit healthier but still fun, you might try **Annie's Organic Bunny Fruit Snacks**, which are colorful, fruit-flavored, and made with organic ingredients. Both options are great for a quick, enjoyable treat!",positive,Haribo; Annie's Organic
47,"A fun and tasty snack to enjoy with your kids is the **Goldfish Crackers** by Pepperidge Farm. They come in fun shapes and delicious flavors like Cheddar and Parmesan, making snack time both enjoyable and satisfying. Another great option is the **Welch's Fruit Snacks**, which are fruity, chewy, and come in colorful, kid-friendly packaging. If you're looking for something a bit healthier, you might also consider **Veggie Chips** from brands like Cape Cod, which add a fun crunch while including some vegetables.",positive,Goldfish Crackers; Pepperidge Farm; Welch's Fruit Snacks; Veggie Chips; Cape Cod
48,"That sounds great! For a fun and kid-friendly snack, I recommend trying **Goldfish Crackers** by Pepperidge Farm—they come in fun shapes and flavors like Cheddar and Color Blasts. Another popular option is **Animal Crackers** by Barnum's, which are always a hit with kids. 

If you're looking for something sweet, **Nature's Bakery Fig Bars** or **Welch’s Fruit Snacks** are tasty and portable. For a fun twist, you might also consider **Cheez-It Crackers** by Kellogg’s or **Mini Pretzels** by Snyder’s of Hanover.

Would you like suggestions based on any specific dietary preferences or snack types?",positive,Goldfish Crackers; Pepperidge Farm; Animal Crackers; Barnum's; Nature's Bakery; Welch’s; Cheez-It Crackers; Kellogg’s; Mini Pretzels; Snyder’s of Hanover
49,"That sounds great! For a fun and tasty snack to enjoy with your kids, I recommend trying **Frito-Lay Doritos Nacho Cheese Chips** for a crunchy, cheesy treat. If you're looking for something sweeter, **Haribo Goldbears Gummy Bears** are always a hit with kids. 

For a healthier option, you might enjoy **Annie's Organic Bunny Fruit Snacks**, which are colorful and fun to eat. 

Would you like more specific recommendations based on dietary preferences or snack type?",positive,Frito-Lay; Doritos; Haribo; Annie's Organic
50,"A fun and tasty snack to enjoy with your kids is the **Goldfish Cheddar Crackers** by Pepperidge Farm. They are colorful, cheesy, and have a fun fish shape that kids love. Another great option is **Fruit Roll-Ups** by General Mills, which come in bright, fruity flavors and are fun to unroll and eat. For a healthier choice, try **Nature's Bakery Fig Bars**—they're delicious, chewy, and packed with fruit. Would you like more suggestions or specific dietary options?",positive,Goldfish; Pepperidge Farm; Fruit Roll-Ups; General Mills; Nature's Bakery
51,"A fun and tasty snack to enjoy with your kids is PopCorners’ **Kettle Corn Popcorn Chips**. They’re crispy, sweet, and have a satisfying crunch that kids love. Another great option is **Goldfish Crackers** by Pepperidge Farm, especially the Cheddar or color varieties—they're fun to eat and come in various shapes that kids find entertaining. For a fruity treat, try **Welch’s Fruit Snacks**—they're colorful, flavorful, and perfect for snacking. Would you like suggestions for healthier options or specific dietary considerations?",positive,PopCorners; Goldfish; Pepperidge Farm; Welch’s
52,"That sounds like a great idea! For a fun and kid-friendly snack, I recommend trying **Goldfish Crackers** by Pepperidge Farm—they come in fun shapes and a variety of flavors like Cheddar and Colors. Another popular choice is **Fruit by the Foot** by General Mills for a sweet, chewy treat. If you're looking for something a bit healthier but still fun, **Veggie Straws** by Lay's are colorful and crunchy. Would you like suggestions for sweet, savory, or healthier options?",positive,Pepperidge Farm; General Mills; Lay's
53,"A fun snack for kids that’s both tasty and entertaining is the **Welch’s Fruit Snacks**. They come in colorful, fun shapes and flavors like strawberry, fruit punch, and grape, making snack time exciting. 

If you're looking for something a bit more interactive, you might enjoy **Goldfish Crackers** by Pepperidge Farm. They come in fun shapes and flavors like Cheddar, and kids love them for their cheesy crunch.

For a healthier, yet fun option, try **Annie's Organic Bunny Fruit Snacks**. They are made with organic ingredients and come in adorable bunny shapes.

Would you like suggestions for specific dietary needs or flavors?",positive,Welch’s Fruit Snacks; Goldfish Crackers; Pepperidge Farm; Annie's Organic Bunny Fruit Snacks
54,"A fun and tasty snack for kids could be the **Lay's Funyun Onion Flavored Rings** — they have a crunchy texture and a savory flavor that kids love. For a sweet option, you might enjoy **M&M's Chocolate Candies** or **Haribo Goldbears Gummy Bears**, which are colorful and fun to eat. 

If you're looking for something a bit healthier but still fun, try **Goldfish Cheddar Crackers** from Pepperidge Farm—they're cheesy, crunchy, and kid-friendly. 

Would you like snack options that are allergy-friendly or suitable for specific dietary needs?",positive,Lay's; M&M's; Haribo; Goldfish; Pepperidge Farm
55,"That sounds great! For a fun and kid-friendly snack, I recommend trying Nature's Bakery Fig Bars. They come in delicious flavors like raspberry and blueberry, and their chewy texture is always a hit with kids. 

Another fun option could be Cheez-It Crackers by Kellogg's—especially the Cheez-It Snap'd variety for a crunchy, cheesy snack. 

If you're looking for something sweet and colorful, you might enjoy Skittles by Mars—bright, fruity candies that kids love. 

Would you like gluten-free options, healthier choices, or something more specific?",positive,Nature's Bakery; Kellogg's; Cheez-It; Mars; Skittles
56,"That sounds like a great idea! For a fun and kid-friendly snack, I recommend trying **Goldfish Crackers** by Pepperidge Farm. They come in various fun flavors like Cheddar and Colors, and their fun fish shape makes snack time exciting for kids. 

If you're looking for something sweeter, **Fruit Snacks by Annie's Organic** are a healthy and tasty option, featuring fun shapes and natural fruit flavors. 

For a crunchy, savory snack, **Pirate's Booty Aged White Cheddar** is a delicious puffed rice and corn snack that kids love.

Would you like suggestions for allergy-friendly options or specific flavor preferences?",positive,Goldfish Crackers; Pepperidge Farm; Annie's Organic; Fruit Snacks; Pirate's Booty Aged White Cheddar
57,"That sounds like a great idea! For a fun snack to enjoy with your kids, I recommend trying the **Goldfish Crackers** by Pepperidge Farm. They come in various fun shapes and flavors like Cheddar or Colors, which are sure to delight kids. 

Another fun option is **Fruit Gushers** by General Mills, which are fruity, chewy candies with a surprise center—kids love them! 

If you're looking for a healthier but still fun snack, consider **Annie's Organic Bunny Fruit Snacks**. They come in adorable bunny shapes and are made with organic ingredients.

Would you like suggestions for specific dietary needs or age-appropriate options?",positive,Pepperidge Farm; General Mills; Annie's
58,"That sounds like a great idea! For a fun and kid-friendly snack, I recommend trying **Goldfish Crackers by Pepperidge Farm**—they come in fun shapes and various flavors like Cheddar, Color Blasted, or Pretzel. Another popular option is **Fruit Roll-Ups by General Mills**, which are colorful and easy to enjoy on the go. If you're looking for something sweet, **Oreos by Nabisco** are always a hit, especially if you want to make a mini Oreo sandwich or dip them in milk. Would you like suggestions for healthier options or more indulgent treats?",positive,Goldfish Crackers; Pepperidge Farm; Fruit Roll-Ups; General Mills; Oreos; Nabisco
59,"A fun and tasty snack for kids is the **Goldfish Crackers** by Pepperidge Farm. They come in various fun shapes and flavors like Cheddar, Colors (cheese crackers in rainbow colors), and Flavor Blasted. They're crunchy, cheesy, and loved by kids for their playful shapes.

Another great option is **Fruit Snacks** like the **Welch's Fruit Snacks** or **Sour Patch Kids** for a sweet treat. If you're looking for something more interactive, you might enjoy **Nature Valley Granola Bars** or **Kellogg's Pop-Tarts** for a quick, fun snack.

Would you like suggestions for healthy snacks, sweet options, or something specific?",positive,Goldfish Crackers; Pepperidge Farm; Welch's Fruit Snacks; Sour Patch Kids; Nature Valley; Kellogg's Pop-Tarts
60,"That sounds like a great idea! For a fun and kid-friendly snack, I recommend trying **Goldfish Crackers by Pepperidge Farm**. They come in various fun shapes and flavors like Cheddar or Parmesan, and kids usually love their cheesy taste.

Another popular option is **Fruit by the Foot** or **Fruit Roll-Ups** by General Mills, which are colorful and chewy fruit snacks that kids find exciting.

If you're looking for something a bit healthier but still fun, consider **Nature's Bakery Fig Bars** or **Annie's Organic Bunny Fruit Snacks**.

Would you like suggestions for specific flavors or other types of snacks?",positive,Goldfish Crackers; Pepperidge Farm; Fruit by the Foot; Fruit Roll-Ups; General Mills; Nature's Bakery; Annie's Organic
61,"A fun and tasty snack for kids could be the **Lay's Funyun Onion Flavored Rings**—they're crunchy, flavorful, and sure to bring a smile to their faces. Alternatively, you might enjoy **Goldfish Cheddar Crackers** by Pepperidge Farm, which are cheesy, fun-shaped, and perfect for snacking. For a healthier option, consider **Annie's Organic Bunny Grahams**—they're adorable, sweet, and made with organic ingredients. Would you like suggestions for snacks that are allergy-friendly or have a specific flavor preference?",positive,Lay's; Goldfish; Pepperidge Farm; Annie's Organic
62,"A fun and tasty snack for kids could be the **Goldfish Crackers by Pepperidge Farm**. They're colorful, cheesy, and easy to munch on, making them perfect for kids. Another great option is **Fruit Snacks like Welch’s Fruit Snacks or Annie’s Organic Bunny Fruit Snacks**—they come in fun shapes and flavors that kids love. 

If you're looking for something a bit more interactive, consider **Cheetos Puffs** or **Doritos Nacho Cheese** for a crunchy, cheesy treat. For a healthier option, try **Annie’s Organic Bunny Crackers** or **Veggie Straws by Cape Cod**.

Would you like suggestions for specific dietary needs or snack types?",positive,Goldfish Crackers; Pepperidge Farm; Welch’s Fruit Snacks; Annie’s Organic Bunny Fruit Snacks; Cheetos Puffs; Doritos Nacho Cheese; Annie’s Organic Bunny Crackers; Veggie Straws; Cape Cod
63,"A fun snack for kids could be the **Goldfish Cheddar Crackers** by Pepperidge Farm. They're cheesy, crispy, and come in fun shapes that kids love. Another great option is the **Welch's Fruit Snacks** — they come in colorful, fun packaging and are made with real fruit. 

If you're looking for something sweet, the **Haribo Goldbears Gummy Bears** are always a hit, or you might enjoy **Skittles** for a burst of fruity flavor.

Would you like some healthy snack options or more indulgent treats?",positive,Goldfish Cheddar Crackers; Pepperidge Farm; Welch's Fruit Snacks; Haribo Goldbears Gummy Bears; Skittles
64,"A fun snack for kids could be the **Pirate's Booty Aged White Cheddar** popcorn puffs. They have a cheesy flavor that kids love, and the fun, pirate-themed packaging makes snack time more exciting. 

Another great option is the **Fruit by the Foot** fruit snack rolls from General Mills. They come in colorful, fun shapes and flavors that kids enjoy, making snack time both tasty and playful.

If you're looking for something sweet, the **Welch's Fruit Snacks** with characters on the packaging are always a hit, and they're made with real fruit.

Would you like some options for healthier snacks or perhaps treats for special occasions?",positive,Pirate's Booty; General Mills; Fruit by the Foot; Welch's
65,"A fun and tasty snack for kids could be the **Froot Loops Cereal** by Kellogg's. It’s colorful, sweet, and perfect for a playful snack time. If you're looking for something portable and easy to enjoy on-the-go, you might also try **Skittles Original Fruit Candy** by Mars, which adds a burst of fruity flavor and vibrant colors.

For a healthier option that still feels fun, consider **Crunchmaster Multi-Grain Crackers** or **Pirate's Booty Aged White Cheddar Puffed Rice Snacks**. Both are delicious and kid-friendly.

Would you like a specific recipe or snack idea using these products?",positive,Kellogg's; Mars; Crunchmaster; Pirate's Booty
66,"That sounds like a great idea! For a fun snack with kids, I recommend trying **Goldfish Cheddar Crackers** by Pepperidge Farm. They are colorful, cheesy, and always a hit with kids. 

Another fun option is **Fruit Snacks** like **Welch's Fruit Snacks** or **Haribo Goldbears Gummy Bears** — both are tasty and come in fun shapes that kids love.

If you're looking for something a bit healthier but still fun, you might enjoy **Veggie Chips** like **Simply 7 Snacks Lentil Chips** or **Bare Organic Veggie Chips**.

Would you like suggestions for a specific type of snack or any dietary considerations?",positive,Goldfish Cheddar Crackers; Pepperidge Farm; Welch's Fruit Snacks; Haribo Goldbears Gummy Bears; Simply 7 Snacks Lentil Chips; Bare Organic Veggie Chips
67,"That sounds like a great idea! For a fun snack with kids, I recommend trying **Lay's Stax Potato Crisps** for a crunchy, mess-free option. If you're looking for something sweet, **Haribo Goldbears Gummies** are always a hit. For a healthier but still fun choice, **Annie's Organic Bunny Grahams** are delicious and come in fun bunny shapes. Would you like more options or specific dietary considerations?",positive,Lay's Stax; Haribo Goldbears; Annie's Organic
68,"That sounds great! A fun snack for kids could be the **Lay's Funyun Onion Flavored Rings**—they're crunchy and flavorful, and kids usually love them. For a healthier option, you might try **Annie's Organic Bunny Fruit Snacks**, which are colorful and sweet, making snack time more exciting. 

If you're interested in a sweet treat, **Haribo Goldbears Gummy Bears** are always a hit with kids. For something interactive and fun, consider **Snack Factory Pretzel Crisps** with some kid-friendly dips like hummus or cheese.

Would you like suggestions for specific dietary needs or themes, like gluten-free or organic options?",positive,Lay's; Annie's Organic; Haribo; Snack Factory
69,"A fun snack for kids could be **Pirate’s Booty Aged White Cheddar Puffed Rice & Corn Snacks**. They are cheesy, crispy, and shaped in fun, pirate-themed puffs that kids love. 

Another great option is **Fruit by the Foot** by Betty Crocker—these colorful, fruity roll-ups are both tasty and entertaining to eat. 

If you're interested in something healthier but still fun, try **Bear Yoyo Fruit Snacks** by Hero—these chewy, fruit-flavored snacks come in various fun shapes and are made with real fruit.

Would you like me to recommend more options or specific brands?",positive,Pirate’s Booty; Betty Crocker; Bear
70,"A fun snack to enjoy with your kids is the **Nature's Bakery Fig Bar**. They come in delicious flavors like raspberry, blueberry, and peanut butter, and have a soft, chewy texture that kids love. Another great option is **Goldfish Crackers** by Pepperidge Farm, especially the Cheddar or Pretzel varieties, which are crunchy and flavorful. For a sweet treat, try **Haribo Goldbears Gummy Bears**—they're colorful, chewy, and always a hit with kids. Would you like suggestions for healthier snacks or more indulgent treats?",positive,Nature's Bakery; Goldfish; Pepperidge Farm; Haribo
71,"A fun and tasty snack for kids could be the **Lay's Stax Potato Chips** or **Cheetos Crunchy Flamin' Hot** for a crispy, cheesy treat. If you're looking for something sweet, consider **Haribo Goldbears Gummies** or **Skittles Original**. For a healthier option, try **Annie's Organic Bunny Fruit Snacks** or **Blue Diamond Almonds**. Would you like snack ideas that are allergy-friendly or specific to certain flavors?",positive,Lay's Stax; Cheetos; Haribo Goldbears; Skittles; Annie's Organic; Blue Diamond
72,"That sounds like a great idea! For a fun and kid-friendly snack, I recommend trying **Goldfish Crackers** by Pepperidge Farm, especially the **Goldfish Colors** or **Goldfish Cheddar**. They come in fun shapes and are loved by kids for their cheesy flavor.

Another fun option is **Fruit Snacks** like **Welch's Fruit Snacks** or **Haribo Goldbears Gummy Bears**, which are sweet, chewy, and colorful.

If you're looking for something a little healthier but still fun, you might enjoy **Annie's Organic Bunny Fruit Snacks** or **Crunchmaster Veggie Thins** for a crunchy, nutritious option.

Would you like suggestions based on any specific dietary preferences or flavors?",positive,Goldfish Crackers; Pepperidge Farm; Welch's Fruit Snacks; Haribo Goldbears Gummy Bears; Annie's Organic; Crunchmaster
73,"A fun and tasty snack for kids is the **Goldfish Colors Crackers** by Pepperidge Farm. They come in bright, cheerful colors and are shaped like fish, making snack time both delicious and entertaining. Another great option is **Fruit by the Foot** by General Mills, which is a fruity, fun-to-eat rolled snack that kids love. If you're looking for something a bit healthier, try **Mini Babybel Cheese** for a cute, portable cheese snack. Would you like options that are allergy-friendly or specific to certain dietary preferences?",positive,Pepperidge Farm; General Mills; Mini Babybel
74,"That sounds like a great idea! For a fun and tasty snack to enjoy with your kids, I recommend trying **Goldfish Crackers** by Pepperidge Farm. They come in fun shapes and flavors like Cheddar or Whole Grain, making snack time both enjoyable and somewhat nutritious.

If you're looking for something sweet, **Nature Valley Granola Bars** or **Oreos** by Nabisco are always a hit with kids. For a healthier option, you might consider **Annie's Organic Bunny Fruit Snacks** or **Danimals Yogurt Tubes**.

Would you like suggestions for specific dietary needs or preferences?",positive,Goldfish Crackers; Pepperidge Farm; Nature Valley Granola Bars; Oreos; Nabisco; Annie's Organic Bunny Fruit Snacks; Danimals Yogurt Tubes
75,"That sounds great! A fun snack for kids could be the **Lay's Doritos Nacho Cheese Flavored Tortilla Chips**. They are colorful, flavorful, and always a hit with kids. For a sweet option, you might try **Haribo Goldbears Gummy Bears**, which are fruity and chewy. If you're looking for something healthier but still fun, **Annie's Bunny Fruit Snacks** are colorful, tasty, and made with natural ingredients. Would you like more suggestions or specific dietary options?",positive,Lay's; Doritos; Haribo; Annie's
76,"That sounds like a great idea! If you're looking for a fun and kid-friendly snack, I recommend trying **Lay's Stax Potato Crisps** for a crunchy experience, or **Goldfish Cheddar Crackers** for a cheesy, savory snack. 

For something a bit sweeter, **Haribo Goldbears** gummy bears are always a hit with kids, or you could try **Welch's Fruit Snacks** for a fruity, chewy treat.

If you're interested in a healthier option, **Annie's Bunny Grahams** or **Veggie Straws by Sensible Portions** are tasty and fun to eat.

Would you like some ideas based on any specific preferences or dietary considerations?",positive,Lay's Stax; Goldfish; Haribo; Welch's; Annie's; Sensible Portions
77,"A fun and tasty snack for kids could be the ""Lay's Doritos Nacho Cheese Flavored Tortilla Chips."" They're flavorful and crunchy, making snack time exciting. If you're looking for something sweet, you might try ""Haribo Goldbears"" gummy bears—colorful and chewy fun! For a healthy twist, consider ""Annie's Organic Bunny Fruit Snacks,"" which are both fun and nutritious. Would you like more options or specific dietary considerations?",positive,Lay's; Doritos; Haribo; Annie's Organic
78,"A fun snack for kids could be the **Goldfish Crackers by Pepperidge Farm**—they come in fun shapes and tasty flavors like Cheddar or Whole Grain. Another great option is **Fruit Snacks by Welch’s**—they’re colorful, fruity, and appealing to kids. If you’re looking for something a bit more interactive, try **Fruit Roll-Ups by General Mills**—kids love unrolling and eating them! Would you like suggestions for healthier options or something more indulgent?",positive,Pepperidge Farm; Welch’s; General Mills
79,"A fun and popular snack for kids is the **Fruit by the Foot** by General Mills. It's a colorful, chewy fruit snack that kids love to unroll and enjoy. Another great option is **Goldfish Crackers** by Pepperidge Farm — they come in fun shapes and flavors like Cheddar that kids find tasty and entertaining. For a sweet treat, you might try **Haribo Goldbears** gummy bears, which are fruity and fun to eat. Would you like suggestions for healthier options or specific dietary preferences?",positive,Fruit by the Foot; General Mills; Goldfish Crackers; Pepperidge Farm; Haribo Goldbears
80,"A fun and tasty snack to enjoy with your kids is the Goldfish Crackers by Pepperidge Farm. They come in a variety of fun shapes and flavors, like Cheddar or Colors, and are a kid-favorite for their cheesy crunch and playful designs. Another great option is the Welch's Fruit Snacks, which are fruity, colorful, and individually packaged for easy sharing. If you're looking for something a bit healthier, you might also consider Annie's Organic Bunny Grahams—they are adorable, tasty, and made with organic ingredients. Would you like more suggestions or specific flavor options?",positive,Goldfish Crackers; Pepperidge Farm; Welch's Fruit Snacks; Annie's Organic Bunny Grahams
81,"That sounds like a great idea! Here are some fun and kid-friendly snacks you might enjoy:

1. **Goldfish Crackers** – Pepperidge Farm Goldfish Cheddar Crackers are a classic and fun snack with their fish shape and cheesy flavor.
2. **Fruit Snacks** – Annie's Organic Bunny Fruit Snacks are colorful, fruity, and made with organic ingredients.
3. **Popcorn** – Pop Secret Buttered Popcorn or Smartfood White Cheddar Popcorn are tasty options that kids love.
4. **Yogurt Tubes** – GoGo squeeZ Applesauce + Fruit or Danone YoCrunch Yogurt with Mix-ins make for a portable and fun snack.
5. **Chocolate-Covered Snacks** –",positive,Pepperidge Farm; Annie's; Pop Secret; Smartfood; GoGo squeeZ; Danone
82,"A fun and tasty snack to enjoy with your kids is the **Oreo Original Sandwich Cookies**. They come in fun packaging and are loved by kids for their creamy filling and crispy chocolate biscuits. 

For a slightly healthier but still fun option, you might consider **Annie's Organic Bunny Fruit Snacks**. They come in colorful packaging and are a great way to satisfy sweet cravings with some fruit content.

If you're looking for something interactive, the **Kit Kat Minis** are perfect for sharing and have that satisfying crunch with chocolate. 

Would you like suggestions for specific dietary needs or themes (like gluten-free, organic, or themed packaging)?",positive,Oreo; Annie's; Kit Kat
83,"That sounds great! For a fun snack to enjoy with your kids, I recommend trying the **Lay's Disney Mickey Mouse Potato Chips**. They come in a colorful, themed packaging and are a tasty, crispy treat that kids love. 

Another fun option is **Goldfish Colors** by Pepperidge Farm — they come in vibrant, rainbow-colored shapes that make snacking more playful. 

If you're looking for something sweet, **Haribo Goldbears Gummies** are a classic favorite that's both fun and delicious.

Would you like more suggestions based on dietary preferences or snack type?",positive,Lay's; Disney; Mickey Mouse; Goldfish; Pepperidge Farm; Haribo
84,"A fun and tasty snack to enjoy with your kids is the **M&M's Chocolate Candies**. They come in a variety of colors and are perfect for sharing. For a more interactive treat, you might also like **Cheetos Flamin' Hot Puffs** or **Goldfish Grahams** — both are crunchy and kid-friendly. If you're looking for a fruity option, **Welch's Fruit Snacks** are a great choice. Let me know if you'd like more specific recommendations based on dietary preferences or snack types!",positive,M&M's; Cheetos; Goldfish; Welch's
85,"That sounds great! For a fun and tasty snack to enjoy with your kids, I recommend trying **Goldfish Star Snacks** by Pepperidge Farm. They are cheesy, crunchy, and come in fun shapes that kids love. 

If you're looking for something a bit sweeter, **Haribo Goldbears** gummy bears are always a hit with kids and come in a variety of flavors. 

For a healthier option, consider **Annie's Organic Bunny Fruit Snacks**, which are delicious and made with organic ingredients.

Would you like more suggestions based on dietary preferences or specific flavors?",positive,Goldfish Star Snacks; Pepperidge Farm; Haribo Goldbears; Annie's Organic Bunny Fruit Snacks
86,"A fun snack to enjoy with your kids is the **Nature's Path EnviroKidz Gorilla Munch Organic Cereal**. It's a sweet, crunchy cereal made with organic ingredients, shaped like little gorillas and perfect for snacking. 

Another great option is the **Haribo Goldbears Gummy Bears**, which are colorful, chewy, and always a hit with kids. 

If you're looking for something savory, consider **Pirate's Booty Aged White Cheddar Puff Curls**—they're cheesy, light, and fun to eat.

Would you like more suggestions or options for specific dietary preferences?",positive,Nature's Path; EnviroKidz; Haribo; Pirate's Booty
87,"That sounds great! For a fun and kid-friendly snack, I recommend trying **Goldfish Crackers** by Pepperidge Farm. They come in fun shapes and flavors like Cheddar and Pretzel, which kids usually love. 

Another fun option is **Fruit Gushers** by General Mills — these fruity snacks are colorful and burst with flavor, making snack time exciting. 

If you're looking for something a bit healthier but still fun, **Veggie Straws** by Sensible Portions are a crunchy, colorful alternative that kids enjoy.

Would you like suggestions based on specific dietary needs or preferences?",positive,Goldfish Crackers; Pepperidge Farm; Fruit Gushers; General Mills; Veggie Straws; Sensible Portions
88,"A great fun snack for kids is the **Fruity Pebbles Cereal** by Post. It's colorful, sweet, and crunchy—perfect for snacking and adding a bit of excitement to snack time. 

Alternatively, you might enjoy **Goldfish Cheddar Crackers** by Pepperidge Farm. They are cheesy, crispy, and always a hit with kids.

If you're looking for something sweet and portable, try **M&M's Peanut Chocolate Candies** by Mars—they're colorful, fun to eat, and loved by many children.

Would you like more options or specific dietary considerations?",positive,Post; Pepperidge Farm; Mars
89,"That sounds like a great idea! For a fun and tasty snack to enjoy with your kids, I recommend trying **Goldfish Crackers** by Pepperidge Farm. They come in a variety of fun flavors like Cheddar, Parmesan, and even sweet options like Graham.

If you're looking for something a bit more interactive, you might enjoy **Cheetos Puffs** or **Cheetos Flamin' Hot** by Frito-Lay—they're crunchy and flavorful, and kids usually love their cheesy taste.

For a healthier option, consider **Veggie Chips by Terra** or **Simply 7 Lentil Chips**—they come in fun flavors and are a good way to sneak in some extra veggies or protein.

Would you like some recipes",positive,Goldfish Crackers; Pepperidge Farm; Cheetos Puffs; Cheetos Flamin' Hot; Frito-Lay; Terra; Simply 7
90,"That sounds great! For a fun and kid-friendly snack, I recommend trying **Goldfish Crackers** by Pepperidge Farm. They come in fun shapes and flavors like Cheddar, Colors, and Pretzel. Another popular option is **Fruit by the Foot** from General Mills—it's a fruity, chewy snack kids love. If you're looking for something a bit healthier, **Annie's Organic Bunny Fruit Snacks** are colorful, tasty, and made with organic ingredients. Would you like more suggestions or specific dietary options?",positive,Goldfish Crackers; Pepperidge Farm; Fruit by the Foot; General Mills; Annie's Organic
91,"That sounds like a great idea! For a fun snack with kids, I recommend trying **Goldfish Cheddar Crackers** by Pepperidge Farm. They come in fun shapes and are always a hit with kids. 

If you're looking for something a bit more interactive, you might enjoy **Fruit Roll-Ups** by General Mills—these are colorful, fruity, and perfect for snacking or making fun shapes. 

For a healthy yet fun option, **Yogurt Pretzels** from Annie's Organic come coated in yogurt and offer a delicious crunch.

Would you like suggestions for a specific type of snack (sweet, savory, healthy), or any dietary considerations?",positive,Goldfish Cheddar Crackers; Pepperidge Farm; Fruit Roll-Ups; General Mills; Yogurt Pretzels; Annie's Organic
92,"A fun and tasty snack to enjoy with your kids is the **Nature's Bakery Fig Bar**. They come in adorable packaging and come in flavors like strawberry, raspberry, and lemon, making snack time both delicious and visually appealing. 

Another great option is **Goldfish Crackers** by Pepperidge Farm. They come in fun shapes and flavors like Cheddar and Parmesan, perfect for kids to munch on.

For a sweet and colorful treat, you might try **Haribo Goldbears Gummy Bears**—they're fruity, chewy, and loved by kids of all ages.

Would you like healthier options, allergy-friendly suggestions, or snacks suitable for specific dietary needs?",positive,Nature's Bakery; Goldfish; Pepperidge Farm; Haribo
93,"That sounds great! For a fun and kid-friendly snack, I recommend trying the **Goldfish Crackers** by Pepperidge Farm. They come in various fun flavors like Cheddar, Grahams, and Flavor Blasted Xtra Cheddar. They are easy to munch on and perfect for kids.

Another popular choice is **Fruit Snacks** like the **Welch’s Fruit Snacks** or **Haribo Goldbears Gummy Bears** for a sweet treat.

If you're looking for something a bit healthier but still fun, consider **Veggie Straws** by Sensible Portions or **Rap Snacks** for unique flavored chips.

Would you like suggestions for specific dietary needs or preferences?",positive,Goldfish Crackers; Pepperidge Farm; Welch’s Fruit Snacks; Haribo; Sensible Portions; Rap Snacks
94,"That sounds like a great idea! For a fun and tasty snack to enjoy with your kids, I recommend trying **Goldfish Crackers** by Pepperidge Farm—specifically, their **Goldfish Cheddar Crackers**. They're cheesy, crunchy, and comes in fun shapes that kids love. 

If you're looking for something a bit sweeter, you might enjoy **Nature Valley Granola Bars**—like the **Nature Valley Oats 'n Honey** or **Cranberry Almond** bars—easy to pack and always a hit.

For a fun and colorful option, **Fruit by the Foot** or **Fruit Roll-Ups** by General Mills are also popular with kids and come in a variety of flavors and designs.

Would you like",positive,Goldfish Crackers; Pepperidge Farm; Nature Valley; Fruit by the Foot; Fruit Roll-Ups; General Mills
95,"A fun and tasty snack for kids could be the **Lay's Stax Original Potato Crisps** — they come in a fun, stackable container that makes snacking more playful. Another great option is **Haribo Goldbears Gummy Bears**, which are colorful and chewy, perfect for kids. If you're looking for something a bit healthier but still fun, try **Blue Diamond Almonds Bold Honey Roasted** — they have a sweet glaze and crunchy texture that kids often enjoy. Would you like suggestions for specific dietary needs or flavors?",positive,Lay's; Haribo; Blue Diamond
96,"That sounds like a great idea! For a fun snack to enjoy with your kids, I recommend trying **Goldfish Crackers** by Pepperidge Farm. They come in a variety of fun shapes and flavors like Cheddar, Colors, and Pretzel, making snack time both tasty and entertaining.

Another fun option is **Fruit by the Foot** by General Mills, which is a colorful, fruity snack that kids love to roll up and eat.

If you're looking for something a bit healthier but still fun, consider **Veggie Straws** by Calbee—they come in fun shapes and flavors like Sea Salt or Sour Cream & Onion.

Would you like snack ideas that are allergy-friendly or have specific flavor preferences?",positive,Goldfish Crackers; Pepperidge Farm; Fruit by the Foot; General Mills; Veggie Straws; Calbee
97,"A fun and tasty snack to enjoy with your kids is **Goldfish Crackers** by Pepperidge Farm. They come in various fun shapes and flavors like Cheddar, Colors, and Pretzel. Another great option is **Fruit by the Foot** by General Mills, which is a colorful, chewy fruit snack that kids love. For a healthier option, try **YumEarth Organic Fruit Snacks**, which are made with organic ingredients and come in fun shapes and flavors. These snacks are sure to make snack time enjoyable for your kids!",positive,Goldfish Crackers; Pepperidge Farm; Fruit by the Foot; General Mills; YumEarth Organic Fruit Snacks
98,"A fun and tasty snack for kids is the **Frito-Lay Lay's Classic Potato Chips** or **Doritos Nacho Cheese Chips**—both are popular and flavorful. For a healthier option, you might enjoy **Blue Diamond Almonds** or **Annie's Organic Bunny Fruit Snacks**. 

If you're looking for something sweet, **Haribo Goldbears Gummy Bears** or **Welch's Fruit Snacks** are always a hit. For a fun twist, consider **PopCorners Popcorn Chips** or **Pirate's Booty Aged White Cheddar**.

Would you like me to suggest a specific brand or type based on your kids' preferences?",positive,Frito-Lay; Lay's; Doritos; Blue Diamond; Annie's; Haribo; Welch's; PopCorners; Pirate's Booty
99,"A fun snack for kids could be the ""Lay's Stax Original Potato Crisps."" They come in fun, stackable cans that make snack time more exciting. Alternatively, you might enjoy ""Goldfish Cheddar Crackers"" by Pepperidge Farm, which are both tasty and fun to eat. If you're looking for something sweet, try ""M&M's Chocolate Candies"" or ""Haribo Goldbears Gummy Bears"" for a colorful and enjoyable treat. Let me know if you'd like more options or specific dietary considerations!",positive,Lay's; Goldfish; Pepperidge Farm; M&M's; Haribo
100,"That sounds great! For a fun and tasty snack to enjoy with your kids, I recommend trying **Goldfish Crackers** by Pepperidge Farm. They come in fun shapes and a variety of flavors like Cheddar and Parmesan, which kids love. 

Another popular option is **Annie's Organic Bunny Fruit Snacks**, which are fruity, colorful, and made with organic ingredients—perfect for a sweet treat. 

If you're looking for something a bit healthier but still fun, you could try **Hippeas Organic Chickpea Puffs** in flavors like White Cheddar or Vegan White Cheddar. They are crunchy, flavorful, and made with plant-based ingredients.

Would you like suggestions for specific dietary needs or preferences?",positive,Goldfish Crackers; Pepperidge Farm; Annie's Organic; Bunny Fruit Snacks; Hippeas Organic; Chickpea Puffs
101,"That sounds like a great idea! For a fun snack to enjoy with your kids, I recommend trying **Goldfish Baked Snack Crackers** by Pepperidge Farm. They come in fun shapes and flavors like Cheddar or Pretzel, making snack time both tasty and entertaining. 

Another fun option is **Fruit by the Foot** by General Mills, which is a colorful, chewy fruit snack that kids love. 

If you're looking for something sweet and playful, **Haribo Goldbears** gummy bears are always a hit. 

Would you like suggestions for healthier options or specific flavor preferences?",positive,Goldfish Baked Snack Crackers; Pepperidge Farm; Fruit by the Foot; General Mills; Haribo Goldbears
102,"That sounds like a great idea! For a fun snack to enjoy with your kids, I recommend trying **Goldfish Cheddar Crackers** by Pepperidge Farm. They are colorful, cheesy, and shaped like fish, which kids find really fun to eat. Another popular option is **Nature's Bakery Fig Bars**—they come in various flavors and are both tasty and a bit healthier. If you're looking for something sweet, **M&M's** by Mars are always a hit, or you could try **Reese's Peanut Butter Cups** by Hershey's for a delicious treat. Would you like suggestions for healthier snacks or specific dietary considerations?",positive,Goldfish; Pepperidge Farm; Nature's Bakery; M&M's; Mars; Reese's; Hershey's
103,"A fun snack for kids could be the **Goldfish Crackers by Pepperidge Farm**. They come in fun shapes and flavors like Cheddar, Colors, and Pretzel. Another great option is the **Annie's Organic Bunny Fruit Snacks**, which are colorful, tasty, and made with organic ingredients. For a sweet treat, try **Chocolate Chip Cookie Dough Bites by Biscoff** — they're bite-sized and delicious. Would you like gluten-free, organic, or allergy-friendly options?",positive,Goldfish Crackers; Pepperidge Farm; Annie's Organic; Bunny Fruit Snacks; Biscoff
104,"A fun and tasty snack to enjoy with your kids is the **Goldfish Baked Cheddar Crackers** by Pepperidge Farm. They come in fun shapes and are a classic favorite for children. If you're looking for something a bit more colorful, you might also enjoy **Skittles Original Fruit Candies** by Wm. Wrigley Jr. Company—it's a sweet, colorful treat that kids love. 

For a healthier option, consider **Annie's Organic Bunny Fruit Snacks**, which are fun, fruit-flavored, and made with organic ingredients. 

Would you like something savory, sweet, or perhaps a combination of both?",positive,Goldfish; Pepperidge Farm; Skittles; Wm. Wrigley Jr. Company; Annie's Organic
105,"That sounds like a great idea! For a fun and kid-friendly snack, I recommend trying **Pirate's Booty Aged White Cheddar Baked Rice and Corn Puffs**. They are crunchy, cheesy, and baked, making them a tasty and satisfying option. 

Another fun choice is **Goldfish Crackers**, especially the **Goldfish Cheddar Crackers** or the **Goldfish Colors Variety Pack**—they come in fun shapes and are loved by kids.

If you're looking for something sweet, you might enjoy **Welch's Fruit Snacks** or **Nature's Bakery Fig Bars** for a fruity, chewy treat.

Would you like suggestions for healthier options or specific dietary needs?",positive,Pirate's Booty; Goldfish; Welch's; Nature's Bakery
106,"A fun and popular snack for kids is the **Lay's Doritos Flamin' Hot Tortilla Chips**. They have a bold flavor that kids usually enjoy and are perfect for sharing. 

Another great option is **Goldfish Cheddar Crackers** by Pepperidge Farm—they're colorful, cheesy, and easy to munch on.

If you're looking for something sweet, consider **Haribo Goldbears Gummy Bears**—they're fruity, chewy, and always a hit with kids.

Would you like more options or suggestions for specific dietary needs?",positive,Lay's; Doritos; Pepperidge Farm; Goldfish; Haribo
107,"That sounds great! For a fun and tasty snack to enjoy with your kids, I recommend trying **Pirate's Booty Aged White Cheddar Puffed Corn**. It's a light, cheesy snack with a fun shape that kids love. 

Another popular option is **Lay's Doritos Nacho Cheese Chips**—they're crunchy, cheesy, and perfect for snacking. 

If you're looking for something sweet, **Haribo Goldbears Gummies** are always a hit and come in fun, colorful shapes.

Would you like healthier snack options or something more indulgent?",positive,Pirate's Booty; Lay's; Doritos; Haribo
108,"That sounds great! For a fun and delicious snack to enjoy with your kids, I recommend trying **Goldfish Crackers** by Pepperidge Farm. They come in fun shapes and flavors like Cheddar, Parmesan, or Flavor Blasted Cheddar, making snack time both tasty and entertaining. 

If you're looking for something a bit sweeter, consider **Nature Valley Chewy Granola Bars** or **Welch's Fruit Snacks** — both are kid-friendly and portable. 

Would you like options that are healthier, gluten-free, or perhaps something more indulgent?",positive,Goldfish Crackers; Pepperidge Farm; Nature Valley; Welch's
109,"A fun and tasty snack to enjoy with your kids is the **Lay's Funyun Onion Flavored Rings**. They’re crispy, flavorful, and perfect for sharing. For a sweeter option, you might try **Haribo Goldbears Gummy Bears**, which are colorful and chewy. If you're interested in a healthier but still fun snack, consider **Pirate’s Booty Aged White Cheddar Puff Corn**—delicious and cheesy! Let me know if you'd like more suggestions or specific dietary options.",positive,Lay's; Haribo; Pirate’s Booty
110,"A fun snack for kids could be the **Goldfish Crackers** by Pepperidge Farm—they're colorful, cheesy, and always a hit. Another great option is the **Fruit Roll-Ups** by General Mills, which are fruity and fun to roll up and eat. If you're looking for something a bit healthier, try **Annie's Organic Bunny Fruit Snacks**—they're delicious and made with organic ingredients. Would you like suggestions for allergy-friendly options or snacks suitable for a specific age?",positive,Goldfish Crackers; Pepperidge Farm; Fruit Roll-Ups; General Mills; Annie's Organic Bunny Fruit Snacks
111,"A fun and tasty snack for kids is the **Lay's Wavy Original Potato Chips**—they're crispy and delicious! For a sweet option, you might enjoy **Haribo Goldbears Gummy Bears**, which are colorful and chewy. If you're looking for something more unique, try **BarkThins Dark Chocolate Almonds**—they're a delightful mix of chocolate and nuts that kids often love. Would you like more suggestions based on specific preferences like healthy options or allergy-friendly snacks?",positive,Lay's; Haribo; BarkThins
112,"That sounds like a great idea! For a fun and kid-friendly snack, I recommend trying **Tony's Pizza Snacks**—they're mini pizza bites that are delicious and perfect for kids. Another popular option is **Goldfish Crackers** by Pepperidge Farm; they come in various fun flavors like Cheddar and Italiano. If you're looking for something sweet, **Haribo Goldbears** gummy bears are always a hit. Would you like a specific type of snack, like crunchy, sweet, or savory?",positive,Tony's Pizza Snacks; Goldfish Crackers; Haribo Goldbears
113,"For a fun snack to enjoy with your kids, I recommend trying **Goldfish Crackers** by Pepperidge Farm. They come in a variety of fun shapes and flavors, like Cheddar or Colors, which kids love. Another great option is **Fruit by the Foot** by General Mills—it's a chewy, colorful fruit snack that kids find exciting. If you're looking for something a little healthier, **Annie's bunny graham crackers** are always a hit with kids and are made with organic ingredients. Would you like more suggestions based on specific preferences or dietary needs?",positive,Goldfish Crackers; Pepperidge Farm; Fruit by the Foot; General Mills; Annie's
114,"That sounds like a great idea! For a fun and tasty snack to enjoy with your kids, I recommend trying the **Goldfish Crackers** by Pepperidge Farm. They come in a variety of fun shapes and flavors, like Cheddar or Colors, which kids love. 

Another popular option is the **Gold Emblem Abound Fruit Snacks**, which are colorful, fruity, and perfect for a quick, sweet treat. 

If you're interested in something a bit healthier but still fun, consider **Bear Yoyo Fruit Snacks** by Yoplait — they are chewy, fruity, and come in fun bear shapes.

Would you like suggestions for a specific type of snack or any dietary considerations?",positive,Pepperidge Farm; Gold Emblem Abound; Yoplait
115,"A fun and popular snack for kids is the **Goldfish Crackers** by Pepperidge Farm. They come in various fun shapes and flavors, like Cheddar or Whole Grain, and are a great crunchy, cheesy treat. 

Another great option is **Fruit Snacks** like the **Welch's Fruit Snacks** or **Haribo Goldbears Gummy Bears**, which are colorful and appealing to kids.

For a healthier yet fun option, try **Annie's Organic Bunny Fruit Snacks** or **Crunchies Organic Fruit Crisps**.

Would you like suggestions for specific dietary preferences or any other type of snack?",positive,Goldfish Crackers; Pepperidge Farm; Welch's Fruit Snacks; Haribo Goldbears Gummy Bears; Annie's Organic Bunny Fruit Snacks; Crunchies Organic Fruit Crisps
116,"A fun snack for kids can be both tasty and entertaining! I recommend trying **Goldfish Crackers** by Pepperidge Farm—specifically, the **Goldfish Cheddar Crackers**. They come in fun fish shapes and are a classic favorite. 

If you're looking for something a bit more colorful, **Fruit Gushers** by General Mills are a fruity, chewy snack kids love, with a burst of juice in each bite. 

For a healthier option, consider ** Annie’s Organic Bunny Fruit Snacks**, which are colorful, fun-shaped, and made with organic ingredients.

Would you like suggestions for specific dietary needs or themes, like allergy-friendly or themed packaging?",positive,Goldfish Crackers; Pepperidge Farm; Fruit Gushers; General Mills; Annie’s Organic
117,"That's great! For a fun and tasty snack to enjoy with your kids, I recommend trying **Oreos** by Nabisco—specifically, the classic **Oreo Chocolate Sandwich Cookies**. They’re a favorite for kids and perfect for dunking in milk or enjoying on their own.

If you're looking for something a bit more colorful and playful, **Welch's Fruit Snacks** are a healthy and fun option. The **Welch's Mixed Fruit Snacks** come in fun shapes and vibrant flavors that kids love.

For a crunchy and sweet treat, **Lay's Classic Potato Chips** or **Lay's Wavy Original** are always a hit.

Would you like options that are healthier, allergy-friendly, or perhaps something sweet and chocolaty?",positive,Oreos; Nabisco; Welch's; Lay's
118,"That sounds like a great idea! For a fun and tasty snack to enjoy with your kids, I recommend trying **Goldfish Cheddar Crackers** by Pepperidge Farm. They are cheesy, crispy, and come in fun shapes that kids love. 

Another popular option is **Fruit Snacks by Welch’s** — their gummy fruit snacks are colorful, flavorful, and made with real fruit juice, making them both fun and a bit more wholesome.

If you're looking for something sweet, **Oreos** by Nabisco are always a hit, or you could try **Mini Rice Krispies Treats** by Kellogg’s for a chewy, sweet snack.

Would you like something healthier, or maybe a specific type of snack?",positive,Goldfish Cheddar Crackers; Pepperidge Farm; Fruit Snacks; Welch’s; Oreos; Nabisco; Mini Rice Krispies Treats; Kellogg’s
119,"A fun and tasty snack for kids is the **Planters Cheez Balls**. They're cheesy, crunchy, and sure to bring a smile to your kids' faces. Another popular choice is the **Haribo Goldbears Gummy Bears**, which are colorful and fruity. If you're looking for something a bit healthier but still fun, try **Bear Yoyos** by Welch’s—these are fruit snacks shaped like cute animals. Would you like more suggestions or specific dietary options?",positive,Planters; Haribo; Welch’s
120,"A fun and tasty snack for kids could be the **Lay's Doritos Flamin' Hot Chips** — they’re spicy and flavorful, perfect for a little bit of excitement. For a sweet option, try **Haribo Goldbears Gummy Bears**; they’re colorful, chewy, and always a hit. 

If you want something healthier but still fun, consider **Quaker Rice Krispies Treats** in fun shapes or flavors, or **Fruit by the Foot** for a chewy, fruity snack. 

Would you like me to recommend specific brands for healthier options or any particular dietary preferences?",positive,Lay's; Doritos; Haribo; Quaker; Rice Krispies; Fruit by the Foot
121,"A fun snack for kids could be the **Goldfish Baked Cheddar Crackers** by Pepperidge Farm. They come in fun shapes and are cheesy and tasty, making snack time enjoyable. 

Another great option is the **Nature's Bakery Fig Bar**, which comes in various fruit flavors like raspberry and fig, providing a sweet, chewy treat that's also somewhat nutritious. 

If you're looking for something colorful and interactive, consider **Fruit Gushers** by General Mills, which are fruit-flavored chewy candies with fun bursts of juice inside.

Would you like suggestions for healthier snacks, gluten-free options, or anything specific?",positive,Goldfish; Pepperidge Farm; Nature's Bakery; Fruit Gushers; General Mills
122,"That sounds like a great idea! For a fun and tasty snack to enjoy with your kids, I recommend trying **Lay's Funyun Onion Rings** for a crunchy, savory treat, or **Goldfish Cheddar Crackers** by Pepperidge Farm for a cheesy, kid-friendly option. 

If you're looking for something sweet, **Haribo Goldbears Gummy Bears** are always a hit, or you might enjoy **M&M's Chocolate Candies** by Mars for a colorful and delicious snack. 

Would you like suggestions for healthier options or themed/snack packs?",positive,Lay's; Funyun; Goldfish; Pepperidge Farm; Haribo; M&M's; Mars
123,"A fun and tasty snack for kids could be the **Lay's Stax Potato Chips** for a crunchy treat, but for something more playful, I recommend **Goldfish Baked Snack Crackers** in the Cheddar flavor—it's both fun and cheesy! 

If you're looking for something sweet, the **Haribo Goldbears Gummy Bears** are always a hit, or you might enjoy the **Welch's Fruit Snacks** for a fruity, colorful option.

Would you prefer something savory or sweet?",positive,Lay's Stax; Goldfish; Haribo Goldbears; Welch's
124,"A fun and popular snack to enjoy with your kids is **Skittles Original Candy** by Mars. They come in a variety of bright, colorful flavors that kids love, making snack time both tasty and visually appealing. 

If you're looking for something a bit more interactive, you might also consider **Goldfish Cheddar Crackers** by Pepperidge Farm. They are fun to eat, cheesy, and come in fun shapes that kids enjoy.

For a healthier option, **Annie’s Organic Bunny Fruit Snacks** are a tasty, fruit-flavored treat that kids love and are made with organic ingredients.

Would you like suggestions for a specific type of snack, such as something sweet, savory, or healthy?",positive,Skittles; Mars; Goldfish; Pepperidge Farm; Annie’s
125,"A fun and tasty snack to enjoy with your kids is the **Goldfish Crackers** by Pepperidge Farm. They come in fun shapes and flavors like Cheddar, Whole Grain, or Flavor Blasted Xtra Cheddar, making snack time both delicious and entertaining. 

Another great option is **Fruit by the Foot** by General Mills, which adds a fruity, chewy treat to your kids' snack lineup. If you're looking for something healthier, try **Veggie Straws** by Calbee, which are crispy and colorful veggie-based snacks.

Would you like suggestions for specific dietary needs or snack types?",positive,Goldfish Crackers; Pepperidge Farm; Fruit by the Foot; General Mills; Veggie Straws; Calbee
126,"A fun and tasty snack for kids could be the **Tony's Chocolonely Milk Chocolate Bars**—they come in fun flavors and colorful packaging that kids love. For a healthier option, consider ** Annie's Organic Bunny Fruit Snacks**—they are shaped like bunnies and come in fruity flavors, making snack time both fun and nutritious. 

If you're looking for something crunchy and playful, **Pirate's Booty Aged White Cheddar Rice & Corn Puffs** are a great choice—they're cheesy and light, perfect for kids. Would you like recommendations for a specific type of snack, such as sweet, savory, or allergy-friendly options?",positive,Tony's Chocolonely; Annie's Organic; Pirate's Booty
127,"That sounds like a great idea! Here are some fun snack options your kids might enjoy:

1. **Goldfish Crackers (Goldfish by Pepperidge Farm)** – These cheesy, fish-shaped crackers are a classic favorite and come in fun shapes and flavors.
2. **Nature's Bakery Fig Bars** – Delicious and portable, these fruit-filled bars are both tasty and somewhat nutritious.
3. **Nature Valley Granola Bars** – Crunchy and sweet, they come in various flavors like Oats 'n Honey and Peanut Butter.
4. **Haribo Goldbears Gummies** – Colorful gummy bears that are fun to eat and come in fruity flavors.
5. **Cheetos Flamin' Hot Puffs (Frito-Lay",positive,Pepperidge Farm; Nature's Bakery; Nature Valley; Haribo; Frito-Lay
128,"A fun and tasty snack for kids could be the ""Goldfish Crackers"" by Pepperidge Farm. They come in fun shapes and are available in various flavors like Cheddar or Colors, making snack time both enjoyable and flavorful. Another great option is ""Fruit by the Foot"" by General Mills, which offers a sweet, chewy fruit snack that kids love. If you're looking for something a bit healthier, consider "" Annie’s Organic Bunny Fruit Snacks."" Would you like suggestions for specific dietary preferences or other types of snacks?",positive,Goldfish Crackers; Pepperidge Farm; Fruit by the Foot; General Mills; Annie’s Organic
129,"A fun and tasty snack for kids is the **Jolly Rancher Chewy Candy**. They come in bright, fruity flavors and are easy to share. For a healthier option, you might enjoy **Bare Snacks Apple Chips** — they’re crispy, naturally sweet, and made from real apples. If your kids love something cheesy, try **Cheddar Jack Goldfish Crackers** by Pepperidge Farm — they’re cheesy, crunchy, and always a hit! Would you like more options or specific dietary considerations?",positive,Jolly Rancher; Bare Snacks; Goldfish; Pepperidge Farm
130,"A fun and tasty snack for kids could be the **Lay's Original Potato Chips** for a classic crunch, or for something a bit more exciting, try **Frito-Lay Flamin' Hot Cheetos** for a spicy kick. If you're looking for something sweet, the **Haribo Goldbears Gummy Bears** are a colorful and chewy treat that kids love. 

For a healthier option, consider **Blue Diamond Almonds Whole Natural** or **Annie's Organic Snack Mix** for a mix of fun, crunchy, and wholesome snacks. 

Would you like a specific type of snack, like sweet, salty, or something healthier?",positive,Lay's; Frito-Lay; Cheetos; Haribo; Blue Diamond; Annie's
131,"That sounds like a great idea! For a fun and tasty snack to enjoy with your kids, I recommend trying the **Lay's PlayStation Chips** for a fun themed snack, or if you're looking for something sweet, **Haribo Goldbears Gummy Bears** are always a hit. 

If you want something interactive, consider **Fruit Roll-Ups** by General Mills, which kids can peel and eat, or **Nature Valley Granola Bars** for a crunchy, portable option. 

For a classic fun snack, **Cheez-It Crackers** by Kellogg's are always a favorite. Would you like suggestions for healthy options or more indulgent treats?",positive,Lay's; PlayStation; Haribo; General Mills; Fruit Roll-Ups; Nature Valley; Cheez-It; Kellogg's
132,"A fun and tasty snack to enjoy with your kids is the **Goldfish Crackers by Pepperidge Farm**. They come in a variety of fun shapes and flavors, such as Cheddar or Colors, and are a kid-friendly, cheesy snack that everyone loves. Another great option is **Fruit by the Foot** or **Fruit Roll-Ups** from Betty Crocker, which add a fruity, chewy fun factor. If you're looking for something a bit healthier, consider **Annie's Organic Bunny Fruit Snacks**. Would you like more suggestions or specific dietary options?",positive,Goldfish Crackers; Pepperidge Farm; Fruit by the Foot; Fruit Roll-Ups; Betty Crocker; Annie's Organic Bunny Fruit Snacks
133,"A fun snack for kids could be the classic **Goldfish Original Crackers** by Pepperidge Farm—it's a hit with many children! If you're looking for something a bit more colorful and interactive, try **Fruit by the Foot** by General Mills or **Welch's Fruit Snacks** for a sweet, chewy option. For a healthier twist, consider **Annie's Bunny Fruit Snacks** or **Nature's Bakery Fig Bars**. Would you like suggestions for any specific dietary needs or flavor preferences?",positive,Pepperidge Farm; General Mills; Welch's; Annie's; Nature's Bakery
134,"A fun and tasty snack you might enjoy with your kids is the **Pirate's Booty Aged White Cheddar Puffed Rice Snacks**. They're cheesy, crunchy, and fun to eat, plus they contain no artificial preservatives or colors. 

Another great option is **Fruit Roll-Ups by General Mills**, which come in colorful, fruity flavors and can be rolled up for a fun snack time activity.

For a healthier option, consider ** Annie's Organic Bunny Grahams**—they're adorable animal-shaped graham crackers that kids love.

Would you like suggestions for specific dietary needs or preferences?",positive,Pirate's Booty; General Mills; Annie's
135,"That sounds like a great idea! For a fun and tasty snack to enjoy with your kids, I recommend trying **Goldfish Crackers** by Pepperidge Farm. They come in fun shapes and flavors like Cheddar, Colors, and Pretzel, making snack time both delicious and entertaining. 

If you're looking for something a bit sweeter, **Haribo Goldbears** gummy bears are always a hit with kids. Or, for a healthier option, consider **Annie's Organic Bunny Fruit Snacks**, which are both fun and made with organic ingredients.

Would you like ideas for themed snacks, healthier options, or perhaps something specific like a snack pack or a particular flavor?",positive,Goldfish Crackers; Pepperidge Farm; Haribo Goldbears; Annie's Organic
136,"A great fun snack for kids is the **Haribo Goldbears Gummy Bears**. They come in bright, colorful shapes that kids love, and the fruity flavors make them a tasty treat. Another popular option is the **Nature's Bakery Fig Bar** in flavors like raspberry or chocolate chip, which are both fun to eat and a bit healthier. If you're looking for something crunchy, **Cheez-It Original Cheese Crackers** by Kellogg’s are always a hit. Would you like suggestions for healthier options or specific dietary considerations?",positive,Haribo; Nature's Bakery; Cheez-It; Kellogg’s
137,"A fun and tasty snack for kids could be the **Welch's Fruit Snacks**. They come in fun shapes and flavors like Mixed Fruit and Gummy Fruits, making snack time both delicious and entertaining. 

If you're looking for something crunchy, consider **Cheez-It Original Crackers** by Kellogg’s, which are cheesy and crispy, or the **Goldfish Cheddar Crackers** by Pepperidge Farm, known for their fun fish shape and cheesy flavor.

For a healthier option, you might try **Annie’s Organic Bunny Fruit Snacks** or **Stretch Island Fruit Leather**.

Would you like suggestions for a specific type of snack or any dietary considerations?",positive,Welch's; Cheez-It; Kellogg’s; Goldfish; Pepperidge Farm; Annie’s; Stretch Island
138,"A fun snack to enjoy with your kids is the **Goldfish Crackers** by Pepperidge Farm. They come in a variety of flavors like Cheddar, Classic Cheddar, and Flavor Blasted Xtra Cheddar, which are both tasty and kid-friendly. For a sweet option, consider **Welch's Fruit Snacks** or **Haribo Goldbears Gummies**; they are colorful, chewy, and sure to bring smiles. 

If you're looking for something interactive, you might also try **Fruit Roll-Ups** by Fruit by the Foot, which can be rolled and shaped for added fun. Let me know if you'd like more suggestions based on their preferences!",positive,Goldfish Crackers; Pepperidge Farm; Welch's; Haribo; Fruit Roll-Ups; Fruit by the Foot
139,"A fun and tasty snack to enjoy with your kids is the **Fruit Roll-Ups by Betty Crocker**. They come in fun shapes and flavors like strawberry and grape, making snack time both delicious and entertaining. 

Another great option is the **Goldfish Crackers** by Pepperidge Farm—especially the Cheddar or Colors varieties. They are crunchy, cheesy, and loved by kids.

For a healthier but still fun option, try **Annie’s Organic Bunny Fruit Snacks** or **Justin’s Nut Butter Packets** paired with apple slices or bananas for a sweet, nutritious combo.

Would you like suggestions for specific dietary needs or themed snacks?",positive,Betty Crocker; Fruit Roll-Ups; Pepperidge Farm; Goldfish Crackers; Annie’s Organic; Justin’s Nut Butter
140,"A fun and tasty snack for kids is the **Welch's Fruit Snacks**. They come in colorful, kid-friendly shapes and flavors like Strawberry, Mixed Fruit, and Berry. They're made with real fruit and are a great little treat to enjoy together.

If you're looking for something a bit more playful, you might also try **Goldfish Crackers** by Pepperidge Farm. They come in fun shapes like fish and are available in flavors like Cheddar or Whole Grain.

For a sweet and crunchy option, **Nature's Bakery Fig Bars** are delicious and come in fun flavors like Strawberry and Blueberry.

Would you like suggestions for healthier options or specific dietary needs?",positive,Welch's; Goldfish; Pepperidge Farm; Nature's Bakery
141,"A fun and tasty snack for kids could be **Planters Cheez Balls**. They are crunchy, cheesy, and come in a playful round shape that kids love. Another great option is **Fruit by the Foot** fruit snacks from General Mills, which are colorful, flavorful, and easy to eat on the go. If you're looking for something healthier, consider **Annie's Organic Bunny Fruit Snacks**—they're made with organic ingredients and come in fun bunny shapes. Would you like more options or specific dietary considerations?",positive,Planters; General Mills; Annie's
142,"That sounds great! For a fun and kid-friendly snack, I recommend trying **Fruit Roll-Ups** by General Mills or **Gushers** by General Mills, which are colorful and tasty. If you're looking for something crunchy, **Goldfish Crackers** by Pepperidge Farm are a hit with kids. For a sweet treat, **Skittles** by Mars or **M&M's** by Mars are always popular. 

If you'd like a healthier option, consider ** Annie’s Organic Bunny Fruit Snacks** or **Veggie Chips** by Terra. 

Would you like suggestions for a specific type of snack (sweet, savory, healthy), or do you have any dietary preferences?",positive,Fruit Roll-Ups; Gushers; Goldfish Crackers; Skittles; M&M's; Annie’s Organic Bunny Fruit Snacks; Veggie Chips
143,"A fun and tasty snack for kids could be **Fruit by the Foot** by General Mills, which is a colorful and fruity rolled snack that kids love. Another popular choice is **Goldfish Crackers** by Pepperidge Farm—they’re cheesy, crunchy, and perfect for snacking. If you're looking for something sweet, **Haribo Goldbears** gummy bears are always a hit. For a healthier option, try **Annie’s Organic Bunny Fruit Snacks** or **Stretch Island Fruit Leather**. Would you like suggestions for specific dietary needs or flavor preferences?",positive,Fruit by the Foot; General Mills; Goldfish Crackers; Pepperidge Farm; Haribo Goldbears; Annie’s Organic Bunny Fruit Snacks; Stretch Island Fruit Leather
144,"That sounds great! For a fun and tasty snack to enjoy with your kids, I recommend trying **Lay's Stax Original Potato Crisps** — they're fun to eat because they stack up like mini cups, and they're quite crunchy and flavorful. 

If you're looking for something sweet, **Haribo Goldbears Gummies** are always a hit with kids, offering a colorful and chewy treat.

For a healthier option, you might enjoy **Pirate's Booty Aged White Cheddar Puffed Rice & Corn Snacks**, which are light, cheesy, and fun to munch on.

Would you like more suggestions based on dietary preferences or specific flavors?",positive,Lay's Stax; Haribo Goldbears; Pirate's Booty
145,"A fun and tasty snack for kids could be the Kellogg's Froot Loops Cereal. It's colorful, sweet, and perfect for a quick snack. If you're looking for something portable, consider the Welch's Fruit Snacks, which come in fun shapes and great flavors. For a healthier option, Annie's Organic Bunny Fruit Snacks are also a hit with kids. Would you like suggestions for specific types or any dietary considerations?",positive,Kellogg's; Welch's; Annie's Organic
146,"A fun and tasty snack for kids is the **Silly Snacks by Annie's Organics**. They offer colorful, organic snack packs that include bunny-shaped graham crackers and fruit snacks, perfect for kids to enjoy. 

Alternatively, you might enjoy **Fruit by the Foot** by General Mills or **Fruit Roll-Ups** by Kellogg's—both come in fun, colorful packaging and are a hit with kids.

If you're looking for something a bit healthier and still fun, try **Hippeas Organic Chickpea Puffs** in flavors like Vegan White Cheddar or Sriracha, which are crunchy and kid-friendly.

Would you like options that are more sweet, savory, or perhaps allergy-friendly?",positive,Silly Snacks by Annie's Organics; Fruit by the Foot; General Mills; Fruit Roll-Ups; Kellogg's; Hippeas Organic Chickpea Puffs
147,"A fun and tasty snack to enjoy with your kids is the **Goldfish Cheddar Crackers** by Pepperidge Farm. They come in fun shapes and are a favorite among children, plus they’re baked with real cheese. 

For a sweet option, you might try **Haribo Goldbears** gummy bears, which are colorful and fruity, making snack time even more exciting.

If you're interested in something a bit healthier but still fun, consider **Veggie Straws** by Sensible Portions—they come in various flavors and are a crunchy, colorful alternative to traditional chips.

Would you like some ideas for themed snack packs or specific dietary options?",positive,Goldfish Cheddar Crackers; Pepperidge Farm; Haribo Goldbears; Sensible Portions; Veggie Straws
148,"That sounds great! For a fun and kid-friendly snack, I recommend trying **Goldfish Crackers** by Pepperidge Farm. They come in fun shapes and flavors like Cheddar or Colors, making snack time both tasty and entertaining. 

Another popular option is **Fruit Snacks** like **Welch’s Fruit Snacks** or **Haribo Goldbears Gummies**, which are colorful and fruity—perfect for kids.

If you're looking for something a bit healthier but still fun, consider **Veggie Straws** by Sensible Portions or **Seaweed Snacks** from SeaSnax, which add a unique flavor and crunch.

Would you like suggestions for specific dietary needs or themes (like organic, gluten-free, or allergy-friendly)?",positive,Goldfish Crackers; Pepperidge Farm; Welch’s Fruit Snacks; Haribo Goldbears Gummies; Sensible Portions; SeaSnax
149,"That sounds great! For a fun snack with kids, I recommend trying **Fudgee-Os Cookies by Little Debbie**. They are delicious, crispy, and have a fun, kid-friendly flavor. Another popular choice is **Fruit Snacks by Annie's Organic**, which come in fun shapes and are made with natural ingredients. If you're looking for something sweet and playful, **Haribo Goldbears Gummy Bears** are always a hit. Would you like more options or suggestions for specific dietary needs?",positive,Little Debbie; Annie's Organic; Haribo
150,"A fun snack for kids could be the **Welch's Fruit Snacks**. They come in fun shapes and flavors like Mixed Fruit and Gummy Bears, making snack time both tasty and entertaining. Another great option is the **Haribo Goldbears Gummy Bears**, which are colorful and chewy, perfect for kids. If you're looking for something a bit healthier, try **Veggie Straws by Garden Veggie Snacks**, which are crispy and fun to munch on. Would you like suggestions for specific themes or dietary preferences?",positive,Welch's; Haribo; Garden Veggie Snacks
151,"That sounds great! For a fun and tasty snack to enjoy with your kids, I recommend trying the **Lay's Stax Potato Chips** for a crunchy treat. If you're looking for something sweet, **Haribo Goldbears Gummies** are always a hit with kids. 

For a healthier option, consider ** Annie's Organic Bunny Fruit Snacks** — they're fun, fruity, and made with organic ingredients. 

If you want a classic snack with a twist, you might enjoy **Nature's Path Organic Gorilla Munch Cereal** as a fun, crunchy cereal snack.

Would you like more suggestions or specific dietary options?",positive,Lay's Stax; Haribo Goldbears; Annie's Organic; Nature's Path
152,"That sounds great! For a fun and kid-friendly snack, I recommend trying **Mini Oreo Thins**—they're delicious and perfect for little hands. Another fun option is **Goldfish Cheddar Crackers** by Pepperidge Farm, which are both tasty and easy to munch on. If your kids love something sweet, **Haribo Goldbears** gummy bears are always a hit. For a healthier twist, you might enjoy **Annie's Organic Bunny Fruit Snacks**. Let me know if you'd like more suggestions or specific dietary options!",positive,Oreo; Pepperidge Farm; Haribo; Annie's Organic
153,"That sounds great! For a fun and kid-friendly snack, I recommend trying **Goldfish Crackers by Pepperidge Farm**. They come in fun shapes and flavors like Cheddar, Colors, and Puffs, which kids love. 

If you're looking for something sweet, **Skittles** by Mars are colorful and fruit-flavored, making snack time more exciting. 

For a healthier option, consider **Nature's Bakery Fig Bars**—they're tasty, chewy, and made with real fruit.

Would you like more suggestions based on dietary preferences or specific flavors?",positive,Goldfish Crackers; Pepperidge Farm; Skittles; Mars; Nature's Bakery
154,"A fun and tasty snack for kids is the **Fruity Pebbles Treats** by Post Consumer Brands. These are colorful rice cereal treats that are both sweet and crunchy, making them perfect for kids to enjoy. 

Another great option is **Goldfish Colors Crackers** by Pepperidge Farm, which come in vibrant colors and are fun to eat while being a cheesy snack.

If you're looking for something sweet, consider **Little Debbie Cosmic Brownies**—they're delicious, fudgy brownies with colorful candy toppings that kids love.

Would you like more specific suggestions based on dietary preferences or snack type?",positive,Post Consumer Brands; Pepperidge Farm; Little Debbie
155,"That sounds like a great idea! For a fun snack to enjoy with your kids, I recommend trying the **Frito-Lay Doritos Nacho Cheese Tortilla Chips**. They’re flavorful, colorful, and always a hit with kids. 

If you're looking for something sweet, consider the **Haribo Goldbears Gummy Bears**—they're chewy, fruity, and fun to eat. 

For a healthier option, you might enjoy **Annie's Organic Bunny Fruit Snacks**, which are both tasty and made with organic ingredients.

Would you like more suggestions based on dietary preferences or snack type?",positive,Frito-Lay; Doritos; Haribo; Annie's Organic
156,"That sounds great! If you're looking for a fun and kid-friendly snack, I recommend trying **Funky Monkey Dried Fruit Snacks**. They come in playful shapes and flavors like banana, mango, and apple, making snack time both tasty and entertaining. 

Another fun option is **Kellogg's Rice Krispies Treats** in fun seasonal or themed packaging, which kids love to eat and even help make if you'd like a fun activity.

If you want something more interactive, consider **Gummy Bears by Haribo** or **Welch's Fruit Snacks**, which are colorful, chewy, and come in various fruit flavors that kids enjoy.

Would you like options that are healthier, more indulgent, or perhaps themed for a special occasion?",positive,Funky Monkey Dried Fruit Snacks; Kellogg's Rice Krispies Treats; Haribo; Welch's Fruit Snacks
157,"A fun snack for kids can be both tasty and engaging! I recommend trying Fruit Roll-Ups by General Mills for a colorful, chewy treat. Another great option is the Welch’s Fruit Snacks, which come in fun shapes and flavors. If your kids enjoy crunchy snacks, consider Cheddar Bunnies by Annie’s Organic or Goldfish Crackers by Pepperidge Farm—they're both popular and kid-friendly. For a sweet, interactive snack, you might also try making DIY mini pizzas with pita bread, marinara sauce, cheese, and fun toppings. Would you like suggestions for healthy snacks or more indulgent options?",positive,General Mills; Welch’s; Annie’s Organic; Pepperidge Farm
158,"A fun and tasty snack for kids could be the **Goldfish Cheddar Crackers** by Pepperidge Farm. They are cheesy, crunchy, and come in fun shapes that kids love. Another great option is **Fruit by the Foot** by General Mills, which offers a sweet, chewy fruit snack that's easy to enjoy on the go. If you're looking for something a bit healthier, try ** Annie's Organic Bunny Fruit Snacks**—they're colorful, fun, and made with organic ingredients. Would you like more options or suggestions for specific dietary needs?",positive,Goldfish Cheddar Crackers; Pepperidge Farm; Fruit by the Foot; General Mills; Annie's Organic
159,"A fun and tasty snack to enjoy with your kids is the **Haribo Goldbears Gummies**. They're colorful, fruity, and loved by children of all ages. If you're looking for something a bit more interactive, you might also enjoy **Fruit by the Foot** by General Mills—it's a chewy fruit snack you can roll up and eat. For a healthier option, consider ** Annie's Organic Bunny Fruit Snacks**, which are fun and made with organic ingredients. Would you like more options or specific dietary considerations?",positive,Haribo; General Mills; Annie's
160,"A fun and popular snack to enjoy with kids is the **Goldfish Crackers** by Pepperidge Farm. They come in various flavors like Cheddar, Colors, and Parmesan, and their fun fish shape makes snack time more enjoyable. Another great option is **Fruit by the Foot** by General Mills, which adds a sweet and chewy treat to your kids' snack lineup. If you're looking for something with a bit of a twist, try **Pirate's Booty Aged White Cheddar** puffed rice and corn snacks—light, cheesy, and fun to eat!",positive,Goldfish Crackers; Pepperidge Farm; Fruit by the Foot; General Mills; Pirate's Booty Aged White Cheddar
161,"That sounds great! For a fun and kid-friendly snack, I recommend trying **Goldfish Crackers** by Pepperidge Farm. They come in fun shapes and flavors like Cheddar, Colors, and Flips, making snack time both tasty and entertaining. 

If you're looking for something sweet, **Haribo Goldbears** gummy bears are always a hit with kids, or you might enjoy **Nature's Bakery Fig Bars** for a healthier option.

Would you like suggestions for healthy snacks, sweet treats, or something else?",positive,Goldfish Crackers; Pepperidge Farm; Haribo Goldbears; Nature's Bakery
162,"A fun and popular snack to enjoy with kids is the **Goldfish Baked Snack Crackers** by Pepperidge Farm. They come in fun shapes and delicious flavors like Cheddar or Parmesan, making snack time both tasty and entertaining. 

Another great option is **Oreos** by Nabisco—these classic cookies are always a hit with children. For a healthier fun snack, you might try **Annie's Organic Bunny Fruit Snacks**, which are colorful, fruity, and made with organic ingredients.

Would you like suggestions for specific dietary needs or flavor preferences?",positive,Goldfish Baked Snack Crackers; Pepperidge Farm; Oreos; Nabisco; Annie's Organic Bunny Fruit Snacks
163,"A fun and tasty snack to enjoy with your kids is the **Goldfish Cheddar Crackers** by Pepperidge Farm. They come in fun shapes and are a kid-favorite, offering cheesy flavor in a crispy bite. If you're looking for something a bit healthier, you might also try **Nature's Bakery Fig Bars**—they're delicious, portable, and made with wholesome ingredients. For a sweet treat, **Haribo Goldbears** gummy bears are always a hit! Would you like suggestions for specific dietary needs or flavors?",positive,Goldfish Cheddar Crackers; Pepperidge Farm; Nature's Bakery; Fig Bars; Haribo; Goldbears
164,"That sounds like a great idea! If you're looking for a fun snack to enjoy with your kids, I recommend trying **Fruit by the Foot** by General Mills. It's a colorful, fruity rolled snack that's both tasty and entertaining to unroll and eat. 

Another fun option is **Oreos** by Nabisco—kids love twisting them apart and licking the creamy filling. For a healthier but still fun option, you might try **Welch's Fruit Snacks** or ** Annie's Organic Bunny Fruit Snacks**, which come in fun shapes and flavors.

If you're interested in something crunchy, **Cheetos Flamin' Hot Puffs** by Frito-Lay are a spicy, cheesy treat that kids often find exciting, but just be mindful of",positive,Fruit by the Foot; General Mills; Oreos; Nabisco; Welch's Fruit Snacks; Annie's Organic Bunny Fruit Snacks; Cheetos Flamin' Hot Puffs; Frito-Lay
165,"A fun and popular snack to enjoy with kids is the **Goldfish Cheddar Crackers** by Pepperidge Farm. They come in bright, colorful packaging and are shaped like fish, making them both tasty and entertaining for kids. 

If you're looking for something sweet, you might consider **Haribo Goldbears Gummies**—they are fruity, chewy, and loved by children. 

For a healthier option, **Annie's Organic Bunny Fruit Snacks** are a fun, fruity treat made with organic ingredients that kids enjoy.

Would you like suggestions for specific dietary preferences or themed snacks?",positive,Goldfish Cheddar Crackers; Pepperidge Farm; Haribo Goldbears Gummies; Annie's Organic Bunny Fruit Snacks
166,"That sounds like a great idea! For a fun and tasty snack to enjoy with your kids, I recommend trying the **Lay's Flamin' Hot Potato Chips** for some spicy crunch, or the **Goldfish Cheddar Crackers** for a cheesy, kid-friendly option. 

If you're looking for something sweet, the **Haribo Goldbears Gummy Bears** are always a hit, or you could try **M&M's Chocolate Candies** for a colorful, chocolatey treat.

For a healthier, fun snack, consider **Annie's Organic Bunny Fruit Snacks** or **Capri Sun Fruit Punch Juice Pouches**.

Would you like more suggestions based on specific preferences like healthier options, gluten-free, or allergy-friendly snacks?",positive,Lay's; Goldfish; Haribo; M&M's; Annie's; Capri Sun
167,"That sounds like a great idea! For a fun and kid-friendly snack, I recommend trying **Goldfish Crackers** by Pepperidge Farm. They're cheesy, crunchy, and come in fun shapes that kids love. Another popular option is **Fruit by the Foot** by General Mills, which offers a chewy, fruity treat that's easy to enjoy on the go. 

If you're looking for something a bit healthier but still fun, consider **Annie's Organic Bunny Fruit Snacks** or **Wholesome Organic Fruit Snacks** by Nature's Path, which are made with organic ingredients and come in playful shapes.

Would you like suggestions for a specific dietary preference or theme (e.g., gluten-free, organic, themed snacks)?",positive,Goldfish Crackers; Pepperidge Farm; Fruit by the Foot; General Mills; Annie's Organic; Wholesome Organic; Nature's Path
168,"That sounds like a great idea! For a fun and kid-friendly snack, I recommend trying Doritos Nacho Cheese Flavored Tortilla Chips for a crunchy, cheesy treat. If your kids prefer something sweet, Skittles Original Fruit Candy offers a colorful and flavorful option. 

For a healthier fun snack, you might enjoy Annie's Organic Bunny Fruit Snacks—they're delicious and made with natural ingredients. 

Would you like suggestions for specific dietary needs or snack types?",positive,Doritos; Skittles; Annie's Organic
169,"A fun and tasty snack to enjoy with your kids is the **Haribo Goldbears Gummy Bears**. They come in a variety of fruity flavors and are colorful and chewy, making them a hit with kids. 

If you prefer something crunchy, you might try **Cheetos Crunchy Flamin' Hot** for a spicy, cheesy snack that kids often love (if they enjoy a little heat). 

For a healthier option, consider **Annie's Organic Bunny Fruit Snacks**—they're fruity, fun-shaped, and made with organic ingredients.

Would you like more suggestions based on snack type or dietary preferences?",positive,Haribo; Cheetos; Annie's
170,"That sounds great! A fun snack for kids could be the **Fruit by the Foot** by General Mills—it's colorful, chewy, and perfect for kids. Alternatively, you might enjoy **Goldfish Crackers** by Pepperidge Farm, especially the Cheddar or Colors varieties, which are both tasty and fun to eat. 

For a healthier option, try **Annie's Organic Bunny Fruit Snacks** or **Capri Sun** juice pouches for easy, on-the-go refreshment. 

Would you like suggestions for specific dietary preferences or themes?",positive,Fruit by the Foot; General Mills; Goldfish Crackers; Pepperidge Farm; Annie's Organic; Capri Sun
171,"That sounds like a great idea! For a fun and tasty snack to enjoy with your kids, I recommend trying **Fruit Roll-Ups by Betty Crocker**—they come in fun flavors and are easy to eat. Another popular choice is **Goldfish Crackers** by Pepperidge Farm, especially the Cheddar variety, which are crunchy and kid-friendly. If you're looking for something sweet, **Reese's Peanut Butter Cups Minis** by Hershey are always a hit. For a healthier option, consider **Annie's Organic Bunny Fruit Snacks**. Would you like more suggestions based on a specific type of snack or dietary preference?",positive,Betty Crocker; Pepperidge Farm; Hershey; Annie's Organic
172,"A fun and tasty snack for kids could be the ""Goldfish Crackers"" by Pepperidge Farm. They come in a variety of fun shapes and flavors, like Cheddar or Colors, making snack time both delicious and entertaining. Another great option is ""Fruit by the Foot"" by General Mills, which adds a fun, chewy fruit experience. For a healthier option, try Annie's Organic Bunny Fruit Snacks—they're colorful and kid-friendly. Would you like suggestions for specific types, dietary considerations, or snack ideas for a particular occasion?",positive,Pepperidge Farm; General Mills; Annie's
173,"A fun and tasty snack to enjoy with your kids is the **Fruity Pebbles Marshmallow Treats** by Post Consumer Brands. These treats combine the colorful crunch of Fruity Pebbles cereal with gooey marshmallows, making them both delicious and visually appealing for kids. 

Another great option is **Welch's Fruit Snacks**—they come in fun shapes and fruity flavors that kids love. For a crunchy snack, consider **Pirate's Booty Aged White Cheddar**—light, cheesy, and fun to eat.

If you're looking for something healthier but still fun, try **Annie's Organic Bunny Grahams** or **Hippeas Organic Chickpea Puffs**—they're colorful, tasty, and kid-friendly",positive,Post Consumer Brands; Fruity Pebbles; Welch's; Pirate's Booty; Annie's; Hippeas
174,"That sounds like a great idea! For a fun and kid-friendly snack, I recommend trying **Goldfish Crackers** by Pepperidge Farm—they come in fun shapes and flavors like Cheddar and Colors. Another popular option is **Teddy Grahams** by Kellogg's, which are adorable bear-shaped graham crackers available in different flavors.

If you're looking for something sweet, **Cadbury Dairy Milk Chocolate Bars** or **M&M's** by Mars are always a hit with kids. For a healthier fun snack, consider **Annie's Organic Bunny Grahams** or **Seaweed Snacks** for a savory option.

Would you like suggestions for specific dietary preferences or age-appropriate options?",positive,Goldfish Crackers; Pepperidge Farm; Teddy Grahams; Kellogg's; Cadbury Dairy Milk Chocolate Bars; M&M's; Mars; Annie's Organic Bunny Grahams; Seaweed Snacks
175,"A fun and tasty snack to enjoy with your kids is the **Haribo Goldbears Gummy Bears**. They come in vibrant colors and fruity flavors, making snack time both delicious and entertaining. 

If you're looking for something a bit healthier but still fun, you might try **Smartfood White Cheddar Popcorn** — it's flavorful and has a fun crunchy texture that kids love.

Would you like recommendations for specific dietary needs or other types of snacks?",positive,Haribo; Smartfood
176,"That sounds great! For a fun and tasty snack to enjoy with your kids, I recommend trying **Goldfish Cheddar Crackers** by Pepperidge Farm. They're cheesy, crunchy, and shaped like fish, which kids love. 

If you're looking for something a bit healthier but still fun, consider ** Annie's Organic Bunny Fruit Snacks**—they're colorful, fruity, and made with organic ingredients. 

For a sweet treat, **Haribo Goldbears Gummies** are always a hit with kids and come in a fun bear shape. 

Would you like suggestions for specific dietary needs or preferences?",positive,Goldfish Cheddar Crackers; Pepperidge Farm; Annie's Organic Bunny Fruit Snacks; Haribo Goldbears Gummies
177,"That sounds like a great idea! For a fun and tasty snack to enjoy with your kids, I recommend trying **Goldfish Crackers** by Pepperidge Farm. They come in fun shapes and various flavors like Cheddar or Color Blasted, which kids love. Another popular option is **Fruit Snacks** such as **Welch's Fruit Snacks** or **Mott's Medleys**, which are both tasty and fruit-filled. For something sweet and playful, you might also consider **Oreos** or **Hershey's Milk Chocolate Bars**. 

Would you like suggestions for healthy options or more indulgent treats?",positive,Goldfish Crackers; Pepperidge Farm; Welch's Fruit Snacks; Mott's Medleys; Oreos; Hershey's
178,"A fun and tasty snack for kids could be the **Haribo Goldbears Gummy Bears**. They come in bright colors and fruity flavors that kids love. Another great option is the **Popcornopolis Zebra Popcorn** — a sweet and crunchy treat with a fun zebra stripe pattern that kids find exciting. If you're interested in healthier options, try **Veggie Straws by Sensible Portions**—they're colorful, crunchy, and made with vegetables. Would you like some suggestions for themed or allergy-friendly snacks as well?",positive,Haribo; Popcornopolis; Sensible Portions
179,"A fun snack for kids could be the **Haribo Goldbears Gummies**. They come in a colorful variety of flavors and are a classic favorite for children. Another great option is **Funtainers Fruit Snacks** by Welch's, which are individually wrapped and come in fun shapes like stars and animals. If you're looking for something a bit healthier but still fun, try **Frozen Fruit Bar Snacks by Annie's**—they're organic and come in playful shapes too. Would you like suggestions for specific dietary needs or themes?",positive,Haribo; Welch's; Annie's
180,"That sounds like a great idea! For a fun and tasty snack to enjoy with your kids, I recommend trying **Goldfish Cheddar Crackers** by Pepperidge Farm. They are colorful, cheesy, and kid-friendly. 

Another fun option is **Organ's Veggie Straws**, which come in various flavors like original or sweet potato, and add a bit of crunch while sneaking in some vegetables.

If you're looking for something sweet, **Welch's Fruit Snacks** or **Mott's Medleys** gummies are always a hit with kids.

Would you like suggestions for healthy snacks, sweet treats, or something specific?",positive,Goldfish Cheddar Crackers; Pepperidge Farm; Organ's Veggie Straws; Welch's Fruit Snacks; Mott's Medleys
181,"That sounds great! For a fun and tasty snack to enjoy with your kids, I recommend trying **Goldfish Crackers** by Pepperidge Farm. They come in fun shapes and flavors like Cheddar, Colors, and Baked Cheddar, making snack time both delicious and entertaining. 

If you're interested in something sweeter, you might enjoy **Haribo Goldbears** gummy bears, which are colorful and chewy, perfect for a fun treat. 

For a healthier option, consider **Veggie Straws** by Calbee — they come in various flavors and are a crunchy, kid-friendly snack.

Would you like suggestions for specific dietary preferences or any other type of snack?",positive,Goldfish Crackers; Pepperidge Farm; Haribo Goldbears; Calbee; Veggie Straws
182,"A fun and tasty snack to enjoy with your kids is the **Haribo Goldbears Gummy Bears**. They come in bright colors and fruity flavors, making snack time both delicious and entertaining. Another great option is **Cheez-It Crackers**—they're crispy, cheesy, and perfect for little hands. If you're looking for a healthier option, try **Annie's Organic Bunny Fruit Snacks**, which are fun shaped and made with organic ingredients. Would you like recommendations for specific dietary needs or flavors?",positive,Haribo; Cheez-It; Annie's Organic
183,"A fun and tasty snack to enjoy with your kids is the **Frito-Lay Doritos Nacho Cheese Chips**. They’re flavorful, crispy, and a classic favorite among kids. For a sweeter option, you might try **Haribo Goldbears Gummy Bears**, which are colorful and chewy. If you're looking for something portable and healthy, **FoodShouldTasteGood Multigrain Tortilla Chips** paired with guacamole or salsa could be a great choice. Would you like recommendations for specific dietary needs or snack types?",positive,Frito-Lay; Doritos; Haribo; FoodShouldTasteGood
184,"That sounds great! For a fun snack to enjoy with your kids, I recommend trying **Goldfish Crackers** by Pepperidge Farm. They come in a variety of fun shapes and flavors like Cheddar and Pretzel, making snack time both tasty and entertaining. 

Another popular option is **Fruit by the Foot** by General Mills — a colorful, chewy fruit snack that kids love. If you're looking for something a bit healthier, **Annie's Organic Bunny Fruit Snacks** are a fun, fruit-flavored treat made with organic ingredients.

Would you like suggestions for specific flavors or dietary preferences?",positive,Goldfish Crackers; Pepperidge Farm; Fruit by the Foot; General Mills; Annie's Organic Bunny Fruit Snacks
185,"A fun and tasty snack for kids could be the **Welch's Fruit Snacks**. They come in fun shapes and a variety of flavors like Mixed Fruit, Strawberry, and Tropical. They're made with real fruit and are a hit with kids for their chewy texture and sweet taste.

Another great option is the **Goldfish Cheddar Crackers** by Pepperidge Farm. They’re crunchy, cheesy, and come in fun fish shapes that kids love.

If you're looking for something more playful, you might enjoy **Fruit by the Foot** by General Mills — a colorful, fruity roll that kids can unroll and enjoy.

Would you like me to suggest some healthier options or specific brands?",positive,Welch's Fruit Snacks; Goldfish Cheddar Crackers; Pepperidge Farm; Fruit by the Foot; General Mills
186,"A fun and tasty snack for kids is the **Frito-Lay Doritos Nacho Cheese Tortilla Chips**. They come in a vibrant orange bag and are a favorite among children for their bold flavor and crunch. 

If you're looking for something sweet, you might enjoy **Haribo Goldbears Gummy Bears**—they're colorful, chewy, and always a hit with kids.

For a healthier option, consider **Pirate's Booty Aged White Cheddar Puffed Rice Snacks**—they're cheesy, fun to eat, and made with natural ingredients.

Would you like suggestions for specific dietary needs or themed snacks?",positive,Frito-Lay; Doritos; Haribo; Goldbears; Pirate's Booty
187,"A fun snack to enjoy with your kids is the **Goldfish Baked Snack Crackers** by Pepperidge Farm. They come in fun shapes and flavors like Cheddar and Colors, making snack time both tasty and entertaining. Another great option is the **Kellogg's Rice Krispies Treats**—they're chewy, sweet, and perfect for sharing. If you're looking for something a bit healthier, try the **Annie's Organic Bunny Fruit Snacks**, which are colorful and fruit-flavored, making snack time both fun and nutritious.",positive,Goldfish; Pepperidge Farm; Kellogg's; Rice Krispies; Annie's
188,"That sounds great! For a fun and tasty snack to enjoy with your kids, I recommend trying the **Goldfish Crackers** by Pepperidge Farm. They come in fun shapes and flavors like Cheddar, Whole Grain, and Flavor Blasted Xtra Cheddar, making snack time both enjoyable and cheesy. 

If you're looking for something sweet, **Haribo Goldbears** gummy bears are always a hit with kids — colorful, chewy, and fruity. 

For a healthier option, you might enjoy **Booty Snacks Pirate’s Booty Aged White Cheddar** puffs, which are cheesy and light.

Would you like more suggestions based on dietary preferences or specific tastes?",positive,Goldfish Crackers; Pepperidge Farm; Haribo Goldbears; Booty Snacks; Pirate’s Booty Aged White Cheddar
189,"For a fun and kid-friendly snack, I recommend trying **Lay's Stax Potato Crisps** in the **Cheddar** flavor. They come in a fun, stackable container that's easy for kids to enjoy and are a tasty alternative to traditional potato chips. 

Another great option is **Fruit by the Foot** by General Mills, which offers a colorful and sweet fruit snack kids love to unroll and enjoy.

If you're looking for something a bit healthier, **Annie's Organic Bunny Fruit Snacks** are colorful, fun-shaped, and made with organic ingredients.

Would you like more suggestions based on specific preferences like healthier options, sweet or savory, or any dietary considerations?",positive,Lay's Stax; General Mills; Annie's Organic
190,"A fun snack for kids could be the classic **Haribo Goldbears Gummies**. They come in a variety of bright colors and fruity flavors, making snack time both tasty and visually appealing. If your kids prefer something crunchy, you might try **Lay's Classic Potato Chips** or **Cheddar Jack Doritos** for a flavorful crunch. For a healthier option, consider **Annie's Organic Bunny Fruit Snacks** or **GoGo squeeZ Applesauce Pouches**. Let me know if you'd like more specific recommendations based on dietary preferences or snack types!",positive,Haribo; Lay's; Doritos; Annie's; GoGo squeeZ
191,"A fun snack for kids could be something colorful and tasty like **Haribo Goldbears Gummy Bears**. They come in bright colors and are a classic favorite! If you're looking for a chewy, fruity option, **Trolli Sour Bright Crawlers** are also popular and have a fun, tangy flavor. For a healthier twist, you might try **Made in Nature Organic Fruit Snacks**—they're naturally sweet and come in fun shapes. Would you like suggestions for specific dietary preferences or any other type of snack?",positive,Haribo; Trolli; Made in Nature
192,"That sounds great! For a fun and tasty snack to enjoy with your kids, I recommend trying **Fruit Snacks by Welch's** or **Nature's Bakery Fig Bars**—they're both flavorful and kid-friendly. If your kids love something crunchy, **Lay's Classic Potato Chips** or **Doritos Nacho Cheese** are always hits. 

For a healthier option that's still fun, you might enjoy **Annie's Organic Bunny Grahams** or **Bear Yoyo Dipped Fruit Snacks**. 

Would you like me to suggest something specific based on your kids' taste preferences or dietary needs?",positive,Welch's; Nature's Bakery; Lay's; Doritos; Annie's Organic; Bear
193,"A fun and tasty snack for kids could be the **Goldfish Original Cheddar Crackers** by Pepperidge Farm. They are cheesy, crunchy, and come in fun fish shapes that kids love. Another great option is **Fruit by the Foot** by General Mills — it's a colorful, chewy fruit snack that kids enjoy. If you're looking for something sweet, **Welch's Fruit Snacks** are a popular choice, offering fruity flavors in fun shapes. Would you like suggestions for healthier options or specific dietary considerations?",positive,Pepperidge Farm; General Mills; Welch's
194,"A fun and tasty snack to enjoy with your kids is the **Trolli Sour Bright Crawlers** gummy worms. They're colorful, flavorful, and a hit with kids for their chewy texture and sour-sweet taste. 

Another great option is the **Goldfish Cheddar Crackers** by Pepperidge Farm. They’re crunchy, cheesy, and come in fun shapes that kids love.

If you're looking for something a bit healthier but still fun, try **Annie's Organic Bunny Fruit Snacks**—they're fruity, chewy, and made with organic ingredients.

Would you like more options or specific dietary preferences?",positive,Trolli; Goldfish; Pepperidge Farm; Annie's Organic
195,"That sounds like a great idea! For a fun and tasty snack to enjoy with your kids, I recommend trying **Goldfish Crackers** by Pepperidge Farm. They come in fun shapes and flavors like Cheddar, Colors (which are multicolored cheese crackers), and even whole grain options. They’re crunchy, cheesy, and always a hit with kids.

Another fun option is **Fruit by the Foot** from General Mills, which is a colorful, chewy fruit snack that kids love to unroll and eat.

If you're looking for something sweet, **Haribo Goldbears** gummy bears are a classic choice, or you might enjoy **Nature's Bakery Fig Bars** for a slightly healthier option.

Would you like some specific dietary options,",positive,Goldfish Crackers; Pepperidge Farm; Fruit by the Foot; General Mills; Haribo Goldbears; Nature's Bakery
196,"That sounds great! For a fun and kid-friendly snack, I recommend trying **Goldfish Flavor Blasted Xtreme Cheddar Crackers**. They're cheesy, crunchy, and always a hit with kids. Another fun option is **Fruit by the Foot** by Kellogg's, which is a colorful, chewy fruit snack that kids love to unroll and enjoy. 

If you're looking for something sweet, **Haribo Goldbears Gummies** are a classic and fun gummy candy that kids enjoy. For a healthier option, consider **Annie's Organic Bunny Fruit Snacks** — they're tasty and made with organic ingredients.

Would you like suggestions for specific dietary needs or snack types?",positive,Goldfish; Kellogg's; Haribo; Annie's Organic
197,"A great fun snack for kids is the **Haribo Goldbears Gummy Bears**. They come in bright colors and fruity flavors, making them both tasty and visually appealing. If you're looking for something a bit healthier but still fun, you might try **Welch's Fruit Snacks**—they're colorful, sweet, and come in various fun shapes. For a crunchy option, **Lay's Wavy Original Potato Chips** are always a hit. Would you like suggestions for themed snack packs or other specific preferences?",positive,Haribo; Welch's; Lay's
198,"A fun snack for kids could be the **Planters Mini Peanut Butter & Jelly Sandwich Crackers**. They are adorable, tasty, and easy for little hands to enjoy. Another great option is the **Dora the Explorer Fruit Snacks** by Welch’s — colorful and fruit-flavored, perfect for a fun treat. If you're looking for something sweet and crunchy, try **Cheetos Flamin' Hot Puffs** by Frito-Lay for a bit of spicy fun, or **Nature Valley Chewy Granola Bars** for a more wholesome snack. Would you like suggestions for a specific type of snack or dietary considerations?",positive,Planters; Welch's; Cheetos; Frito-Lay; Nature Valley
199,"A fun and tasty snack to enjoy with your kids is the **Goldfish Crackers** by Pepperidge Farm. They come in a variety of fun shapes and flavors, like Cheddar or Colors, making snack time exciting. Another great option is **Fruit by the Foot** by General Mills, which adds a colorful, chewy treat to your day. If you're looking for something sweet, consider **Mini Oreo Cookies** by Nabisco—they're always a hit with kids!",positive,Goldfish Crackers; Pepperidge Farm; Fruit by the Foot; General Mills; Mini Oreo Cookies; Nabisco
200,"A fun and tasty snack to enjoy with your kids is the **Lay's Funyun Onion Flavored Onion Rings**. They're crispy, flavorful, and perfect for snacking. Another great option is the **Welch's Fruit Snacks**—they come in fun shapes and are made with real fruit. If you're looking for a sweet treat, the **Haribo Goldbears Gummy Bears** are always a hit with kids. Would you like suggestions for healthier options or specific dietary preferences?",positive,Lay's; Welch's; Haribo
201,"A fun and tasty snack for kids could be the **Smartfood White Cheddar Popcorn**. It's a popular favorite that offers a cheesy, crunchy treat that's sure to be a hit. Another great option is the **Fruit by the Foot** by General Mills, which is a colorful and chewy fruit snack that kids love. If you're looking for something sweet and fun, try **Haribo Goldbears** gummy bears—brightly colored and always a hit with children. Would you like gluten-free, organic, or any specific dietary options?",positive,Smartfood; General Mills; Haribo
202,"That sounds like a great idea! For a fun and kid-friendly snack, I recommend trying **Goldfish Crackers** by Pepperidge Farm—these cheesy crackers are always a hit with kids. If you're looking for something a bit sweeter, **Nature's Bakery Fig Bars** are tasty and portable. For a healthier option, ** Annie's Organic Bunny Fruit Snacks** are colorful, fun, and made with natural ingredients. Would you like more suggestions based on dietary preferences or specific flavors?",positive,Goldfish Crackers; Pepperidge Farm; Nature's Bakery; Annie's Organic
203,"That sounds great! If you're looking for a fun snack to enjoy with your kids, I recommend trying **Lay's Doritos Flavored Tortilla Chips** for a crunchy, cheesy treat, or **Goldfish Cheddar Crackers** for a cheesy, fun snack that's easy to munch on. 

For a sweet option, you might enjoy **Haribo Goldbears Gummy Bears** or **Skittles Original Fruity Candy**—they're colorful and perfect for kids. 

If you're interested in healthier options, **Made in Nature Organic Dried Mango Slices** or **KIND Kids Granola Bars** are tasty and nutritious choices.

Would you like snack ideas for a specific type (sweet, savory, healthy)?",positive,Lay's; Doritos; Goldfish; Haribo; Skittles; Made in Nature; KIND
204,"That sounds like a great idea! For a fun snack to enjoy with your kids, I recommend trying **Pirate's Booty Aged White Cheddar Puffed Rice & Corn Snacks**. They are cheesy, crunchy, and have a fun shape that kids love. 

If you're looking for something sweet, **Haribo Goldbears Gummy Bears** are always a hit with kids and come in a variety of fruity flavors. 

For a healthier option, you might enjoy **Annie's Organic Bunny Fruit Snacks**, which are fun, fruity, and made with organic ingredients.

Would you like more suggestions or specific dietary options?",positive,Pirate's Booty; Haribo; Annie's Organic
205,"A fun and tasty snack for kids could be the **Goldfish Cheddar Crackers** by Pepperidge Farm. They come in fun fish shapes and have a cheesy flavor that kids love. 

If you're looking for something sweet, consider **Haribo Goldbears Gummy Bears**—they're colorful, chewy, and always a hit with kids. 

For a healthier option, you might try **Simple Mills Almond Flour Crackers** with a side of hummus or cheese. 

Would you like more options or specific dietary considerations?",positive,Goldfish Cheddar Crackers; Pepperidge Farm; Haribo Goldbears; Simple Mills
206,"A fun and tasty snack for kids could be the ""Goldfish Cheddar Crackers"" by Pepperidge Farm. They come in a fun fish shape and are a hit with children. Another great option is the ""Fruit Snacks"" by Welch’s, like their Grape or Mixed Fruit varieties, which are both tasty and convenient. If you're looking for something a bit more interactive, consider the ""Nature Valley Granola Bars"" — they come in fun flavors like Peanut Butter or Oats 'n Honey and are easy for kids to enjoy. Would you like me to recommend a specific flavor or suggest some healthy alternatives?",positive,Pepperidge Farm; Welch’s; Nature Valley
207,"A fun and tasty snack to enjoy with your kids is the **Goldfish Baked Snack Crackers** by Pepperidge Farm. They come in fun shapes and flavors like Cheddar or Colors, making snack time both enjoyable and colorful. Another great option is **Cheez-It** by Kellogg's, which offers a crunchy, cheesy snack that kids love. If you're looking for something a bit healthier but still fun, try **Veggie Straws** by Barbara's or **Hippeas Organic Chickpea Puffs** for a crunchy, flavorful treat. Let me know if you'd like more suggestions!",positive,Goldfish; Pepperidge Farm; Cheez-It; Kellogg's; Veggie Straws; Barbara's; Hippeas
208,"That sounds like a great idea! For a fun and tasty snack to enjoy with your kids, I recommend trying **Goldfish Crackers** by Pepperidge Farm. They come in fun shapes and flavors like Cheddar and Flavor Blasted Xtra Cheddar, making snack time both enjoyable and satisfying.

Another popular option is **Fruit by the Foot** by General Mills, which offers a colorful, fruity, and chewy treat that kids love.

If you're looking for something a bit healthier but still fun, consider **Veggie Straws** by Sensible Portions — they come in fun flavors like sea salt or ranch and have a crunchy texture that kids enjoy.

Would you like recommendations for specific dietary needs or flavors?",positive,Goldfish Crackers; Pepperidge Farm; Fruit by the Foot; General Mills; Veggie Straws; Sensible Portions
209,"That sounds like a great idea! If you're looking for a fun snack to enjoy with your kids, I recommend trying some of the following popular options:

1. **Goldfish Crackers** – Goldfish by Pepperidge Farm are always a hit with kids. The Cheddar flavor is classic, but they also have fun shapes like pretzels and colorful COLORFISH.

2. **Fruit Snacks** – Welch's Fruit Snacks or Annie's Organic Bunny Fruit Snacks are delicious and come in fun shapes that kids love.

3. **Animal-Shaped Cookies** – Pepperidge Farm Milano Cookies or Keebler Animal Cookies are both tasty and playful.

4. **Yogurt Tubes** – GoGurt by General Mills or Yoplait",positive,Goldfish; Pepperidge Farm; Welch's; Annie's; Keebler; GoGurt; General Mills; Yoplait
210,"A fun and tasty snack for kids could be the **Goldfish Cheddar Crackers** by Pepperidge Farm. They come in fun shapes and are loved by children for their cheesy flavor. Another great option is **Fruit by the Foot** by General Mills, which offers a colorful, sweet, and chewy fruit snack that kids enjoy. If you're looking for something a little healthier but still fun, try **Annie's Organic Bunny Grahams** in honey flavor—these are adorable bunny-shaped graham crackers that kids love. Would you like more options or specific dietary preferences?",positive,Goldfish Cheddar Crackers; Pepperidge Farm; Fruit by the Foot; General Mills; Annie's Organic Bunny Grahams
211,"That sounds great! A fun snack for kids could be the **Goldfish Crackers by Pepperidge Farm**. They come in fun shapes and flavors like Cheddar or Parmesan, making snack time both tasty and entertaining. 

Another popular choice is **Fruit by the Foot** by General Mills, which adds a fruity, chewy element to snack time. 

If you're looking for something sweet and colorful, try **Dum Dums Lollipops** by Spangler Candy Company—they come in lots of fun flavors and are perfect for a quick treat.

Would you like more options or something specific like healthy snacks or allergy-friendly choices?",positive,Pepperidge Farm; General Mills; Spangler Candy Company
212,"A fun snack to enjoy with your kids is the **Funky Monkey Organic Fruit & Veggie Snacks**. These are delicious, bite-sized snacks made from real fruit and vegetables, and they come in fun shapes that kids love. 

Another great option is the ** fruit roll-ups like Fruit by the Foot** — it’s colorful, easy to peel, and perfect for a playful snack.

If you're looking for something cheesy, **Cheddar Bunnies by Annie's** are a hit with kids and are made with organic ingredients.

Would you like suggestions for healthier options, sweet treats, or something specific like gluten-free or allergy-friendly snacks?",positive,Funky Monkey Organic Fruit & Veggie Snacks; Fruit by the Foot; Cheddar Bunnies; Annie's
213,"A fun snack for kids could be the **Goldfish Crackers by Pepperidge Farm** — they are colorful, cheesy, and easy to munch on. Another great option is **Fruit by the Foot** by General Mills, which comes in fun, fruity rolls that kids enjoy unrolling and eating. If you're looking for something sweet, **Welch's Grape Jelly Beans** or **Haribo Goldbears Gummy Bears** are popular choices. Would you like healthier snack options or something more indulgent?",positive,Pepperidge Farm; Goldfish; General Mills; Fruit by the Foot; Welch's; Haribo
214,"A fun and tasty snack for kids could be the **Nature's Own Honey Wheat Bread with a side of peanut butter and jelly** for making mini sandwiches. For a more playful option, try **Goldfish Cheddar Crackers**—they're colorful and easy to munch on. 

If you're looking for something sweet, **Haribo Goldbears Gummy Bears** are always a hit. For a healthier choice, consider **Annie's Organic Bunny Fruit Snacks**, which are fun-shaped and made with organic ingredients.

Would you like some ideas for themed snack packs or specific dietary considerations?",positive,Nature's Own; Goldfish; Haribo; Annie's Organic
215,"A fun and tasty snack you might enjoy with your kids is the **Lay's Stax Potato Chips** in the classic Original flavor. They come in a convenient can and are easy to share. 

If you're looking for something a bit sweeter, consider **Haribo Goldbears Gummy Bears**—they're colorful, chewy, and loved by kids. 

For a healthier option, you might try **Back to Nature Organic Veggie Thins** or **Hippeas Organic Chickpea Puffs**—both are delicious and nutritious.

Would you like me to recommend a specific snack based on your kids' preferences or dietary needs?",positive,Lay's Stax; Haribo Goldbears; Back to Nature; Hippeas
216,"That sounds like a great idea! For a fun and kid-friendly snack, I recommend trying **Pirate's Booty Aged White Cheddar Puffed Corn**. It's crunchy, cheesy, and has a fun pirate-themed branding that kids love. 

Another popular option is **Goldfish Cheddar Crackers** by Pepperidge Farm. They come in fun shapes and are a classic favorite among kids.

If you're looking for something sweet, **Haribo Goldbears** gummy bears are always a hit and come in fun, colorful packaging.

Would you like healthier options or something specific like allergy-friendly snacks?",positive,Pirate's Booty; Goldfish; Pepperidge Farm; Haribo
217,"That sounds like a great idea! For a fun and tasty snack to enjoy with your kids, I recommend trying **Lay's Doritos Nacho Cheese Flavored Tortilla Chips**. They're crunchy, cheesy, and sure to be a hit with kids. 

If you're looking for something sweeter, you might enjoy **Haribo Goldbears Gummy Bears**—they're colorful, chewy, and always a fun treat.

For a healthier option, consider **Annie's Organic Bunny Grahams**—they come in fun bunny shapes and have a delicious honey flavor.

Would you like options for specific dietary needs or a particular type of snack?",positive,Lay's; Doritos; Haribo; Annie's
218,"A fun snack to enjoy with your kids is the **Haribo Goldbears Gummy Candy**. They're colorful, chewy, and popular among children. If you're looking for something a little more unique, you might try **Fruit by the Foot** by General Mills—it's a fruity, fun-to-eat snack that's perfect for kids. For a healthier option, consider ** Annie's Organic Bunny Fruit Snacks**—they're made with real fruit and come in adorable bunny shapes. Would you like suggestions for specific flavors or dietary preferences?",positive,Haribo; General Mills; Annie's
219,"A fun and tasty snack for kids could be the **Goldfish Crackers** by Pepperidge Farm. They come in fun shapes and flavors like Cheddar and Whole Grain, making snack time both enjoyable and somewhat nutritious. 

Another great option is **Fruit by the Foot** by General Mills, which offers a fruity, chewy treat that kids love. 

For a healthier yet fun snack, try **Annie's Organic Bunny Fruit Snacks**—they come in cute bunny shapes and are made with real fruit juice.

Would you like more options or specific dietary considerations?",positive,Goldfish Crackers; Pepperidge Farm; Fruit by the Foot; General Mills; Annie's Organic
220,"That sounds like a great idea! For a fun and kid-friendly snack, I recommend trying **Fruit by the Foot** by General Mills. It's a colorful, chewy fruit snack that kids love. Another fun option is **Goldfish Crackers** by Pepperidge Farm—available in various flavors like Cheddar or Whole Grain. If you're looking for something sweet, **Haribo Goldbears** gummy bears are always a hit. 

Would you prefer something savory, sweet, or perhaps a mix of both?",positive,Fruit by the Foot; General Mills; Goldfish Crackers; Pepperidge Farm; Haribo Goldbears
221,"A fun snack for kids could be the **Haribo Goldbears Gummy Bears**. They come in colorful shapes and flavors that kids love, and they're a classic treat. 

If you're looking for something a bit healthier but still fun, try **Welch's Fruit Snacks**—they come in various fruit shapes and flavors, and are made with real fruit.

For a more interactive snack, consider **Crunch Pak Apple Slices with Caramel Dip**—kids can enjoy fresh apple slices with a tasty caramel dip, making snack time both fun and nutritious.

Would you like options that are allergy-friendly or specific to certain flavors?",positive,Haribo; Welch's; Crunch Pak
222,"That sounds like a great idea! For a fun and kid-friendly snack, I recommend trying the **Goldfish Crackers** by Pepperidge Farm. They come in various flavors like Cheddar or Colors, which are both tasty and colorful—sure to entertain your kids. 

Another fun option is **Fruit Snacks** like the **Welch’s Fruit Snacks** or **Nature’s Best Fruit Roll-Ups** by General Mills, which are both delicious and easy to eat on the go.

If you're looking for something with a little crunch and sweetness, **Mini Rice Krispies Treats** by Kellogg’s are always a hit. 

Would you like suggestions for healthier options or specific dietary considerations?",positive,Pepperidge Farm; Welch’s; Nature’s Best; General Mills; Kellogg’s
223,"A fun and kid-friendly snack you might enjoy is the ""Goldfish Crackers"" by Pepperidge Farm. They come in fun shapes and flavors like Cheddar or Parmesan, making snack time both tasty and entertaining. Another great option is ""Fruit by the Foot"" by General Mills, which offers a sweet, fruity treat that's fun to unroll and eat. If you're looking for something a bit healthier, you might try ""Yogurt Covered Raisins"" by Sahale Snacks—they're sweet, crunchy, and enjoyable for kids. Would you like more suggestions based on specific preferences like sweet or savory?",positive,Pepperidge Farm; General Mills; Sahale Snacks
224,"That sounds great! For a fun and kid-friendly snack, I recommend trying **Smartfood White Cheddar Popcorn**. It's flavorful, crunchy, and always a hit with kids. 

If you're looking for something sweet, **Welch's Fruit Snacks** are colorful, tasty, and come in fun shapes that kids love. 

For a healthier option, you might enjoy **Annie's Organic Bunny Fruit Snacks** or **Blue Diamond Almonds** in kid-friendly flavors.

Would you like suggestions for specific dietary needs or snack themes?",positive,Smartfood; Welch's; Annie's; Blue Diamond
225,"That sounds like a great idea! For a fun and kid-friendly snack, I recommend trying the **Triscuit Snack Pack with Cheese & Crackers** or **Goldfish Crackers by Pepperidge Farm**. 

If your kids enjoy healthier options, you might like **Babybel Mini Cheese Wheels** or **Annie's Organic Bunny Grahams**. 

For something sweet, **Nature Valley Granola Bars** or **Welch’s Fruit Snacks** are always popular choices. 

Would you like suggestions for specific dietary needs or flavor preferences?",positive,Triscuit; Goldfish; Pepperidge Farm; Babybel; Annie's; Nature Valley; Welch's
226,"That sounds like a great idea! For a fun and tasty snack to enjoy with your kids, I recommend trying **Goldfish Crackers** by Pepperidge Farm. They come in fun shapes and flavors like Cheddar and Whole Grain, which kids love. 

Another popular option is **Fruit by the Foot** by General Mills, which offers a sweet, chewy fruit snack that kids find exciting to eat. 

If you're looking for something interactive, you might also consider **Pixy Stix** by Ferrara Candy Company for a sweet, colorful treat.

Would you like suggestions for healthier options or specific flavor preferences?",positive,Goldfish Crackers; Pepperidge Farm; Fruit by the Foot; General Mills; Pixy Stix; Ferrara Candy Company
227,"A fun and tasty snack for kids could be **Frito-Lay Doritos Flamin' Hot Chips** for a spicy kick, or if they prefer something milder, **Lay's Classic Potato Chips** are always a hit. For a sweet option, you might try **Haribo Goldbears Gummy Bears** or **Welch's Fruit Snacks**. If you're looking for something interactive and fun, consider **Popcorn Indiana White Cheddar Popcorn** or **Smartfood White Cheddar Popcorn**—they're both delicious and perfect for sharing. Let me know if you'd like more specific recommendations based on your kids' preferences!",positive,Frito-Lay; Doritos; Lay's; Haribo; Welch's; Popcorn Indiana; Smartfood
228,"That sounds like a great idea! For a fun snack to enjoy with your kids, I recommend trying **Lay's Stax Potato Crisps** for a crispy, fun-to-eat experience. If your kids love cheese, **Goldfish Cheddar Crackers** are always a hit—they're cheesy, crunchy, and easy to share. 

For a sweet option, you might enjoy **Haribo Goldbears** gummy bears, which are colorful and fruity, or **M&M's Chocolate Candies** for a classic chocolate treat. 

Would you like healthier snack options, or are you looking for something more indulgent?",positive,Lay's Stax; Goldfish; Haribo; M&M's
229,"A fun snack for kids could be the **Haribo Goldbears Gummy Bears**. They come in bright colors and fruity flavors, making them both tasty and visually appealing. Another great option is the **Nature's Bakery Fig Bars**, like the Strawberry or Raspberry flavor—delicious, portable, and a little healthier. If you're looking for something crunchy, try **Cheddar Jack Crackers** by Cheez-It for a cheesy snack that kids love. Would you like more suggestions or specific dietary options?",positive,Haribo; Nature's Bakery; Cheez-It
230,"A fun snack for kids could be the **Skittles Original Fruit Candy**. They come in a variety of bright colors and fruity flavors that kids love. If you're looking for something a bit more interactive, you might enjoy the **Goldfish Cheddar Crackers**—they're cheesy, crunchy, and always a hit with children. For a healthier option, try the **Annie's Organic Bunny Fruit Snacks**—they're fruity, fun, and made with organic ingredients. Would you like more suggestions based on specific preferences or dietary needs?",positive,Skittles; Goldfish; Annie's Organic
231,"That sounds like a great idea! For a fun and kid-friendly snack, I recommend trying **Goldfish Crackers** by Pepperidge Farm. They come in fun shapes and delicious flavors like Cheddar and Parmesan. 

If you're looking for something a bit sweeter, **Nabisco Oreo Mini Cookies** are always a hit with kids and perfect for sharing.

For a healthier option, you might enjoy **Welch’s Fruit Snacks** — they come in fun shapes and fruity flavors that kids love.

Would you like more options or specific dietary considerations?",positive,Goldfish Crackers; Pepperidge Farm; Nabisco; Oreo Mini Cookies; Welch’s
232,"A fun and tasty snack for kids could be Goldfish Crackers by Pepperidge Farm—they are crunchy, cheesy, and come in fun shapes that kids love. Another great option is Annie's Organic Bunny Grahams, which are adorable and made with organic ingredients. If you're looking for something sweet, consider Welch's Fruit Snacks, which are colorful, chewy, and fruit-flavored. Would you like suggestions for healthier options or specific dietary preferences?",positive,Goldfish Crackers; Pepperidge Farm; Annie's Organic Bunny Grahams; Welch's Fruit Snacks
233,"A fun and delicious snack to enjoy with your kids is the **Funkin' Donuts Mini Donuts**. They come in a variety of fun flavors like chocolate glazed, powdered sugar, and cinnamon sugar, and are perfect for sharing. For a healthier but still fun option, you might try **Welch's Fruit Snacks** — they come in colorful, kid-friendly shapes and flavors. 

If you're looking for something interactive, consider **Nature's Path Organic Gorilla Munch Cereal**, which kids love to munch on, or **Goldfish Crackers**—the classic **Goldfish Cheddar Crackers** are always a hit.

Would you like suggestions for a specific type of snack, such as sweet, savory, or healthy options?",positive,Funkin' Donuts; Welch's; Nature's Path; Goldfish
234,"That sounds great! For a fun and kid-friendly snack, I recommend trying **Goldfish Crackers** by Pepperidge Farm—especially the classic **Goldfish Cheddar** or the colorful **Goldfish Puffs** for some extra fun. They’re cheesy, crunchy, and perfect for snacking.

If your kids enjoy something sweet, you might like **Nature Valley Granola Bars** or **Welch’s Fruit Snacks**—they come in fun shapes and flavors that kids love.

For a healthier option, consider **Annie’s Bunny Grahams** in honey or chocolate chip, which are both tasty and fun to eat.

Would you like more options based on dietary preferences or any specific flavors?",positive,Goldfish Crackers; Pepperidge Farm; Goldfish Cheddar; Goldfish Puffs; Nature Valley; Welch’s; Annie’s Bunny Grahams
235,"That sounds great! For a fun and tasty snack to enjoy with your kids, I recommend trying **Goldfish Cheddar Crackers** by Pepperidge Farm. They're cheesy, crunchy, and come in fun shapes that kids love. 

Another fun option is **Fruit by the Foot** by General Mills — a colorful, chewy fruit snack that's perfect for kids and easy to share.

If you're looking for a sweet treat, **Welch's Fruit Snacks** are a popular choice — they're fruity, chewy, and come in various fun shapes and flavors.

Would you like recommendations for healthy snacks or specific dietary preferences?",positive,Pepperidge Farm; General Mills; Welch's
236,"That sounds great! For a fun and kid-friendly snack, I recommend trying Skittles Original Fruit Candies by Mars. They come in a variety of bright colors and fruity flavors that kids love. 

Another fun option is the Welch's Fruit Snacks Gummies, which are both tasty and made with real fruit. They come in fun shapes and vibrant packaging that kids enjoy.

If you're looking for something crispy and savory, Lay's Classic Potato Chips or Doritos Nacho Cheese Flavored Tortilla Chips are always a hit with kids.

Would you like suggestions for healthier options or specific dietary considerations?",positive,Skittles; Mars; Welch's; Lay's; Doritos
237,"That sounds like a great idea! For a fun snack to enjoy with your kids, I recommend trying **Goldfish Cheddar Crackers** by Pepperidge Farm. They're cheesy, crunchy, and come in fun shapes that kids love. 

Another popular option is **Fruity Pebbles Snack Bars** by Post Consumer Brands—sweet, colorful, and easy to grab on the go. 

If you're looking for something sweet and playful, you might also enjoy **Welch's Fruit Snacks**—they come in fun shapes and are made with real fruit.

Would you like suggestions for healthier options, gluten-free choices, or specific flavor preferences?",positive,Pepperidge Farm; Post Consumer Brands; Welch's
238,"A fun snack your kids might enjoy is the **Goldfish Crackers** by Pepperidge Farm. They come in fun shapes and a variety of flavors like Cheddar or Whole Grain, making snack time both tasty and entertaining. 

Another great option is **Mini Babybel Cheese**. These individually wrapped cheese rounds are not only delicious but also fun to peel and eat.

If you're looking for something sweet, consider **Haribo Goldbears** gummy bears—they're colorful, chewy, and always a hit with kids.

Would you like more suggestions based on dietary preferences or specific flavors?",positive,Goldfish Crackers; Pepperidge Farm; Mini Babybel Cheese; Haribo Goldbears
239,"A fun and tasty snack to enjoy with your kids is the **Lay's Stax Potato Chips** in the classic flavor. They come in a convenient canister that makes snacking easier and more fun. Another great option is the **Goldfish Cheddar Crackers** by Pepperidge Farm—they’re crunchy, cheesy, and always a hit with kids. For a sweet treat, you might try **Haribo Goldbears Gummies**—colorful and fruity gummies loved by kids of all ages. Would you like a specific dietary option or snack type?",positive,Lay's; Pepperidge Farm; Haribo
240,"A fun snack for kids could be the **Goldfish Cheddar Crackers** by Pepperidge Farm—it's a classic favorite that kids love to munch on. For a sweet option, consider **Haribo Goldbears** gummy bears, which are colorful and chewy. If you're looking for something a bit healthier but still fun, try ** Annie’s Organic Bunny Fruit Snacks**; they come in fun shapes and are made with organic ingredients. Would you like suggestions for specific dietary needs or preferences?",positive,Goldfish Cheddar Crackers; Pepperidge Farm; Haribo Goldbears; Annie’s Organic
241,"That sounds great! For a fun and kid-friendly snack, I recommend trying **Goldfish Crackers** by Pepperidge Farm. They come in fun shapes and flavors like Cheddar or Colors, which kids love. 

Another popular choice is **Fruit Snacks** such as **Welch's Fruit Snacks** or **Annie's Organic Bunny Fruit Snacks**, which are both tasty and somewhat healthier options.

If you're looking for something sweet, **Oreos** or **Mini Oreo Thins** are always a hit with kids, or you could go for **Haribo Goldbears Gummy Bears** for a chewy treat.

Would you like some ideas for healthy snacks too?",positive,Goldfish Crackers; Pepperidge Farm; Welch's Fruit Snacks; Annie's Organic Bunny Fruit Snacks; Oreos; Mini Oreo Thins; Haribo Goldbears Gummy Bears
242,"That sounds great! For a fun and tasty snack to enjoy with your kids, I recommend trying the **Breyers Ben & Jerry's Ice Cream Sandwiches**—they come in fun flavors like Chocolate Chip Cookie Dough and Cherry Garcia. If you're looking for a crispy snack, you might enjoy **Pirate's Booty Aged White Cheddar Puffed Rice Snacks**, which are both fun to eat and delicious. For something sweet and colorful, **Haribo Goldbears Gummy Bears** are always a hit with kids. Let me know if you'd like more options or specific dietary preferences!",positive,Breyers; Ben & Jerry's; Pirate's Booty; Haribo
243,"That sounds great! For a fun and tasty snack to enjoy with your kids, I recommend trying the **Goldfish Cheddar Crackers** by Pepperidge Farm. They are crispy, cheesy, and come in fun shapes that kids love. 

If you're looking for something a bit sweeter, you might enjoy **Welch's Fruit Snacks** — they come in colorful, fun packaging and are made with real fruit.

For a healthier option, consider **Annie's Organic Bunny Fruit Snacks**, which are made with organic ingredients and have adorable bunny shapes.

Would you like suggestions for specific dietary needs or flavors?",positive,Goldfish; Pepperidge Farm; Welch's; Annie's Organic
244,"That sounds like a great idea! For a fun and tasty snack to enjoy with your kids, I recommend trying the **Goldfish Cheddar Crackers** by Pepperidge Farm. They are crispy, cheesy, and come in fun shapes that kids love. 

Another popular option is **Fruit by the Foot** by General Mills — these colorful, chewy fruit snacks are always a hit with kids and come in various flavors.

If you're looking for something a bit healthier but still fun, consider **Welch's Fruit Snacks** or **Annie's Organic Bunny Fruit Snacks**. 

Would you like suggestions for specific dietary needs or flavors?",positive,Pepperidge Farm; General Mills; Welch's; Annie's Organic
245,"A fun and tasty snack to enjoy with your kids is the **Lay's Stax Potato Crisps**. They come in a variety of flavors like Classic, BBQ, and Sour Cream & Onion, and the unique stackable design makes them easy for little hands to grab and enjoy. 

Another great option is the **Haribo Goldbears Gummy Bears**, which are colorful, chewy, and always a hit with kids.  

If you're looking for something healthier but still fun, try **MadeGood Soft Buffed Crisps**—they are gluten-free, minimally processed, and come in flavors like Cheddar or Tomato Basil.

Would you like more suggestions based on specific preferences or dietary needs?",positive,Lay's Stax; Haribo; MadeGood
246,"That sounds like a great idea! For a fun snack to enjoy with your kids, I recommend trying **Goldfish Cheddar Crackers** by Pepperidge Farm. They're colorful, cheesy, and loved by kids of all ages. 

If you're looking for something a bit more playful, you might enjoy **Nature's Bakery Fig Bars** — they come in fun flavors like raspberry and fig, and are a tasty, portable treat. 

For a sweet and crunchy option, consider **Kellogg's Froot Loops Cereal** — you can serve it as a snack or in fun snack mixes with marshmallows and pretzels.

Would you like some allergy-friendly or healthier options as well?",positive,Goldfish Cheddar Crackers; Pepperidge Farm; Nature's Bakery; Kellogg's; Froot Loops Cereal
247,"A fun and tasty snack to enjoy with your kids is the **Pirate's Booty Aged White Cheddar Puffed Rice & Corn Snacks**. They are cheesy, crunchy, and shaped in fun, pirate-themed puffs that kids love. 

Another great option is **Fruit by the Foot** by General Mills — a colorful, chewy fruit snack that kids find exciting to eat. 

If you're looking for something sweet, you might enjoy **Haribo Goldbears Gummy Bears** — they come in fun shapes and bright colors, making snack time more playful.

Would you like more suggestions based on dietary preferences or specific flavors?",positive,Pirate's Booty; General Mills; Haribo
248,"A fun and popular snack for kids is the **Goldfish Baked Snack Crackers** by Pepperidge Farm. They come in fun shapes and are available in various flavors like Cheddar, Colors, and Cheddar Burst. 

Another great option is **Fruit by the Foot** by General Mills, which is a chewy fruit snack that kids love. 

For a healthier yet fun treat, you might try ** Annie's Organic Bunny Fruit Snacks** or **Stretch Island Fruit Leather**.

Would you like suggestions for specific flavors or dietary preferences?",positive,Goldfish; Pepperidge Farm; Fruit by the Foot; General Mills; Annie's; Stretch Island
249,"A fun snack for kids is the **Welch's Fruit Snacks**. They come in colorful, playful packaging and are made with real fruit, making them both tasty and somewhat nutritious. Another great option is the **Goldfish Cheddar Crackers** by Pepperidge Farm—these are cheesy, crunchy, and always a hit with kids. 

If you're looking for something a bit more interactive, try **NatureBox’s Gone Bananas** — dried banana chips that are naturally sweet and fun to snack on. For a sweet treat, **Haribo Goldbears Gummy Bears** are a classic favorite that kids love.

Would you like options for healthier snacks, or maybe something allergen-friendly?",positive,Welch's; Goldfish; Pepperidge Farm; NatureBox; Haribo
250,"A fun and tasty snack for kids is the ""Goldfish Crackers"" by Pepperidge Farm. They come in a variety of fun shapes and flavors, like Cheddar or Colors, making snack time both enjoyable and colorful. Another great option is ""Fruit Snacks"" like Welch's Fruit Snacks, which are sweet, chewy, and come in fun shapes. For a healthier option, you might consider ""Veggie Straws"" by Sensible Portions, which are crunchy and flavorful while providing some veggie goodness. Would you like more suggestions or specific dietary options?",positive,Goldfish Crackers; Pepperidge Farm; Welch's; Fruit Snacks; Sensible Portions; Veggie Straws